id,state_key,bucket,joint_key,setup_class,hypothesis_name,dataset_type,phase,n_trades,ev_r_net,ev_r_gross,median_r,p95_r,p99_r,max_r,min_r,tail_3r_rate,tail_5r_rate,tail_10r_rate,avg_mfe_r,avg_mae_r,avg_exit_efficiency,avg_cost_drag_r,finding_type,confidence_score,evidence_json,source_path,created_at
0e643e627a6234c512794aa0eebc40ba0ef094e4,csi_x_oi,entry_state_csi_pctile_b3__entry_state_oi_accel_pctile_b0,,,l1_h11a_volatile,volatile,,23,-1.378453396641348,-1.3465059269347823,,0.8415296717098988,1.4861178278161409,1.642302627546,-4.062846781617,0.0,0.0,0.0,1.384166176391,1.9405432795741304,-25.30175240429891,0.0319474697065652,FRAGILE_STATE,,"{""avg_cost_drag_r"": 0.0319474697065652, ""avg_exit_efficiency"": -25.30175240429891, ""avg_fee_drag_r"": 0.0319474697064976, ""avg_mae_r"": 1.9405432795741304, ""avg_mfe_r"": 1.384166176391, ""avg_r_loss"": -1.7151526854965995, ""avg_r_win"": 0.8662085290603333, ""avg_slippage_drag_r"": 0.0159898295268996, ""avg_spread_drag_r"": NaN, ""bucket"": ""entry_state_csi_pctile_b3__entry_state_oi_accel_pctile_b0"", ""cost_drag_to_ev_ratio"": -0.023176314690367, ""dataset_type"": ""volatile"", ""ev_r_gross"": -1.3465059269347823, ""ev_r_net"": -1.378453396641348, ""experiment_id"": ""b59f82c3-ea8b-4ae2-b31e-b59e5497824e"", ""experiment_root"": ""outputs/tier2/l1_h11a_parallel_vol"", ""finding_score"": -4.396772832005455, ""finding_type"": ""FRAGILE_STATE"", ""hypothesis_id"": ""4f534213-d8ba-48e0-87ce-9b2985954148"", ""hypothesis_name"": ""l1_h11a_volatile"", ""max_r"": 1.642302627546, ""median_mae_r"": 1.671927134868, ""median_mfe_r"": 0.961408435473, ""median_r_net"": -1.528285720544, ""min_r"": -4.062846781617, ""n_trades"": 23, ""p25_r"": -2.496859517826, ""p75_r"": -0.5380313795895, ""p95_r"": 0.8415296717098988, ""p99_r"": 1.4861178278161409, ""payoff_ratio"": 0.5050328967123613, ""sample_score"": 3.1780538303479458, ""state_variable"": ""csi_x_oi"", ""tail_10r_count"": 0, ""tail_10r_rate"": 0.0, ""tail_2r_count"": 0, ""tail_2r_rate"": 0.0, ""tail_3r_count"": 0, ""tail_3r_rate"": 0.0, ""tail_5r_count"": 0, ""tail_5r_rate"": 0.0, ""weak_sample"": false, ""win_rate"": 0.1304347826086956}",research/state_findings/tier2/l1_h11a_combined_state_findings.csv,2026-06-23T01:08:35+00:00
2221c4188eada4aab6007e55f838771697690622,csi_x_oi,entry_state_csi_pctile_b3__entry_state_oi_accel_pctile_b0,,,l1_h11a_volatile,volatile,,23,-1.3784533966,-1.3465059269,,0.8415296717,1.4861178278,1.6423026275,-4.0628467816,0.0,0.0,0.0,1.3841661764,1.9405432796,-25.3017524043,0.0319474697,FRAGILE_STATE,,"{""avg_cost_drag_r"": 0.0319474697, ""avg_exit_efficiency"": -25.3017524043, ""avg_fee_drag_r"": 0.0319474697, ""avg_mae_r"": 1.9405432796, ""avg_mfe_r"": 1.3841661764, ""avg_r_loss"": -1.7151526855, ""avg_r_win"": 0.8662085291, ""avg_slippage_drag_r"": 0.0159898295, ""avg_spread_drag_r"": null, ""bucket"": ""entry_state_csi_pctile_b3__entry_state_oi_accel_pctile_b0"", ""cost_drag_to_ev_ratio"": -0.0231763147, ""dataset_type"": ""volatile"", ""ev_r_gross"": -1.3465059269, ""ev_r_net"": -1.3784533966, ""experiment_id"": ""b59f82c3-ea8b-4ae2-b31e-b59e5497824e"", ""experiment_root"": ""outputs/tier2/l1_h11a_parallel_vol"", ""finding_score"": -4.396772832, ""finding_type"": ""FRAGILE_STATE"", ""hypothesis_id"": ""4f534213-d8ba-48e0-87ce-9b2985954148"", ""hypothesis_name"": ""l1_h11a_volatile"", ""max_r"": 1.6423026275, ""median_mae_r"": 1.6719271349, ""median_mfe_r"": 0.9614084355, ""median_r_net"": -1.5282857205, ""min_r"": -4.0628467816, ""n_trades"": 23, ""p25_r"": -2.4968595178, ""p75_r"": -0.5380313796, ""p95_r"": 0.8415296717, ""p99_r"": 1.4861178278, ""payoff_ratio"": 0.5050328967, ""sample_score"": 3.1780538303, ""state_variable"": ""csi_x_oi"", ""tail_10r_count"": 0, ""tail_10r_rate"": 0.0, ""tail_2r_count"": 0, ""tail_2r_rate"": 0.0, ""tail_3r_count"": 0, ""tail_3r_rate"": 0.0, ""tail_5r_count"": 0, ""tail_5r_rate"": 0.0, ""weak_sample"": false, ""win_rate"": 0.1304347826}",research/state_findings/tier2/l1_h11a_combined_state_findings.json,2026-06-23T01:08:35+00:00
1028b27d63916e32f954baee85639e08ec0df1b1,funding_x_oi,entry_state_funding_pctile_b2__entry_state_oi_accel_pctile_b2,,,l1_h11a_stable,stable,,42,-1.3602781849,-1.2140244995,,-0.4457223016,0.3679084774,0.7032184033,-2.7855306487,0.0,0.0,0.0,1.2503709077,1.691167585,-38.8265844675,0.1462536854,FUNDING_EXTREME_AVOID_STATE,,"{""avg_cost_drag_r"": 0.1462536854, ""avg_exit_efficiency"": -38.8265844675, ""avg_fee_drag_r"": 0.1462536854, ""avg_mae_r"": 1.691167585, ""avg_mfe_r"": 1.2503709077, ""avg_r_loss"": -1.41060737, ""avg_r_win"": 0.7032184033, ""avg_slippage_drag_r"": 0.0731318404, ""avg_spread_drag_r"": null, ""bucket"": ""entry_state_funding_pctile_b2__entry_state_oi_accel_pctile_b2"", ""cost_drag_to_ev_ratio"": -0.1075174821, ""dataset_type"": ""stable"", ""ev_r_gross"": -1.2140244995, ""ev_r_net"": -1.3602781849, ""experiment_id"": ""36021d7e-455c-4270-b3ab-ec633b06cb05"", ""experiment_root"": ""outputs/tier2/l1_h11a_parallel_stable"", ""finding_score"": 5.1162784663, ""finding_type"": ""FUNDING_EXTREME_AVOID_STATE"", ""hypothesis_id"": ""4f534213-d8ba-48e0-87ce-9b2985954148"", ""hypothesis_name"": ""l1_h11a_stable"", ""max_r"": 0.7032184033, ""median_mae_r"": 1.854510464, ""median_mfe_r"": 1.1678159493, ""median_r_net"": -1.5783857314, ""min_r"": -2.7855306487, ""n_trades"": 42, ""p25_r"": -1.9779972836, ""p75_r"": -0.6503372906, ""p95_r"": -0.4457223016, ""p99_r"": 0.3679084774, ""payoff_ratio"": 0.4985217136, ""sample_score"": 3.7612001157, ""state_variable"": ""funding_x_oi"", ""tail_10r_count"": 0, ""tail_10r_rate"": 0.0, ""tail_2r_count"": 0, ""tail_2r_rate"": 0.0, ""tail_3r_count"": 0, ""tail_3r_rate"": 0.0, ""tail_5r_count"": 0, ""tail_5r_rate"": 0.0, ""weak_sample"": false, ""win_rate"": 0.0238095238}",research/state_findings/tier2/l1_h11a_combined_state_findings.json,2026-06-23T01:08:35+00:00
f75516b6323fa878f166a736819fcf369aa28c62,funding_x_oi,entry_state_funding_pctile_b2__entry_state_oi_accel_pctile_b2,,,l1_h11a_stable,stable,,42,-1.360278184879762,-1.2140244995055238,,-0.44572230159045,0.3679084773546069,0.703218403303,-2.785530648689,0.0,0.0,0.0,1.2503709077399288,1.691167585033786,-38.82658446754807,0.1462536853742381,FUNDING_EXTREME_AVOID_STATE,,"{""avg_cost_drag_r"": 0.1462536853742381, ""avg_exit_efficiency"": -38.82658446754807, ""avg_fee_drag_r"": 0.1462536853742126, ""avg_mae_r"": 1.691167585033786, ""avg_mfe_r"": 1.2503709077399288, ""avg_r_loss"": -1.4106073699573902, ""avg_r_win"": 0.703218403303, ""avg_slippage_drag_r"": 0.0731318403844516, ""avg_spread_drag_r"": NaN, ""bucket"": ""entry_state_funding_pctile_b2__entry_state_oi_accel_pctile_b2"", ""cost_drag_to_ev_ratio"": -0.1075174820855969, ""dataset_type"": ""stable"", ""ev_r_gross"": -1.2140244995055238, ""ev_r_net"": -1.360278184879762, ""experiment_id"": ""36021d7e-455c-4270-b3ab-ec633b06cb05"", ""experiment_root"": ""outputs/tier2/l1_h11a_parallel_stable"", ""finding_score"": 5.11627846634519, ""finding_type"": ""FUNDING_EXTREME_AVOID_STATE"", ""hypothesis_id"": ""4f534213-d8ba-48e0-87ce-9b2985954148"", ""hypothesis_name"": ""l1_h11a_stable"", ""max_r"": 0.703218403303, ""median_mae_r"": 1.854510464013, ""median_mfe_r"": 1.16781594926, ""median_r_net"": -1.578385731377, ""min_r"": -2.785530648689, ""n_trades"": 42, ""p25_r"": -1.97799728358, ""p75_r"": -0.6503372906142499, ""p95_r"": -0.44572230159045, ""p99_r"": 0.3679084773546069, ""payoff_ratio"": 0.498521713610671, ""sample_score"": 3.7612001156935615, ""state_variable"": ""funding_x_oi"", ""tail_10r_count"": 0, ""tail_10r_rate"": 0.0, ""tail_2r_count"": 0, ""tail_2r_rate"": 0.0, ""tail_3r_count"": 0, ""tail_3r_rate"": 0.0, ""tail_5r_count"": 0, ""tail_5r_rate"": 0.0, ""weak_sample"": false, ""win_rate"": 0.0238095238095238}",research/state_findings/tier2/l1_h11a_combined_state_findings.csv,2026-06-23T01:08:35+00:00
4201ed7cf295c6751fe0ae4bc3c298550414685a,funding_x_oi,entry_state_funding_pctile_b3__entry_state_oi_accel_pctile_b0,,,l1_h11a_volatile,volatile,,30,-1.2869499957200332,-1.2636058585549,,0.3429945524574497,0.7727148332853805,0.932371719683,-4.639435221949,0.0,0.0,0.0,1.331203068761433,1.965192416178967,-2.8415033073951728,0.0233441371651333,FUNDING_EXTREME_AVOID_STATE,,"{""avg_cost_drag_r"": 0.0233441371651333, ""avg_exit_efficiency"": -2.8415033073951728, ""avg_fee_drag_r"": 0.0233441371651195, ""avg_mae_r"": 1.965192416178967, ""avg_mfe_r"": 1.331203068761433, ""avg_r_loss"": -1.7686935428735218, ""avg_r_win"": 0.2959216592128572, ""avg_slippage_drag_r"": 0.011671236711253, ""avg_spread_drag_r"": NaN, ""bucket"": ""entry_state_funding_pctile_b3__entry_state_oi_accel_pctile_b0"", ""cost_drag_to_ev_ratio"": -0.0181391174814624, ""dataset_type"": ""volatile"", ""ev_r_gross"": -1.2636058585549, ""ev_r_net"": -1.2869499957200332, ""experiment_id"": ""b59f82c3-ea8b-4ae2-b31e-b59e5497824e"", ""experiment_root"": ""outputs/tier2/l1_h11a_parallel_vol"", ""finding_score"": 4.419369818114808, ""finding_type"": ""FUNDING_EXTREME_AVOID_STATE"", ""hypothesis_id"": ""4f534213-d8ba-48e0-87ce-9b2985954148"", ""hypothesis_name"": ""l1_h11a_volatile"", ""max_r"": 0.932371719683, ""median_mae_r"": 1.6892501137255, ""median_mfe_r"": 0.8089911808425, ""median_r_net"": -1.0334319573639998, ""min_r"": -4.639435221949, ""n_trades"": 30, ""p25_r"": -1.8791242426695, ""p75_r"": -0.3623250419145, ""p95_r"": 0.3429945524574497, ""p99_r"": 0.7727148332853805, ""payoff_ratio"": 0.1673108721435629, ""sample_score"": 3.4339872044851463, ""state_variable"": ""funding_x_oi"", ""tail_10r_count"": 0, ""tail_10r_rate"": 0.0, ""tail_2r_count"": 0, ""tail_2r_rate"": 0.0, ""tail_3r_count"": 0, ""tail_3r_rate"": 0.0, ""tail_5r_count"": 0, ""tail_5r_rate"": 0.0, ""weak_sample"": false, ""win_rate"": 0.2333333333333333}",research/state_findings/tier2/l1_h11a_combined_state_findings.csv,2026-06-23T01:08:35+00:00
15bb80e1f83db4c4e363b8a1f8e5faa71d3b0f3f,funding_x_oi,entry_state_funding_pctile_b3__entry_state_oi_accel_pctile_b0,,,l1_h11a_volatile,volatile,,30,-1.2869499957,-1.2636058586,,0.3429945525,0.7727148333,0.9323717197,-4.6394352219,0.0,0.0,0.0,1.3312030688,1.9651924162,-2.8415033074,0.0233441372,FUNDING_EXTREME_AVOID_STATE,,"{""avg_cost_drag_r"": 0.0233441372, ""avg_exit_efficiency"": -2.8415033074, ""avg_fee_drag_r"": 0.0233441372, ""avg_mae_r"": 1.9651924162, ""avg_mfe_r"": 1.3312030688, ""avg_r_loss"": -1.7686935429, ""avg_r_win"": 0.2959216592, ""avg_slippage_drag_r"": 0.0116712367, ""avg_spread_drag_r"": null, ""bucket"": ""entry_state_funding_pctile_b3__entry_state_oi_accel_pctile_b0"", ""cost_drag_to_ev_ratio"": -0.0181391175, ""dataset_type"": ""volatile"", ""ev_r_gross"": -1.2636058586, ""ev_r_net"": -1.2869499957, ""experiment_id"": ""b59f82c3-ea8b-4ae2-b31e-b59e5497824e"", ""experiment_root"": ""outputs/tier2/l1_h11a_parallel_vol"", ""finding_score"": 4.4193698181, ""finding_type"": ""FUNDING_EXTREME_AVOID_STATE"", ""hypothesis_id"": ""4f534213-d8ba-48e0-87ce-9b2985954148"", ""hypothesis_name"": ""l1_h11a_volatile"", ""max_r"": 0.9323717197, ""median_mae_r"": 1.6892501137, ""median_mfe_r"": 0.8089911808, ""median_r_net"": -1.0334319574, ""min_r"": -4.6394352219, ""n_trades"": 30, ""p25_r"": -1.8791242427, ""p75_r"": -0.3623250419, ""p95_r"": 0.3429945525, ""p99_r"": 0.7727148333, ""payoff_ratio"": 0.1673108721, ""sample_score"": 3.4339872045, ""state_variable"": ""funding_x_oi"", ""tail_10r_count"": 0, ""tail_10r_rate"": 0.0, ""tail_2r_count"": 0, ""tail_2r_rate"": 0.0, ""tail_3r_count"": 0, ""tail_3r_rate"": 0.0, ""tail_5r_count"": 0, ""tail_5r_rate"": 0.0, ""weak_sample"": false, ""win_rate"": 0.2333333333}",research/state_findings/tier2/l1_h11a_combined_state_findings.json,2026-06-23T01:08:35+00:00
52e00fe1c992808746f539297526acd00345d3d6,funding_x_oi,entry_state_funding_pctile_b3__entry_state_oi_accel_pctile_b0,,,,,,81,-1.1953138948607716,,,,,,,,,,,,,,,,"{""bucket"": ""entry_state_funding_pctile_b3__entry_state_oi_accel_pctile_b0"", ""ev_r_net"": -1.1953138948607716, ""n_datasets"": 2, ""n_hypotheses"": 1, ""n_trades"": 81, ""state_variable"": ""funding_x_oi"", ""tail_5r_count"": 1}",research/state_findings/tier2/l1_h11a_combined_cross_state_aggregate.csv,2026-06-23T01:08:35+00:00
121a4cdbe7377a7b9f35964219c16516acff089f,funding_x_oi,entry_state_funding_pctile_b3__entry_state_oi_accel_pctile_b3,,,l1_h11a_stable,stable,,12,-1.18198808883325,-1.0422599235876666,,-0.97801251080645,-0.97801235498529,-0.97801231603,-1.60206379439,0.0,0.0,0.0,0.2876883474056667,1.4624585968495831,-8.323817693695416,0.1397281652455833,FRAGILE_STATE,,"{""avg_cost_drag_r"": 0.1397281652455833, ""avg_exit_efficiency"": -8.323817693695416, ""avg_fee_drag_r"": 0.1397281652454484, ""avg_mae_r"": 1.4624585968495831, ""avg_mfe_r"": 0.2876883474056667, ""avg_r_loss"": -1.18198808883325, ""avg_r_win"": NaN, ""avg_slippage_drag_r"": 0.0698601543769747, ""avg_spread_drag_r"": NaN, ""bucket"": ""entry_state_funding_pctile_b3__entry_state_oi_accel_pctile_b3"", ""cost_drag_to_ev_ratio"": -0.118214529034307, ""dataset_type"": ""stable"", ""ev_r_gross"": -1.0422599235876666, ""ev_r_net"": -1.18198808883325, ""experiment_id"": ""36021d7e-455c-4270-b3ab-ec633b06cb05"", ""experiment_root"": ""outputs/tier2/l1_h11a_parallel_stable"", ""finding_score"": -3.1016036716028266, ""finding_type"": ""FRAGILE_STATE"", ""hypothesis_id"": ""4f534213-d8ba-48e0-87ce-9b2985954148"", ""hypothesis_name"": ""l1_h11a_stable"", ""max_r"": -0.97801231603, ""median_mae_r"": 1.294849348632, ""median_mfe_r"": 0.3122337061685, ""median_r_net"": -1.1852623399134998, ""min_r"": -1.60206379439, ""n_trades"": 12, ""p25_r"": -1.29934596169425, ""p75_r"": -0.97802568653125, ""p95_r"": -0.97801251080645, ""p99_r"": -0.97801235498529, ""payoff_ratio"": NaN, ""sample_score"": 2.5649493574615367, ""state_variable"": ""funding_x_oi"", ""tail_10r_count"": 0, ""tail_10r_rate"": 0.0, ""tail_2r_count"": 0, ""tail_2r_rate"": 0.0, ""tail_3r_count"": 0, ""tail_3r_rate"": 0.0, ""tail_5r_count"": 0, ""tail_5r_rate"": 0.0, ""weak_sample"": true, ""win_rate"": 0.0}",research/state_findings/tier2/l1_h11a_combined_state_findings.csv,2026-06-23T01:08:35+00:00
96a8275bd29e22c643e25866ebe173d6fe2f2be3,funding_x_oi,entry_state_funding_pctile_b3__entry_state_oi_accel_pctile_b3,,,l1_h11a_stable,stable,,12,-1.1819880888,-1.0422599236,,-0.9780125108,-0.978012355,-0.978012316,-1.6020637944,0.0,0.0,0.0,0.2876883474,1.4624585968,-8.3238176937,0.1397281652,FRAGILE_STATE,,"{""avg_cost_drag_r"": 0.1397281652, ""avg_exit_efficiency"": -8.3238176937, ""avg_fee_drag_r"": 0.1397281652, ""avg_mae_r"": 1.4624585968, ""avg_mfe_r"": 0.2876883474, ""avg_r_loss"": -1.1819880888, ""avg_r_win"": null, ""avg_slippage_drag_r"": 0.0698601544, ""avg_spread_drag_r"": null, ""bucket"": ""entry_state_funding_pctile_b3__entry_state_oi_accel_pctile_b3"", ""cost_drag_to_ev_ratio"": -0.118214529, ""dataset_type"": ""stable"", ""ev_r_gross"": -1.0422599236, ""ev_r_net"": -1.1819880888, ""experiment_id"": ""36021d7e-455c-4270-b3ab-ec633b06cb05"", ""experiment_root"": ""outputs/tier2/l1_h11a_parallel_stable"", ""finding_score"": -3.1016036716, ""finding_type"": ""FRAGILE_STATE"", ""hypothesis_id"": ""4f534213-d8ba-48e0-87ce-9b2985954148"", ""hypothesis_name"": ""l1_h11a_stable"", ""max_r"": -0.978012316, ""median_mae_r"": 1.2948493486, ""median_mfe_r"": 0.3122337062, ""median_r_net"": -1.1852623399, ""min_r"": -1.6020637944, ""n_trades"": 12, ""p25_r"": -1.2993459617, ""p75_r"": -0.9780256865, ""p95_r"": -0.9780125108, ""p99_r"": -0.978012355, ""payoff_ratio"": null, ""sample_score"": 2.5649493575, ""state_variable"": ""funding_x_oi"", ""tail_10r_count"": 0, ""tail_10r_rate"": 0.0, ""tail_2r_count"": 0, ""tail_2r_rate"": 0.0, ""tail_3r_count"": 0, ""tail_3r_rate"": 0.0, ""tail_5r_count"": 0, ""tail_5r_rate"": 0.0, ""weak_sample"": true, ""win_rate"": 0.0}",research/state_findings/tier2/l1_h11a_combined_state_findings.json,2026-06-23T01:08:35+00:00
f048dd3098d1d10e8f4ab44723dd6ca64f225d01,funding_x_basis,entry_state_funding_pctile_b3__entry_state_basis_pctile_b0,,,l1_h11a_stable,stable,,452,-1.1105304907,-0.9902066175,,1.3155077243,3.086448814,3.4806359157,-5.3533914421,0.0110619469,0.0,0.0,1.3022412291,1.5403784886,-5.2180240196,0.1203238732,FUNDING_EXTREME_AVOID_STATE,,"{""avg_cost_drag_r"": 0.1203238732, ""avg_exit_efficiency"": -5.2180240196, ""avg_fee_drag_r"": 0.1203238732, ""avg_mae_r"": 1.5403784886, ""avg_mfe_r"": 1.3022412291, ""avg_r_loss"": -1.4806455822, ""avg_r_win"": 1.4036996137, ""avg_slippage_drag_r"": 0.0601668362, ""avg_spread_drag_r"": null, ""bucket"": ""entry_state_funding_pctile_b3__entry_state_basis_pctile_b0"", ""cost_drag_to_ev_ratio"": -0.1083481041, ""dataset_type"": ""stable"", ""ev_r_gross"": -0.9902066175, ""ev_r_net"": -1.1105304907, ""experiment_id"": ""36021d7e-455c-4270-b3ab-ec633b06cb05"", ""experiment_root"": ""outputs/tier2/l1_h11a_parallel_stable"", ""finding_score"": 6.7918846829, ""finding_type"": ""FUNDING_EXTREME_AVOID_STATE"", ""hypothesis_id"": ""4f534213-d8ba-48e0-87ce-9b2985954148"", ""hypothesis_name"": ""l1_h11a_stable"", ""max_r"": 3.4806359157, ""median_mae_r"": 1.3614734511, ""median_mfe_r"": 0.8436785523, ""median_r_net"": -1.2450179774, ""min_r"": -5.3533914421, ""n_trades"": 452, ""p25_r"": -1.7356359903, ""p75_r"": -0.6493889391, ""p95_r"": 1.3155077243, ""p99_r"": 3.086448814, ""payoff_ratio"": 0.9480321494, ""sample_score"": 6.1158921255, ""state_variable"": ""funding_x_basis"", ""tail_10r_count"": 0, ""tail_10r_rate"": 0.0, ""tail_2r_count"": 17, ""tail_2r_rate"": 0.0376106195, ""tail_3r_count"": 5, ""tail_3r_rate"": 0.0110619469, ""tail_5r_count"": 0, ""tail_5r_rate"": 0.0, ""weak_sample"": false, ""win_rate"": 0.1283185841}",research/state_findings/tier2/l1_h11a_combined_state_findings.json,2026-06-23T01:08:35+00:00
d6ffc4f9a4e3fc01db9866f53e751eca6810aa3b,funding_x_basis,entry_state_funding_pctile_b3__entry_state_basis_pctile_b0,,,l1_h11a_stable,stable,,452,-1.1105304906507103,-0.9902066174962212,,1.3155077243391995,3.0864488139627277,3.480635915735,-5.353391442077,0.0110619469026548,0.0,0.0,1.3022412291414958,1.540378488560135,-5.218024019634012,0.1203238731544889,FUNDING_EXTREME_AVOID_STATE,,"{""avg_cost_drag_r"": 0.1203238731544889, ""avg_exit_efficiency"": -5.218024019634012, ""avg_fee_drag_r"": 0.1203238731545054, ""avg_mae_r"": 1.540378488560135, ""avg_mfe_r"": 1.3022412291414958, ""avg_r_loss"": -1.4806455821545332, ""avg_r_win"": 1.4036996137028444, ""avg_slippage_drag_r"": 0.0601668362127393, ""avg_spread_drag_r"": NaN, ""bucket"": ""entry_state_funding_pctile_b3__entry_state_basis_pctile_b0"", ""cost_drag_to_ev_ratio"": -0.1083481040524927, ""dataset_type"": ""stable"", ""ev_r_gross"": -0.9902066174962212, ""ev_r_net"": -1.1105304906507103, ""experiment_id"": ""36021d7e-455c-4270-b3ab-ec633b06cb05"", ""experiment_root"": ""outputs/tier2/l1_h11a_parallel_stable"", ""finding_score"": 6.791884682879489, ""finding_type"": ""FUNDING_EXTREME_AVOID_STATE"", ""hypothesis_id"": ""4f534213-d8ba-48e0-87ce-9b2985954148"", ""hypothesis_name"": ""l1_h11a_stable"", ""max_r"": 3.480635915735, ""median_mae_r"": 1.3614734511005, ""median_mfe_r"": 0.843678552332, ""median_r_net"": -1.2450179774244998, ""min_r"": -5.353391442077, ""n_trades"": 452, ""p25_r"": -1.735635990252, ""p75_r"": -0.6493889390865, ""p95_r"": 1.3155077243391995, ""p99_r"": 3.0864488139627277, ""payoff_ratio"": 0.948032149368438, ""sample_score"": 6.115892125483034, ""state_variable"": ""funding_x_basis"", ""tail_10r_count"": 0, ""tail_10r_rate"": 0.0, ""tail_2r_count"": 17, ""tail_2r_rate"": 0.0376106194690265, ""tail_3r_count"": 5, ""tail_3r_rate"": 0.0110619469026548, ""tail_5r_count"": 0, ""tail_5r_rate"": 0.0, ""weak_sample"": false, ""win_rate"": 0.1283185840707964}",research/state_findings/tier2/l1_h11a_combined_state_findings.csv,2026-06-23T01:08:35+00:00
a64215eeed979e881abd47ad78a9f301a21607f6,funding_x_oi,entry_state_funding_pctile_b3__entry_state_oi_accel_pctile_b0,,,l1_h11a_stable,stable,,51,-1.10367779400151,-0.9488110737293726,,1.668008260008,3.8535060328685,6.039003805729,-2.143832307303,0.0196078431372549,0.0196078431372549,0.0,1.3014528435032546,1.460682428665392,-6.257656014130334,0.1548667202721372,FUNDING_EXTREME_AVOID_STATE,,"{""avg_cost_drag_r"": 0.1548667202721372, ""avg_exit_efficiency"": -6.257656014130334, ""avg_fee_drag_r"": 0.1548667202721878, ""avg_mae_r"": 1.460682428665392, ""avg_mfe_r"": 1.3014528435032546, ""avg_r_loss"": -1.606370204458659, ""avg_r_win"": 2.056103071729143, ""avg_slippage_drag_r"": 0.0774280818351406, ""avg_spread_drag_r"": NaN, ""bucket"": ""entry_state_funding_pctile_b3__entry_state_oi_accel_pctile_b0"", ""cost_drag_to_ev_ratio"": -0.1403187788264274, ""dataset_type"": ""stable"", ""ev_r_gross"": -0.9488110737293726, ""ev_r_net"": -1.10367779400151, ""experiment_id"": ""36021d7e-455c-4270-b3ab-ec633b06cb05"", ""experiment_root"": ""outputs/tier2/l1_h11a_parallel_stable"", ""finding_score"": 4.360899950886273, ""finding_type"": ""FUNDING_EXTREME_AVOID_STATE"", ""hypothesis_id"": ""4f534213-d8ba-48e0-87ce-9b2985954148"", ""hypothesis_name"": ""l1_h11a_stable"", ""max_r"": 6.039003805729, ""median_mae_r"": 1.513852253967, ""median_mfe_r"": 0.709351005444, ""median_r_net"": -1.606841883721, ""min_r"": -2.143832307303, ""n_trades"": 51, ""p25_r"": -1.820416590931, ""p75_r"": -1.3274544734145, ""p95_r"": 1.668008260008, ""p99_r"": 3.8535060328685, ""payoff_ratio"": 1.2799683821464072, ""sample_score"": 3.951243718581428, ""state_variable"": ""funding_x_oi"", ""tail_10r_count"": 0, ""tail_10r_rate"": 0.0, ""tail_2r_count"": 1, ""tail_2r_rate"": 0.0196078431372549, ""tail_3r_count"": 1, ""tail_3r_rate"": 0.0196078431372549, ""tail_5r_count"": 1, ""tail_5r_rate"": 0.0196078431372549, ""weak_sample"": false, ""win_rate"": 0.1372549019607843}",research/state_findings/tier2/l1_h11a_combined_state_findings.csv,2026-06-23T01:08:35+00:00
b80fed5f9c7f6b9d822062c94ad8ec07f792fbf2,funding_x_oi,entry_state_funding_pctile_b3__entry_state_oi_accel_pctile_b0,,,l1_h11a_stable,stable,,51,-1.103677794,-0.9488110737,,1.66800826,3.8535060329,6.0390038057,-2.1438323073,0.0196078431,0.0196078431,0.0,1.3014528435,1.4606824287,-6.2576560141,0.1548667203,FUNDING_EXTREME_AVOID_STATE,,"{""avg_cost_drag_r"": 0.1548667203, ""avg_exit_efficiency"": -6.2576560141, ""avg_fee_drag_r"": 0.1548667203, ""avg_mae_r"": 1.4606824287, ""avg_mfe_r"": 1.3014528435, ""avg_r_loss"": -1.6063702045, ""avg_r_win"": 2.0561030717, ""avg_slippage_drag_r"": 0.0774280818, ""avg_spread_drag_r"": null, ""bucket"": ""entry_state_funding_pctile_b3__entry_state_oi_accel_pctile_b0"", ""cost_drag_to_ev_ratio"": -0.1403187788, ""dataset_type"": ""stable"", ""ev_r_gross"": -0.9488110737, ""ev_r_net"": -1.103677794, ""experiment_id"": ""36021d7e-455c-4270-b3ab-ec633b06cb05"", ""experiment_root"": ""outputs/tier2/l1_h11a_parallel_stable"", ""finding_score"": 4.3608999509, ""finding_type"": ""FUNDING_EXTREME_AVOID_STATE"", ""hypothesis_id"": ""4f534213-d8ba-48e0-87ce-9b2985954148"", ""hypothesis_name"": ""l1_h11a_stable"", ""max_r"": 6.0390038057, ""median_mae_r"": 1.513852254, ""median_mfe_r"": 0.7093510054, ""median_r_net"": -1.6068418837, ""min_r"": -2.1438323073, ""n_trades"": 51, ""p25_r"": -1.8204165909, ""p75_r"": -1.3274544734, ""p95_r"": 1.66800826, ""p99_r"": 3.8535060329, ""payoff_ratio"": 1.2799683821, ""sample_score"": 3.9512437186, ""state_variable"": ""funding_x_oi"", ""tail_10r_count"": 0, ""tail_10r_rate"": 0.0, ""tail_2r_count"": 1, ""tail_2r_rate"": 0.0196078431, ""tail_3r_count"": 1, ""tail_3r_rate"": 0.0196078431, ""tail_5r_count"": 1, ""tail_5r_rate"": 0.0196078431, ""weak_sample"": false, ""win_rate"": 0.137254902}",research/state_findings/tier2/l1_h11a_combined_state_findings.json,2026-06-23T01:08:35+00:00
069193ccf682318e58163bd181db5bda30256dd3,csi_x_oi,entry_state_csi_pctile_b3__entry_state_oi_accel_pctile_b0,,,,,,112,-1.0820276972758256,,,,,,,,,,,,,,,,"{""bucket"": ""entry_state_csi_pctile_b3__entry_state_oi_accel_pctile_b0"", ""ev_r_net"": -1.0820276972758256, ""n_datasets"": 2, ""n_hypotheses"": 1, ""n_trades"": 112, ""state_variable"": ""csi_x_oi"", ""tail_5r_count"": 1}",research/state_findings/tier2/l1_h11a_combined_cross_state_aggregate.csv,2026-06-23T01:08:35+00:00
76a6a68bd1febcc0f82e0834acb2623419b525d4,displacement_x_liquidity,no_impulse__entry_state_spread_proxy_pctile_b3,,,l1_h11a_stable,stable,,160,-1.0734200007369874,-0.9727428920565688,,0.9885848627264456,4.15824316064367,9.144518350897,-4.973361146839,0.03125,0.00625,0.0,1.5574292976760689,1.771640649728581,-54.65667510136476,0.1006771086804187,EXIT_FAILURE_STATE,,"{""avg_cost_drag_r"": 0.1006771086804187, ""avg_exit_efficiency"": -54.65667510136476, ""avg_fee_drag_r"": 0.1006771086803468, ""avg_mae_r"": 1.771640649728581, ""avg_mfe_r"": 1.5574292976760689, ""avg_r_loss"": -1.754310288414228, ""avg_r_win"": 1.1900801447846483, ""avg_slippage_drag_r"": 0.0503476440635932, ""avg_spread_drag_r"": NaN, ""bucket"": ""no_impulse__entry_state_spread_proxy_pctile_b3"", ""cost_drag_to_ev_ratio"": -0.0937909752112835, ""dataset_type"": ""stable"", ""ev_r_gross"": -0.9727428920565688, ""ev_r_net"": -1.0734200007369874, ""experiment_id"": ""36021d7e-455c-4270-b3ab-ec633b06cb05"", ""experiment_root"": ""outputs/tier2/l1_h11a_parallel_stable"", ""finding_score"": 56.21410439904082, ""finding_type"": ""EXIT_FAILURE_STATE"", ""hypothesis_id"": ""4f534213-d8ba-48e0-87ce-9b2985954148"", ""hypothesis_name"": ""l1_h11a_stable"", ""max_r"": 9.144518350897, ""median_mae_r"": 1.595520257216, ""median_mfe_r"": 1.0371664638255, ""median_r_net"": -1.358592378397, ""min_r"": -4.973361146839, ""n_trades"": 160, ""p25_r"": -2.175191508575, ""p75_r"": -0.0723916201025, ""p95_r"": 0.9885848627264456, ""p99_r"": 4.15824316064367, ""payoff_ratio"": 0.6783749446401506, ""sample_score"": 5.081404364984463, ""state_variable"": ""displacement_x_liquidity"", ""tail_10r_count"": 0, ""tail_10r_rate"": 0.0, ""tail_2r_count"": 5, ""tail_2r_rate"": 0.03125, ""tail_3r_count"": 5, ""tail_3r_rate"": 0.03125, ""tail_5r_count"": 1, ""tail_5r_rate"": 0.00625, ""weak_sample"": false, ""win_rate"": 0.23125}",research/state_findings/tier2/l1_h11a_combined_exit_failure_states.csv,2026-06-23T01:08:35+00:00
a0b9b3cc44b5b073e0f3c5c1c5e87325b9b8450c,displacement_x_liquidity,no_impulse__entry_state_spread_proxy_pctile_b3,,,l1_h11a_stable,stable,,160,-1.0734200007369874,-0.9727428920565688,,0.9885848627264456,4.15824316064367,9.144518350897,-4.973361146839,0.03125,0.00625,0.0,1.5574292976760689,1.771640649728581,-54.65667510136476,0.1006771086804187,EXIT_FAILURE_STATE,,"{""avg_cost_drag_r"": 0.1006771086804187, ""avg_exit_efficiency"": -54.65667510136476, ""avg_fee_drag_r"": 0.1006771086803468, ""avg_mae_r"": 1.771640649728581, ""avg_mfe_r"": 1.5574292976760689, ""avg_r_loss"": -1.754310288414228, ""avg_r_win"": 1.1900801447846483, ""avg_slippage_drag_r"": 0.0503476440635932, ""avg_spread_drag_r"": NaN, ""bucket"": ""no_impulse__entry_state_spread_proxy_pctile_b3"", ""cost_drag_to_ev_ratio"": -0.0937909752112835, ""dataset_type"": ""stable"", ""ev_r_gross"": -0.9727428920565688, ""ev_r_net"": -1.0734200007369874, ""experiment_id"": ""36021d7e-455c-4270-b3ab-ec633b06cb05"", ""experiment_root"": ""outputs/tier2/l1_h11a_parallel_stable"", ""finding_score"": 56.21410439904082, ""finding_type"": ""EXIT_FAILURE_STATE"", ""hypothesis_id"": ""4f534213-d8ba-48e0-87ce-9b2985954148"", ""hypothesis_name"": ""l1_h11a_stable"", ""max_r"": 9.144518350897, ""median_mae_r"": 1.595520257216, ""median_mfe_r"": 1.0371664638255, ""median_r_net"": -1.358592378397, ""min_r"": -4.973361146839, ""n_trades"": 160, ""p25_r"": -2.175191508575, ""p75_r"": -0.0723916201025, ""p95_r"": 0.9885848627264456, ""p99_r"": 4.15824316064367, ""payoff_ratio"": 0.6783749446401506, ""sample_score"": 5.081404364984463, ""state_variable"": ""displacement_x_liquidity"", ""tail_10r_count"": 0, ""tail_10r_rate"": 0.0, ""tail_2r_count"": 5, ""tail_2r_rate"": 0.03125, ""tail_3r_count"": 5, ""tail_3r_rate"": 0.03125, ""tail_5r_count"": 1, ""tail_5r_rate"": 0.00625, ""weak_sample"": false, ""win_rate"": 0.23125}",research/state_findings/tier2/l1_h11a_combined_state_findings.csv,2026-06-23T01:08:35+00:00
24a121c327cf6f92da7d4ece9f2b15720a3d194d,displacement_x_liquidity,no_impulse__entry_state_spread_proxy_pctile_b3,,,l1_h11a_stable,stable,,160,-1.0734200007,-0.9727428921,,0.9885848627,4.1582431606,9.1445183509,-4.9733611468,0.03125,0.00625,0.0,1.5574292977,1.7716406497,-54.6566751014,0.1006771087,EXIT_FAILURE_STATE,,"{""avg_cost_drag_r"": 0.1006771087, ""avg_exit_efficiency"": -54.6566751014, ""avg_fee_drag_r"": 0.1006771087, ""avg_mae_r"": 1.7716406497, ""avg_mfe_r"": 1.5574292977, ""avg_r_loss"": -1.7543102884, ""avg_r_win"": 1.1900801448, ""avg_slippage_drag_r"": 0.0503476441, ""avg_spread_drag_r"": null, ""bucket"": ""no_impulse__entry_state_spread_proxy_pctile_b3"", ""cost_drag_to_ev_ratio"": -0.0937909752, ""dataset_type"": ""stable"", ""ev_r_gross"": -0.9727428921, ""ev_r_net"": -1.0734200007, ""experiment_id"": ""36021d7e-455c-4270-b3ab-ec633b06cb05"", ""experiment_root"": ""outputs/tier2/l1_h11a_parallel_stable"", ""finding_score"": 56.214104399, ""finding_type"": ""EXIT_FAILURE_STATE"", ""hypothesis_id"": ""4f534213-d8ba-48e0-87ce-9b2985954148"", ""hypothesis_name"": ""l1_h11a_stable"", ""max_r"": 9.1445183509, ""median_mae_r"": 1.5955202572, ""median_mfe_r"": 1.0371664638, ""median_r_net"": -1.3585923784, ""min_r"": -4.9733611468, ""n_trades"": 160, ""p25_r"": -2.1751915086, ""p75_r"": -0.0723916201, ""p95_r"": 0.9885848627, ""p99_r"": 4.1582431606, ""payoff_ratio"": 0.6783749446, ""sample_score"": 5.081404365, ""state_variable"": ""displacement_x_liquidity"", ""tail_10r_count"": 0, ""tail_10r_rate"": 0.0, ""tail_2r_count"": 5, ""tail_2r_rate"": 0.03125, ""tail_3r_count"": 5, ""tail_3r_rate"": 0.03125, ""tail_5r_count"": 1, ""tail_5r_rate"": 0.00625, ""weak_sample"": false, ""win_rate"": 0.23125}",research/state_findings/tier2/l1_h11a_combined_state_findings.json,2026-06-23T01:08:35+00:00
0001b168b87c4e29a3aec6f7b911e63c84f84b2c,funding_x_oi,entry_state_funding_pctile_b2__entry_state_oi_accel_pctile_b3,,,l1_h11a_stable,stable,,63,-1.06022687,-0.920705171,,1.6399122042,1.6535133859,1.6535133859,-3.0651263689,0.0,0.0,0.0,1.3115344186,1.5998803214,-13.838572519,0.139521699,FUNDING_EXTREME_AVOID_STATE,,"{""avg_cost_drag_r"": 0.139521699, ""avg_exit_efficiency"": -13.838572519, ""avg_fee_drag_r"": 0.139521699, ""avg_mae_r"": 1.5998803214, ""avg_mfe_r"": 1.3115344186, ""avg_r_loss"": -2.0539746296, ""avg_r_win"": 0.7917575912, ""avg_slippage_drag_r"": 0.0697513401, ""avg_spread_drag_r"": null, ""bucket"": ""entry_state_funding_pctile_b2__entry_state_oi_accel_pctile_b3"", ""cost_drag_to_ev_ratio"": -0.131596079, ""dataset_type"": ""stable"", ""ev_r_gross"": -0.920705171, ""ev_r_net"": -1.06022687, ""experiment_id"": ""36021d7e-455c-4270-b3ab-ec633b06cb05"", ""experiment_root"": ""outputs/tier2/l1_h11a_parallel_stable"", ""finding_score"": 4.409359594, ""finding_type"": ""FUNDING_EXTREME_AVOID_STATE"", ""hypothesis_id"": ""4f534213-d8ba-48e0-87ce-9b2985954148"", ""hypothesis_name"": ""l1_h11a_stable"", ""max_r"": 1.6535133859, ""median_mae_r"": 1.7459644776, ""median_mfe_r"": 0.7757923464, ""median_r_net"": -1.6557614203, ""min_r"": -3.0651263689, ""n_trades"": 63, ""p25_r"": -2.3631412523, ""p75_r"": 0.3224334702, ""p95_r"": 1.6399122042, ""p99_r"": 1.6535133859, ""payoff_ratio"": 0.3854758378, ""sample_score"": 4.1588830834, ""state_variable"": ""funding_x_oi"", ""tail_10r_count"": 0, ""tail_10r_rate"": 0.0, ""tail_2r_count"": 0, ""tail_2r_rate"": 0.0, ""tail_3r_count"": 0, ""tail_3r_rate"": 0.0, ""tail_5r_count"": 0, ""tail_5r_rate"": 0.0, ""weak_sample"": false, ""win_rate"": 0.3492063492}",research/state_findings/tier2/l1_h11a_combined_state_findings.json,2026-06-23T01:08:35+00:00
c7f4ebe091d22eb7254f8e269a3bc1b981853fc3,funding_x_oi,entry_state_funding_pctile_b2__entry_state_oi_accel_pctile_b3,,,l1_h11a_stable,stable,,63,-1.0602268699708253,-0.9207051709927618,,1.6399122042270995,1.653513385867,1.653513385867,-3.0651263689,0.0,0.0,0.0,1.3115344185976188,1.5998803213833488,-13.838572519029384,0.1395216989780635,FUNDING_EXTREME_AVOID_STATE,,"{""avg_cost_drag_r"": 0.1395216989780635, ""avg_exit_efficiency"": -13.838572519029384, ""avg_fee_drag_r"": 0.1395216989780722, ""avg_mae_r"": 1.5998803213833488, ""avg_mfe_r"": 1.3115344185976188, ""avg_r_loss"": -2.0539746296149755, ""avg_r_win"": 0.7917575911841819, ""avg_slippage_drag_r"": 0.069751340116879, ""avg_spread_drag_r"": NaN, ""bucket"": ""entry_state_funding_pctile_b2__entry_state_oi_accel_pctile_b3"", ""cost_drag_to_ev_ratio"": -0.1315960790372184, ""dataset_type"": ""stable"", ""ev_r_gross"": -0.9207051709927618, ""ev_r_net"": -1.0602268699708253, ""experiment_id"": ""36021d7e-455c-4270-b3ab-ec633b06cb05"", ""experiment_root"": ""outputs/tier2/l1_h11a_parallel_stable"", ""finding_score"": 4.409359594045039, ""finding_type"": ""FUNDING_EXTREME_AVOID_STATE"", ""hypothesis_id"": ""4f534213-d8ba-48e0-87ce-9b2985954148"", ""hypothesis_name"": ""l1_h11a_stable"", ""max_r"": 1.653513385867, ""median_mae_r"": 1.745964477625, ""median_mfe_r"": 0.775792346394, ""median_r_net"": -1.655761420327, ""min_r"": -3.0651263689, ""n_trades"": 63, ""p25_r"": -2.363141252347, ""p75_r"": 0.3224334702095, ""p95_r"": 1.6399122042270995, ""p99_r"": 1.653513385867, ""payoff_ratio"": 0.3854758378065261, ""sample_score"": 4.158883083359672, ""state_variable"": ""funding_x_oi"", ""tail_10r_count"": 0, ""tail_10r_rate"": 0.0, ""tail_2r_count"": 0, ""tail_2r_rate"": 0.0, ""tail_3r_count"": 0, ""tail_3r_rate"": 0.0, ""tail_5r_count"": 0, ""tail_5r_rate"": 0.0, ""weak_sample"": false, ""win_rate"": 0.3492063492063492}",research/state_findings/tier2/l1_h11a_combined_state_findings.csv,2026-06-23T01:08:35+00:00
ee5df799771116a860bcef5560b759ebf431e4fe,csi_x_vol,entry_state_csi_pctile_b0__entry_state_vol_pctile_b3,,,l1_h11a_volatile,volatile,,75,-1.0308026555,-0.9958668614,,1.2013464114,3.3815059189,6.1484915327,-4.5196741361,0.0133333333,0.0133333333,0.0,1.5041040482,1.7047038142,-3.702064952,0.034935794,EXIT_FAILURE_STATE,,"{""avg_cost_drag_r"": 0.034935794, ""avg_exit_efficiency"": -3.702064952, ""avg_fee_drag_r"": 0.034935794, ""avg_mae_r"": 1.7047038142, ""avg_mfe_r"": 1.5041040482, ""avg_r_loss"": -1.6118164278, ""avg_r_win"": 1.2932524338, ""avg_slippage_drag_r"": 0.0174589058, ""avg_spread_drag_r"": null, ""bucket"": ""entry_state_csi_pctile_b0__entry_state_vol_pctile_b3"", ""cost_drag_to_ev_ratio"": -0.0338918355, ""dataset_type"": ""volatile"", ""ev_r_gross"": -0.9958668614, ""ev_r_net"": -1.0308026555, ""experiment_id"": ""b59f82c3-ea8b-4ae2-b31e-b59e5497824e"", ""experiment_root"": ""outputs/tier2/l1_h11a_parallel_vol"", ""finding_score"": 5.2061690003, ""finding_type"": ""EXIT_FAILURE_STATE"", ""hypothesis_id"": ""4f534213-d8ba-48e0-87ce-9b2985954148"", ""hypothesis_name"": ""l1_h11a_volatile"", ""max_r"": 6.1484915327, ""median_mae_r"": 1.4514083315, ""median_mfe_r"": 0.9615134797, ""median_r_net"": -1.2152557801, ""min_r"": -4.5196741361, ""n_trades"": 75, ""p25_r"": -1.8913102202, ""p75_r"": -0.4776446856, ""p95_r"": 1.2013464114, ""p99_r"": 3.3815059189, ""payoff_ratio"": 0.802357149, ""sample_score"": 4.3307333403, ""state_variable"": ""csi_x_vol"", ""tail_10r_count"": 0, ""tail_10r_rate"": 0.0, ""tail_2r_count"": 3, ""tail_2r_rate"": 0.04, ""tail_3r_count"": 1, ""tail_3r_rate"": 0.0133333333, ""tail_5r_count"": 1, ""tail_5r_rate"": 0.0133333333, ""weak_sample"": false, ""win_rate"": 0.2}",research/state_findings/tier2/l1_h11a_combined_state_findings.json,2026-06-23T01:08:35+00:00
c3d18236ae27ac98cbb8debbc1256e87a3029364,csi_x_vol,entry_state_csi_pctile_b0__entry_state_vol_pctile_b3,,,l1_h11a_volatile,volatile,,75,-1.0308026554783734,-0.9958668614453864,,1.20134641138,3.381505918857139,6.148491532682,-4.519674136122,0.0133333333333333,0.0133333333333333,0.0,1.5041040482401866,1.7047038142470263,-3.7020649520232656,0.0349357940329866,EXIT_FAILURE_STATE,,"{""avg_cost_drag_r"": 0.0349357940329866, ""avg_exit_efficiency"": -3.7020649520232656, ""avg_fee_drag_r"": 0.034935794032995, ""avg_mae_r"": 1.7047038142470263, ""avg_mfe_r"": 1.5041040482401866, ""avg_r_loss"": -1.6118164277865, ""avg_r_win"": 1.2932524337541331, ""avg_slippage_drag_r"": 0.0174589057898027, ""avg_spread_drag_r"": NaN, ""bucket"": ""entry_state_csi_pctile_b0__entry_state_vol_pctile_b3"", ""cost_drag_to_ev_ratio"": -0.033891835500534, ""dataset_type"": ""volatile"", ""ev_r_gross"": -0.9958668614453864, ""ev_r_net"": -1.0308026554783734, ""experiment_id"": ""b59f82c3-ea8b-4ae2-b31e-b59e5497824e"", ""experiment_root"": ""outputs/tier2/l1_h11a_parallel_vol"", ""finding_score"": 5.206169000263452, ""finding_type"": ""EXIT_FAILURE_STATE"", ""hypothesis_id"": ""4f534213-d8ba-48e0-87ce-9b2985954148"", ""hypothesis_name"": ""l1_h11a_volatile"", ""max_r"": 6.148491532682, ""median_mae_r"": 1.451408331478, ""median_mfe_r"": 0.961513479744, ""median_r_net"": -1.215255780117, ""min_r"": -4.519674136122, ""n_trades"": 75, ""p25_r"": -1.891310220174, ""p75_r"": -0.477644685598, ""p95_r"": 1.20134641138, ""p99_r"": 3.381505918857139, ""payoff_ratio"": 0.8023571490272938, ""sample_score"": 4.330733340286331, ""state_variable"": ""csi_x_vol"", ""tail_10r_count"": 0, ""tail_10r_rate"": 0.0, ""tail_2r_count"": 3, ""tail_2r_rate"": 0.04, ""tail_3r_count"": 1, ""tail_3r_rate"": 0.0133333333333333, ""tail_5r_count"": 1, ""tail_5r_rate"": 0.0133333333333333, ""weak_sample"": false, ""win_rate"": 0.2}",research/state_findings/tier2/l1_h11a_combined_state_findings.csv,2026-06-23T01:08:35+00:00
32af69f326d4d8e9a83f87f7832f1fe72f6016cd,csi_x_oi,entry_state_csi_pctile_b1__entry_state_oi_accel_pctile_b2,,,l1_h11a_stable,stable,,167,-1.0041791548,-0.8554660647,,1.1998598673,4.4359738378,7.4898810977,-3.653782816,0.0119760479,0.0119760479,0.0,1.3791727897,1.4511902131,-3.8500252581,0.1487130901,OI_BUILDUP_AVOID_STATE,,"{""avg_cost_drag_r"": 0.1487130901, ""avg_exit_efficiency"": -3.8500252581, ""avg_fee_drag_r"": 0.1487130901, ""avg_mae_r"": 1.4511902131, ""avg_mfe_r"": 1.3791727897, ""avg_r_loss"": -1.3224551069, ""avg_r_win"": 1.9995501433, ""avg_slippage_drag_r"": 0.0743643635, ""avg_spread_drag_r"": null, ""bucket"": ""entry_state_csi_pctile_b1__entry_state_oi_accel_pctile_b2"", ""cost_drag_to_ev_ratio"": -0.1480941816, ""dataset_type"": ""stable"", ""ev_r_gross"": -0.8554660647, ""ev_r_net"": -1.0041791548, ""experiment_id"": ""36021d7e-455c-4270-b3ab-ec633b06cb05"", ""experiment_root"": ""outputs/tier2/l1_h11a_parallel_stable"", ""finding_score"": 5.145377818, ""finding_type"": ""OI_BUILDUP_AVOID_STATE"", ""hypothesis_id"": ""4f534213-d8ba-48e0-87ce-9b2985954148"", ""hypothesis_name"": ""l1_h11a_stable"", ""max_r"": 7.4898810977, ""median_mae_r"": 1.3643836055, ""median_mfe_r"": 0.8596194111, ""median_r_net"": -1.1404079116, ""min_r"": -3.653782816, ""n_trades"": 167, ""p25_r"": -1.6729489364, ""p75_r"": -0.5401184203, ""p95_r"": 1.1998598673, ""p99_r"": 4.4359738378, ""payoff_ratio"": 1.5119985041, ""sample_score"": 5.1239639794, ""state_variable"": ""csi_x_oi"", ""tail_10r_count"": 0, ""tail_10r_rate"": 0.0, ""tail_2r_count"": 5, ""tail_2r_rate"": 0.0299401198, ""tail_3r_count"": 2, ""tail_3r_rate"": 0.0119760479, ""tail_5r_count"": 2, ""tail_5r_rate"": 0.0119760479, ""weak_sample"": false, ""win_rate"": 0.0958083832}",research/state_findings/tier2/l1_h11a_combined_state_findings.json,2026-06-23T01:08:35+00:00
76ab630ef79029dea68d3072757c2fcd6d9d1553,csi_x_oi,entry_state_csi_pctile_b1__entry_state_oi_accel_pctile_b2,,,l1_h11a_stable,stable,,167,-1.004179154782036,-0.8554660646560779,,1.199859867319,4.435973837824776,7.489881097741,-3.653782816024,0.0119760479041916,0.0119760479041916,0.0,1.379172789655431,1.4511902131077603,-3.850025258123913,0.148713090125958,OI_BUILDUP_AVOID_STATE,,"{""avg_cost_drag_r"": 0.148713090125958, ""avg_exit_efficiency"": -3.850025258123913, ""avg_fee_drag_r"": 0.1487130901259457, ""avg_mae_r"": 1.4511902131077603, ""avg_mfe_r"": 1.379172789655431, ""avg_r_loss"": -1.3224551069010728, ""avg_r_win"": 1.9995501433413752, ""avg_slippage_drag_r"": 0.0743643634522838, ""avg_spread_drag_r"": NaN, ""bucket"": ""entry_state_csi_pctile_b1__entry_state_oi_accel_pctile_b2"", ""cost_drag_to_ev_ratio"": -0.1480941816186547, ""dataset_type"": ""stable"", ""ev_r_gross"": -0.8554660646560779, ""ev_r_net"": -1.004179154782036, ""experiment_id"": ""36021d7e-455c-4270-b3ab-ec633b06cb05"", ""experiment_root"": ""outputs/tier2/l1_h11a_parallel_stable"", ""finding_score"": 5.145377817970762, ""finding_type"": ""OI_BUILDUP_AVOID_STATE"", ""hypothesis_id"": ""4f534213-d8ba-48e0-87ce-9b2985954148"", ""hypothesis_name"": ""l1_h11a_stable"", ""max_r"": 7.489881097741, ""median_mae_r"": 1.3643836055, ""median_mfe_r"": 0.859619411103, ""median_r_net"": -1.140407911559, ""min_r"": -3.653782816024, ""n_trades"": 167, ""p25_r"": -1.672948936413, ""p75_r"": -0.540118420298, ""p95_r"": 1.199859867319, ""p99_r"": 4.435973837824776, ""payoff_ratio"": 1.5119985040754604, ""sample_score"": 5.123963979403259, ""state_variable"": ""csi_x_oi"", ""tail_10r_count"": 0, ""tail_10r_rate"": 0.0, ""tail_2r_count"": 5, ""tail_2r_rate"": 0.029940119760479, ""tail_3r_count"": 2, ""tail_3r_rate"": 0.0119760479041916, ""tail_5r_count"": 2, ""tail_5r_rate"": 0.0119760479041916, ""weak_sample"": false, ""win_rate"": 0.0958083832335329}",research/state_findings/tier2/l1_h11a_combined_state_findings.csv,2026-06-23T01:08:35+00:00
e5a52dd972cd5807a0069a86a3a4b1ebd03dc48e,liquidity_x_funding,entry_state_spread_proxy_pctile_b2__entry_state_funding_pctile_b3,,,l1_h11a_stable,stable,,363,-0.9646014421059366,-0.8586155498322755,,1.668008260008,4.444749660507,12.730934814466,-4.670180503844,0.0275482093663911,0.0082644628099173,0.0055096418732782,1.4966010135103998,1.5400674504610965,-3.59935669264078,0.1059858922736611,FUNDING_EXTREME_AVOID_STATE,,"{""avg_cost_drag_r"": 0.1059858922736611, ""avg_exit_efficiency"": -3.59935669264078, ""avg_fee_drag_r"": 0.1059858922736638, ""avg_mae_r"": 1.5400674504610965, ""avg_mfe_r"": 1.4966010135103998, ""avg_r_loss"": -1.478640290034932, ""avg_r_win"": 1.9768430765988705, ""avg_slippage_drag_r"": 0.0530000457148713, ""avg_spread_drag_r"": NaN, ""bucket"": ""entry_state_spread_proxy_pctile_b2__entry_state_funding_pctile_b3"", ""cost_drag_to_ev_ratio"": -0.1098753201553075, ""dataset_type"": ""stable"", ""ev_r_gross"": -0.8586155498322755, ""ev_r_net"": -0.9646014421059366, ""experiment_id"": ""36021d7e-455c-4270-b3ab-ec633b06cb05"", ""experiment_root"": ""outputs/tier2/l1_h11a_parallel_stable"", ""finding_score"": 5.688403125043001, ""finding_type"": ""FUNDING_EXTREME_AVOID_STATE"", ""hypothesis_id"": ""4f534213-d8ba-48e0-87ce-9b2985954148"", ""hypothesis_name"": ""l1_h11a_stable"", ""max_r"": 12.730934814466, ""median_mae_r"": 1.484891940791, ""median_mfe_r"": 0.843678552332, ""median_r_net"": -1.250952074192, ""min_r"": -4.670180503844, ""n_trades"": 363, ""p25_r"": -1.7498400989995, ""p75_r"": -0.593200129784, ""p95_r"": 1.668008260008, ""p99_r"": 4.444749660507, ""payoff_ratio"": 1.3369330525628842, ""sample_score"": 5.8971538676367405, ""state_variable"": ""liquidity_x_funding"", ""tail_10r_count"": 2, ""tail_10r_rate"": 0.0055096418732782, ""tail_2r_count"": 14, ""tail_2r_rate"": 0.0385674931129476, ""tail_3r_count"": 10, ""tail_3r_rate"": 0.0275482093663911, ""tail_5r_count"": 3, ""tail_5r_rate"": 0.0082644628099173, ""weak_sample"": false, ""win_rate"": 0.1487603305785124}",research/state_findings/tier2/l1_h11a_combined_state_findings.csv,2026-06-23T01:08:35+00:00
fbba15cec85234e3afe75b32992c1d2fbb7603e7,liquidity_x_funding,entry_state_spread_proxy_pctile_b2__entry_state_funding_pctile_b3,,,l1_h11a_stable,stable,,363,-0.9646014421,-0.8586155498,,1.66800826,4.4447496605,12.7309348145,-4.6701805038,0.0275482094,0.0082644628,0.0055096419,1.4966010135,1.5400674505,-3.5993566926,0.1059858923,FUNDING_EXTREME_AVOID_STATE,,"{""avg_cost_drag_r"": 0.1059858923, ""avg_exit_efficiency"": -3.5993566926, ""avg_fee_drag_r"": 0.1059858923, ""avg_mae_r"": 1.5400674505, ""avg_mfe_r"": 1.4966010135, ""avg_r_loss"": -1.47864029, ""avg_r_win"": 1.9768430766, ""avg_slippage_drag_r"": 0.0530000457, ""avg_spread_drag_r"": null, ""bucket"": ""entry_state_spread_proxy_pctile_b2__entry_state_funding_pctile_b3"", ""cost_drag_to_ev_ratio"": -0.1098753202, ""dataset_type"": ""stable"", ""ev_r_gross"": -0.8586155498, ""ev_r_net"": -0.9646014421, ""experiment_id"": ""36021d7e-455c-4270-b3ab-ec633b06cb05"", ""experiment_root"": ""outputs/tier2/l1_h11a_parallel_stable"", ""finding_score"": 5.688403125, ""finding_type"": ""FUNDING_EXTREME_AVOID_STATE"", ""hypothesis_id"": ""4f534213-d8ba-48e0-87ce-9b2985954148"", ""hypothesis_name"": ""l1_h11a_stable"", ""max_r"": 12.7309348145, ""median_mae_r"": 1.4848919408, ""median_mfe_r"": 0.8436785523, ""median_r_net"": -1.2509520742, ""min_r"": -4.6701805038, ""n_trades"": 363, ""p25_r"": -1.749840099, ""p75_r"": -0.5932001298, ""p95_r"": 1.66800826, ""p99_r"": 4.4447496605, ""payoff_ratio"": 1.3369330526, ""sample_score"": 5.8971538676, ""state_variable"": ""liquidity_x_funding"", ""tail_10r_count"": 2, ""tail_10r_rate"": 0.0055096419, ""tail_2r_count"": 14, ""tail_2r_rate"": 0.0385674931, ""tail_3r_count"": 10, ""tail_3r_rate"": 0.0275482094, ""tail_5r_count"": 3, ""tail_5r_rate"": 0.0082644628, ""weak_sample"": false, ""win_rate"": 0.1487603306}",research/state_findings/tier2/l1_h11a_combined_state_findings.json,2026-06-23T01:08:35+00:00
de6edd6f361b3c570edbf7d55b254e74bc64f82b,funding_x_oi,entry_state_funding_pctile_b0__entry_state_oi_accel_pctile_b3,,,l1_h11a_volatile,volatile,,37,-0.933392799417216,-0.9137242958427568,,1.196862715806,1.5667382706021602,1.774793270175,-4.961475764475,0.0,0.0,0.0,0.9696302131577564,1.4942161606445672,-3.599584808408486,0.0196685035744594,FUNDING_EXTREME_AVOID_STATE,,"{""avg_cost_drag_r"": 0.0196685035744594, ""avg_exit_efficiency"": -3.599584808408486, ""avg_fee_drag_r"": 0.0196685035743938, ""avg_mae_r"": 1.4942161606445672, ""avg_mfe_r"": 0.9696302131577564, ""avg_r_loss"": -1.2184032101556563, ""avg_r_win"": 0.8906738293087999, ""avg_slippage_drag_r"": 0.0098281994663958, ""avg_spread_drag_r"": NaN, ""bucket"": ""entry_state_funding_pctile_b0__entry_state_oi_accel_pctile_b3"", ""cost_drag_to_ev_ratio"": -0.0210720541092023, ""dataset_type"": ""volatile"", ""ev_r_gross"": -0.9137242958427568, ""ev_r_net"": -0.933392799417216, ""experiment_id"": ""b59f82c3-ea8b-4ae2-b31e-b59e5497824e"", ""experiment_root"": ""outputs/tier2/l1_h11a_parallel_vol"", ""finding_score"": 3.3952967287483315, ""finding_type"": ""FUNDING_EXTREME_AVOID_STATE"", ""hypothesis_id"": ""4f534213-d8ba-48e0-87ce-9b2985954148"", ""hypothesis_name"": ""l1_h11a_volatile"", ""max_r"": 1.774793270175, ""median_mae_r"": 1.263893468315, ""median_mfe_r"": 0.657595039097, ""median_r_net"": -1.035624817449, ""min_r"": -4.961475764475, ""n_trades"": 37, ""p25_r"": -1.094316266747, ""p75_r"": -0.69836601271, ""p95_r"": 1.196862715806, ""p99_r"": 1.5667382706021602, ""payoff_ratio"": 0.7310173035369896, ""sample_score"": 3.6375861597263857, ""state_variable"": ""funding_x_oi"", ""tail_10r_count"": 0, ""tail_10r_rate"": 0.0, ""tail_2r_count"": 0, ""tail_2r_rate"": 0.0, ""tail_3r_count"": 0, ""tail_3r_rate"": 0.0, ""tail_5r_count"": 0, ""tail_5r_rate"": 0.0, ""weak_sample"": false, ""win_rate"": 0.1351351351351351}",research/state_findings/tier2/l1_h11a_combined_state_findings.csv,2026-06-23T01:08:35+00:00
e8d4fc4a6bbb4cc144d45a4e423a3cff8283a46f,funding_x_oi,entry_state_funding_pctile_b0__entry_state_oi_accel_pctile_b3,,,l1_h11a_volatile,volatile,,37,-0.9333927994,-0.9137242958,,1.1968627158,1.5667382706,1.7747932702,-4.9614757645,0.0,0.0,0.0,0.9696302132,1.4942161606,-3.5995848084,0.0196685036,FUNDING_EXTREME_AVOID_STATE,,"{""avg_cost_drag_r"": 0.0196685036, ""avg_exit_efficiency"": -3.5995848084, ""avg_fee_drag_r"": 0.0196685036, ""avg_mae_r"": 1.4942161606, ""avg_mfe_r"": 0.9696302132, ""avg_r_loss"": -1.2184032102, ""avg_r_win"": 0.8906738293, ""avg_slippage_drag_r"": 0.0098281995, ""avg_spread_drag_r"": null, ""bucket"": ""entry_state_funding_pctile_b0__entry_state_oi_accel_pctile_b3"", ""cost_drag_to_ev_ratio"": -0.0210720541, ""dataset_type"": ""volatile"", ""ev_r_gross"": -0.9137242958, ""ev_r_net"": -0.9333927994, ""experiment_id"": ""b59f82c3-ea8b-4ae2-b31e-b59e5497824e"", ""experiment_root"": ""outputs/tier2/l1_h11a_parallel_vol"", ""finding_score"": 3.3952967287, ""finding_type"": ""FUNDING_EXTREME_AVOID_STATE"", ""hypothesis_id"": ""4f534213-d8ba-48e0-87ce-9b2985954148"", ""hypothesis_name"": ""l1_h11a_volatile"", ""max_r"": 1.7747932702, ""median_mae_r"": 1.2638934683, ""median_mfe_r"": 0.6575950391, ""median_r_net"": -1.0356248174, ""min_r"": -4.9614757645, ""n_trades"": 37, ""p25_r"": -1.0943162667, ""p75_r"": -0.6983660127, ""p95_r"": 1.1968627158, ""p99_r"": 1.5667382706, ""payoff_ratio"": 0.7310173035, ""sample_score"": 3.6375861597, ""state_variable"": ""funding_x_oi"", ""tail_10r_count"": 0, ""tail_10r_rate"": 0.0, ""tail_2r_count"": 0, ""tail_2r_rate"": 0.0, ""tail_3r_count"": 0, ""tail_3r_rate"": 0.0, ""tail_5r_count"": 0, ""tail_5r_rate"": 0.0, ""weak_sample"": false, ""win_rate"": 0.1351351351}",research/state_findings/tier2/l1_h11a_combined_state_findings.json,2026-06-23T01:08:35+00:00
3fea1f284b6b36582605d1717ac6b5abefa07910,csi_x_oi,entry_state_csi_pctile_b0__entry_state_oi_accel_pctile_b3,,,l1_h11a_stable,stable,,20,-0.9214895635389,-0.7653120483867499,,0.8573910166219512,2.004276523779588,2.290997900569,-3.967423781678,0.0,0.0,0.0,2.0845220104951,1.6442363046835002,-0.8105753465404374,0.15617751515215,FRAGILE_STATE,,"{""avg_cost_drag_r"": 0.15617751515215, ""avg_exit_efficiency"": -0.8105753465404374, ""avg_fee_drag_r"": 0.1561775151521451, ""avg_mae_r"": 1.6442363046835002, ""avg_mfe_r"": 2.0845220104951, ""avg_r_loss"": -2.5416117301496, ""avg_r_win"": 0.6986326030718001, ""avg_slippage_drag_r"": 0.0780836569622106, ""avg_spread_drag_r"": NaN, ""bucket"": ""entry_state_csi_pctile_b0__entry_state_oi_accel_pctile_b3"", ""cost_drag_to_ev_ratio"": -0.1694837590480829, ""dataset_type"": ""stable"", ""ev_r_gross"": -0.7653120483867499, ""ev_r_net"": -0.9214895635389, ""experiment_id"": ""36021d7e-455c-4270-b3ab-ec633b06cb05"", ""experiment_root"": ""outputs/tier2/l1_h11a_parallel_stable"", ""finding_score"": -2.88358440989822, ""finding_type"": ""FRAGILE_STATE"", ""hypothesis_id"": ""4f534213-d8ba-48e0-87ce-9b2985954148"", ""hypothesis_name"": ""l1_h11a_stable"", ""max_r"": 2.290997900569, ""median_mae_r"": 1.0290071788825, ""median_mfe_r"": 2.087758205298, ""median_r_net"": -0.302209236047, ""min_r"": -3.967423781678, ""n_trades"": 20, ""p25_r"": -2.421310644656, ""p75_r"": 0.6224720143607501, ""p95_r"": 0.8573910166219512, ""p99_r"": 2.004276523779588, ""payoff_ratio"": 0.2748777851409579, ""sample_score"": 3.044522437723423, ""state_variable"": ""csi_x_oi"", ""tail_10r_count"": 0, ""tail_10r_rate"": 0.0, ""tail_2r_count"": 1, ""tail_2r_rate"": 0.05, ""tail_3r_count"": 0, ""tail_3r_rate"": 0.0, ""tail_5r_count"": 0, ""tail_5r_rate"": 0.0, ""weak_sample"": false, ""win_rate"": 0.5}",research/state_findings/tier2/l1_h11a_combined_state_findings.csv,2026-06-23T01:08:35+00:00
975d3c61f37494f5c08f7c14e09593619a6b3031,csi_x_oi,entry_state_csi_pctile_b0__entry_state_oi_accel_pctile_b3,,,l1_h11a_stable,stable,,20,-0.9214895635,-0.7653120484,,0.8573910166,2.0042765238,2.2909979006,-3.9674237817,0.0,0.0,0.0,2.0845220105,1.6442363047,-0.8105753465,0.1561775152,FRAGILE_STATE,,"{""avg_cost_drag_r"": 0.1561775152, ""avg_exit_efficiency"": -0.8105753465, ""avg_fee_drag_r"": 0.1561775152, ""avg_mae_r"": 1.6442363047, ""avg_mfe_r"": 2.0845220105, ""avg_r_loss"": -2.5416117301, ""avg_r_win"": 0.6986326031, ""avg_slippage_drag_r"": 0.078083657, ""avg_spread_drag_r"": null, ""bucket"": ""entry_state_csi_pctile_b0__entry_state_oi_accel_pctile_b3"", ""cost_drag_to_ev_ratio"": -0.169483759, ""dataset_type"": ""stable"", ""ev_r_gross"": -0.7653120484, ""ev_r_net"": -0.9214895635, ""experiment_id"": ""36021d7e-455c-4270-b3ab-ec633b06cb05"", ""experiment_root"": ""outputs/tier2/l1_h11a_parallel_stable"", ""finding_score"": -2.8835844099, ""finding_type"": ""FRAGILE_STATE"", ""hypothesis_id"": ""4f534213-d8ba-48e0-87ce-9b2985954148"", ""hypothesis_name"": ""l1_h11a_stable"", ""max_r"": 2.2909979006, ""median_mae_r"": 1.0290071789, ""median_mfe_r"": 2.0877582053, ""median_r_net"": -0.302209236, ""min_r"": -3.9674237817, ""n_trades"": 20, ""p25_r"": -2.4213106447, ""p75_r"": 0.6224720144, ""p95_r"": 0.8573910166, ""p99_r"": 2.0042765238, ""payoff_ratio"": 0.2748777851, ""sample_score"": 3.0445224377, ""state_variable"": ""csi_x_oi"", ""tail_10r_count"": 0, ""tail_10r_rate"": 0.0, ""tail_2r_count"": 1, ""tail_2r_rate"": 0.05, ""tail_3r_count"": 0, ""tail_3r_rate"": 0.0, ""tail_5r_count"": 0, ""tail_5r_rate"": 0.0, ""weak_sample"": false, ""win_rate"": 0.5}",research/state_findings/tier2/l1_h11a_combined_state_findings.json,2026-06-23T01:08:35+00:00
bee0c7dc8549ff15101f25babaf51c119a41cab9,funding_x_oi,entry_state_funding_pctile_b3__entry_state_oi_accel_pctile_b3,,,,,,41,-0.8806482977006596,,,,,,,,,,,,,,,,"{""bucket"": ""entry_state_funding_pctile_b3__entry_state_oi_accel_pctile_b3"", ""ev_r_net"": -0.8806482977006596, ""n_datasets"": 2, ""n_hypotheses"": 1, ""n_trades"": 41, ""state_variable"": ""funding_x_oi"", ""tail_5r_count"": 1}",research/state_findings/tier2/l1_h11a_combined_cross_state_aggregate.csv,2026-06-23T01:08:35+00:00
3468f90dd02a6122bf449f639021a97215d219b3,entry_state_oi_level,entry_state_oi_level_b0,,,l1_h11a_volatile,volatile,,296,-0.8791198931409596,-0.8531251883374764,,2.442872884784,3.481865772555,3.788934228344,-13.413984803025,0.0202702702702702,0.0,0.0,1.670849899810956,1.6790693238290035,-6.296881217917836,0.0259947048034831,OI_BUILDUP_AVOID_STATE,,"{""avg_cost_drag_r"": 0.0259947048034831, ""avg_exit_efficiency"": -6.296881217917836, ""avg_fee_drag_r"": 0.0259947048035215, ""avg_mae_r"": 1.6790693238290035, ""avg_mfe_r"": 1.670849899810956, ""avg_r_loss"": -1.5264847308600982, ""avg_r_win"": 1.1349040464296942, ""avg_slippage_drag_r"": 0.0129947876221294, ""avg_spread_drag_r"": NaN, ""bucket"": ""entry_state_oi_level_b0"", ""cost_drag_to_ev_ratio"": -0.0295690098771488, ""dataset_type"": ""volatile"", ""ev_r_gross"": -0.8531251883374764, ""ev_r_net"": -0.8791198931409596, ""experiment_id"": ""b59f82c3-ea8b-4ae2-b31e-b59e5497824e"", ""experiment_root"": ""outputs/tier2/l1_h11a_parallel_vol"", ""finding_score"": 5.005473189437477, ""finding_type"": ""OI_BUILDUP_AVOID_STATE"", ""hypothesis_id"": ""4f534213-d8ba-48e0-87ce-9b2985954148"", ""hypothesis_name"": ""l1_h11a_volatile"", ""max_r"": 3.788934228344, ""median_mae_r"": 1.232849623884, ""median_mfe_r"": 0.782753948391, ""median_r_net"": -0.7062496109565, ""min_r"": -13.413984803025, ""n_trades"": 296, ""p25_r"": -1.5676280934670002, ""p75_r"": -0.02352577622725, ""p95_r"": 2.442872884784, ""p99_r"": 3.481865772555, ""payoff_ratio"": 0.7434755313865683, ""sample_score"": 5.6937321388027, ""state_variable"": ""entry_state_oi_level"", ""tail_10r_count"": 0, ""tail_10r_rate"": 0.0, ""tail_2r_count"": 19, ""tail_2r_rate"": 0.0641891891891891, ""tail_3r_count"": 6, ""tail_3r_rate"": 0.0202702702702702, ""tail_5r_count"": 0, ""tail_5r_rate"": 0.0, ""weak_sample"": false, ""win_rate"": 0.2432432432432432}",research/state_findings/tier2/l1_h11a_combined_state_findings.csv,2026-06-23T01:08:35+00:00
5ad3348c30dd7acfa91fc24ca8d19e719b3dc56b,entry_state_oi_level,entry_state_oi_level_b0,,,l1_h11a_volatile,volatile,,296,-0.8791198931,-0.8531251883,,2.4428728848,3.4818657726,3.7889342283,-13.413984803,0.0202702703,0.0,0.0,1.6708498998,1.6790693238,-6.2968812179,0.0259947048,OI_BUILDUP_AVOID_STATE,,"{""avg_cost_drag_r"": 0.0259947048, ""avg_exit_efficiency"": -6.2968812179, ""avg_fee_drag_r"": 0.0259947048, ""avg_mae_r"": 1.6790693238, ""avg_mfe_r"": 1.6708498998, ""avg_r_loss"": -1.5264847309, ""avg_r_win"": 1.1349040464, ""avg_slippage_drag_r"": 0.0129947876, ""avg_spread_drag_r"": null, ""bucket"": ""entry_state_oi_level_b0"", ""cost_drag_to_ev_ratio"": -0.0295690099, ""dataset_type"": ""volatile"", ""ev_r_gross"": -0.8531251883, ""ev_r_net"": -0.8791198931, ""experiment_id"": ""b59f82c3-ea8b-4ae2-b31e-b59e5497824e"", ""experiment_root"": ""outputs/tier2/l1_h11a_parallel_vol"", ""finding_score"": 5.0054731894, ""finding_type"": ""OI_BUILDUP_AVOID_STATE"", ""hypothesis_id"": ""4f534213-d8ba-48e0-87ce-9b2985954148"", ""hypothesis_name"": ""l1_h11a_volatile"", ""max_r"": 3.7889342283, ""median_mae_r"": 1.2328496239, ""median_mfe_r"": 0.7827539484, ""median_r_net"": -0.706249611, ""min_r"": -13.413984803, ""n_trades"": 296, ""p25_r"": -1.5676280935, ""p75_r"": -0.0235257762, ""p95_r"": 2.4428728848, ""p99_r"": 3.4818657726, ""payoff_ratio"": 0.7434755314, ""sample_score"": 5.6937321388, ""state_variable"": ""entry_state_oi_level"", ""tail_10r_count"": 0, ""tail_10r_rate"": 0.0, ""tail_2r_count"": 19, ""tail_2r_rate"": 0.0641891892, ""tail_3r_count"": 6, ""tail_3r_rate"": 0.0202702703, ""tail_5r_count"": 0, ""tail_5r_rate"": 0.0, ""weak_sample"": false, ""win_rate"": 0.2432432432}",research/state_findings/tier2/l1_h11a_combined_state_findings.json,2026-06-23T01:08:35+00:00
f0bd37b392b3b58d41720148ae5a5c8672a5baa3,csi_x_funding,entry_state_csi_pctile_b0__entry_state_funding_pctile_b2,,,l1_h11a_stable,stable,,153,-0.8696709533,-0.7604815784,,1.7184231875,2.5713781591,9.9251720241,-6.1089593855,0.0065359477,0.0065359477,0.0,1.672095974,1.3675783373,-2.9854203005,0.1091893749,FUNDING_EXTREME_AVOID_STATE,,"{""avg_cost_drag_r"": 0.1091893749, ""avg_exit_efficiency"": -2.9854203005, ""avg_fee_drag_r"": 0.1091893749, ""avg_mae_r"": 1.3675783373, ""avg_mfe_r"": 1.672095974, ""avg_r_loss"": -1.5457955245, ""avg_r_win"": 1.2500709456, ""avg_slippage_drag_r"": 0.0545999902, ""avg_spread_drag_r"": null, ""bucket"": ""entry_state_csi_pctile_b0__entry_state_funding_pctile_b2"", ""cost_drag_to_ev_ratio"": -0.1255525144, ""dataset_type"": ""stable"", ""ev_r_gross"": -0.7604815784, ""ev_r_net"": -0.8696709533, ""experiment_id"": ""36021d7e-455c-4270-b3ab-ec633b06cb05"", ""experiment_root"": ""outputs/tier2/l1_h11a_parallel_stable"", ""finding_score"": 4.3804913714, ""finding_type"": ""FUNDING_EXTREME_AVOID_STATE"", ""hypothesis_id"": ""4f534213-d8ba-48e0-87ce-9b2985954148"", ""hypothesis_name"": ""l1_h11a_stable"", ""max_r"": 9.9251720241, ""median_mae_r"": 1.0818521152, ""median_mfe_r"": 1.1833493812, ""median_r_net"": -1.0053854517, ""min_r"": -6.1089593855, ""n_trades"": 153, ""p25_r"": -1.5637293878, ""p75_r"": -0.1172533949, ""p95_r"": 1.7184231875, ""p99_r"": 2.5713781591, ""payoff_ratio"": 0.8086910111, ""sample_score"": 5.0369526024, ""state_variable"": ""csi_x_funding"", ""tail_10r_count"": 0, ""tail_10r_rate"": 0.0, ""tail_2r_count"": 6, ""tail_2r_rate"": 0.0392156863, ""tail_3r_count"": 1, ""tail_3r_rate"": 0.0065359477, ""tail_5r_count"": 1, ""tail_5r_rate"": 0.0065359477, ""weak_sample"": false, ""win_rate"": 0.2418300654}",research/state_findings/tier2/l1_h11a_combined_state_findings.json,2026-06-23T01:08:35+00:00
8a1393c073c662a2ac974b08d0ee68f1448f4640,csi_x_funding,entry_state_csi_pctile_b0__entry_state_funding_pctile_b2,,,l1_h11a_stable,stable,,153,-0.8696709532811961,-0.7604815784229739,,1.7184231874706,2.5713781591254,9.925172024134,-6.108959385483,0.0065359477124183,0.0065359477124183,0.0,1.6720959740376669,1.3675783372750392,-2.985420300530341,0.1091893748582222,FUNDING_EXTREME_AVOID_STATE,,"{""avg_cost_drag_r"": 0.1091893748582222, ""avg_exit_efficiency"": -2.985420300530341, ""avg_fee_drag_r"": 0.1091893748582073, ""avg_mae_r"": 1.3675783372750392, ""avg_mfe_r"": 1.6720959740376669, ""avg_r_loss"": -1.545795524474974, ""avg_r_win"": 1.2500709455965944, ""avg_slippage_drag_r"": 0.0545999901664643, ""avg_spread_drag_r"": NaN, ""bucket"": ""entry_state_csi_pctile_b0__entry_state_funding_pctile_b2"", ""cost_drag_to_ev_ratio"": -0.1255525143690953, ""dataset_type"": ""stable"", ""ev_r_gross"": -0.7604815784229739, ""ev_r_net"": -0.8696709532811961, ""experiment_id"": ""36021d7e-455c-4270-b3ab-ec633b06cb05"", ""experiment_root"": ""outputs/tier2/l1_h11a_parallel_stable"", ""finding_score"": 4.380491371373263, ""finding_type"": ""FUNDING_EXTREME_AVOID_STATE"", ""hypothesis_id"": ""4f534213-d8ba-48e0-87ce-9b2985954148"", ""hypothesis_name"": ""l1_h11a_stable"", ""max_r"": 9.925172024134, ""median_mae_r"": 1.081852115196, ""median_mfe_r"": 1.183349381234, ""median_r_net"": -1.005385451672, ""min_r"": -6.108959385483, ""n_trades"": 153, ""p25_r"": -1.563729387783, ""p75_r"": -0.117253394925, ""p95_r"": 1.7184231874706, ""p99_r"": 2.5713781591254, ""payoff_ratio"": 0.8086910110709359, ""sample_score"": 5.0369526024136295, ""state_variable"": ""csi_x_funding"", ""tail_10r_count"": 0, ""tail_10r_rate"": 0.0, ""tail_2r_count"": 6, ""tail_2r_rate"": 0.0392156862745098, ""tail_3r_count"": 1, ""tail_3r_rate"": 0.0065359477124183, ""tail_5r_count"": 1, ""tail_5r_rate"": 0.0065359477124183, ""weak_sample"": false, ""win_rate"": 0.2418300653594771}",research/state_findings/tier2/l1_h11a_combined_state_findings.csv,2026-06-23T01:08:35+00:00
1b40dcdac89eaf88a3726d8504855e2d781ebdd5,funding_x_oi,entry_state_funding_pctile_b2__entry_state_oi_accel_pctile_b2,,,,,,87,-0.862740113936292,,,,,,,,,,,,,,,,"{""bucket"": ""entry_state_funding_pctile_b2__entry_state_oi_accel_pctile_b2"", ""ev_r_net"": -0.862740113936292, ""n_datasets"": 2, ""n_hypotheses"": 1, ""n_trades"": 87, ""state_variable"": ""funding_x_oi"", ""tail_5r_count"": 0}",research/state_findings/tier2/l1_h11a_combined_cross_state_aggregate.csv,2026-06-23T01:08:35+00:00
400d194327e7528bf31e9f143cd556d5be61004b,entry_state_oi_level,entry_state_oi_level_b0,,,,,,900,-0.8469169002940096,,,,,,,,,,,,,,,,"{""bucket"": ""entry_state_oi_level_b0"", ""ev_r_net"": -0.8469169002940096, ""n_datasets"": 2, ""n_hypotheses"": 1, ""n_trades"": 900, ""state_variable"": ""entry_state_oi_level"", ""tail_5r_count"": 7}",research/state_findings/tier2/l1_h11a_combined_cross_state_aggregate.csv,2026-06-23T01:08:35+00:00
ff93fc3bc7dbd455430ff56f072b9911663129db,displacement_x_oi,no_impulse__entry_state_oi_accel_pctile_b3,,,l1_h11a_stable,stable,,280,-0.8209305801243285,-0.6649312503889143,,2.591677412366356,3.38390680178148,5.943128046303,-3.967423781678,0.05,0.0035714285714285,0.0,1.5482993762498714,1.4044828264464355,-5.737724727066095,0.1559993297354142,OI_BUILDUP_AVOID_STATE,,"{""avg_cost_drag_r"": 0.1559993297354142, ""avg_exit_efficiency"": -5.737724727066095, ""avg_fee_drag_r"": 0.1559993297354039, ""avg_mae_r"": 1.4044828264464355, ""avg_mfe_r"": 1.5482993762498714, ""avg_r_loss"": -1.458010526792613, ""avg_r_win"": 1.3734559028442066, ""avg_slippage_drag_r"": 0.0780037858934105, ""avg_spread_drag_r"": NaN, ""bucket"": ""no_impulse__entry_state_oi_accel_pctile_b3"", ""cost_drag_to_ev_ratio"": -0.1900274316883023, ""dataset_type"": ""stable"", ""ev_r_gross"": -0.6649312503889143, ""ev_r_net"": -0.8209305801243285, ""experiment_id"": ""36021d7e-455c-4270-b3ab-ec633b06cb05"", ""experiment_root"": ""outputs/tier2/l1_h11a_parallel_stable"", ""finding_score"": 4.628697769642868, ""finding_type"": ""OI_BUILDUP_AVOID_STATE"", ""hypothesis_id"": ""4f534213-d8ba-48e0-87ce-9b2985954148"", ""hypothesis_name"": ""l1_h11a_stable"", ""max_r"": 5.943128046303, ""median_mae_r"": 1.17381923811, ""median_mfe_r"": 0.99285274918, ""median_r_net"": -1.004708979587, ""min_r"": -3.967423781678, ""n_trades"": 280, ""p25_r"": -1.701075062447, ""p75_r"": -0.191320382865, ""p95_r"": 2.591677412366356, ""p99_r"": 3.38390680178148, ""payoff_ratio"": 0.942006849474254, ""sample_score"": 5.638354669333745, ""state_variable"": ""displacement_x_oi"", ""tail_10r_count"": 0, ""tail_10r_rate"": 0.0, ""tail_2r_count"": 19, ""tail_2r_rate"": 0.0678571428571428, ""tail_3r_count"": 14, ""tail_3r_rate"": 0.05, ""tail_5r_count"": 1, ""tail_5r_rate"": 0.0035714285714285, ""weak_sample"": false, ""win_rate"": 0.225}",research/state_findings/tier2/l1_h11a_combined_state_findings.csv,2026-06-23T01:08:35+00:00
df083ceb4bf296c8e113de4d87b5394de1e89b25,displacement_x_oi,no_impulse__entry_state_oi_accel_pctile_b3,,,l1_h11a_stable,stable,,280,-0.8209305801,-0.6649312504,,2.5916774124,3.3839068018,5.9431280463,-3.9674237817,0.05,0.0035714286,0.0,1.5482993762,1.4044828264,-5.7377247271,0.1559993297,OI_BUILDUP_AVOID_STATE,,"{""avg_cost_drag_r"": 0.1559993297, ""avg_exit_efficiency"": -5.7377247271, ""avg_fee_drag_r"": 0.1559993297, ""avg_mae_r"": 1.4044828264, ""avg_mfe_r"": 1.5482993762, ""avg_r_loss"": -1.4580105268, ""avg_r_win"": 1.3734559028, ""avg_slippage_drag_r"": 0.0780037859, ""avg_spread_drag_r"": null, ""bucket"": ""no_impulse__entry_state_oi_accel_pctile_b3"", ""cost_drag_to_ev_ratio"": -0.1900274317, ""dataset_type"": ""stable"", ""ev_r_gross"": -0.6649312504, ""ev_r_net"": -0.8209305801, ""experiment_id"": ""36021d7e-455c-4270-b3ab-ec633b06cb05"", ""experiment_root"": ""outputs/tier2/l1_h11a_parallel_stable"", ""finding_score"": 4.6286977696, ""finding_type"": ""OI_BUILDUP_AVOID_STATE"", ""hypothesis_id"": ""4f534213-d8ba-48e0-87ce-9b2985954148"", ""hypothesis_name"": ""l1_h11a_stable"", ""max_r"": 5.9431280463, ""median_mae_r"": 1.1738192381, ""median_mfe_r"": 0.9928527492, ""median_r_net"": -1.0047089796, ""min_r"": -3.9674237817, ""n_trades"": 280, ""p25_r"": -1.7010750624, ""p75_r"": -0.1913203829, ""p95_r"": 2.5916774124, ""p99_r"": 3.3839068018, ""payoff_ratio"": 0.9420068495, ""sample_score"": 5.6383546693, ""state_variable"": ""displacement_x_oi"", ""tail_10r_count"": 0, ""tail_10r_rate"": 0.0, ""tail_2r_count"": 19, ""tail_2r_rate"": 0.0678571429, ""tail_3r_count"": 14, ""tail_3r_rate"": 0.05, ""tail_5r_count"": 1, ""tail_5r_rate"": 0.0035714286, ""weak_sample"": false, ""win_rate"": 0.225}",research/state_findings/tier2/l1_h11a_combined_state_findings.json,2026-06-23T01:08:35+00:00
9e95ae8eb47e7964029044aa36ee1a6f465734d5,entry_state_oi_level,entry_state_oi_level_b0,,,l1_h11a_stable,stable,,604,-0.8147139074470594,-0.6365108396125397,,2.0632430755524,5.575091364612935,14.401716497175,-3.967423781678,0.0281456953642384,0.0115894039735099,0.0082781456953642,2.0173718484773127,1.5050210919050264,-7.21120694815686,0.1782030678345199,OI_BUILDUP_AVOID_STATE,,"{""avg_cost_drag_r"": 0.1782030678345199, ""avg_exit_efficiency"": -7.21120694815686, ""avg_fee_drag_r"": 0.1782030678345382, ""avg_mae_r"": 1.5050210919050264, ""avg_mfe_r"": 2.0173718484773127, ""avg_r_loss"": -1.5116084456087246, ""avg_r_win"": 1.776862656341633, ""avg_slippage_drag_r"": 0.0891068119201807, ""avg_spread_drag_r"": NaN, ""bucket"": ""entry_state_oi_level_b0"", ""cost_drag_to_ev_ratio"": -0.2187308528866614, ""dataset_type"": ""stable"", ""ev_r_gross"": -0.6365108396125397, ""ev_r_net"": -0.8147139074470594, ""experiment_id"": ""36021d7e-455c-4270-b3ab-ec633b06cb05"", ""experiment_root"": ""outputs/tier2/l1_h11a_parallel_stable"", ""finding_score"": 5.218428705133411, ""finding_type"": ""OI_BUILDUP_AVOID_STATE"", ""hypothesis_id"": ""4f534213-d8ba-48e0-87ce-9b2985954148"", ""hypothesis_name"": ""l1_h11a_stable"", ""max_r"": 14.401716497175, ""median_mae_r"": 1.3405451968555, ""median_mfe_r"": 1.1695537519935, ""median_r_net"": -1.1299078227839998, ""min_r"": -3.967423781678, ""n_trades"": 604, ""p25_r"": -1.794818270451, ""p75_r"": -0.29515388763025, ""p95_r"": 2.0632430755524, ""p99_r"": 5.575091364612935, ""payoff_ratio"": 1.1754781216680028, ""sample_score"": 6.405228458030842, ""state_variable"": ""entry_state_oi_level"", ""tail_10r_count"": 5, ""tail_10r_rate"": 0.0082781456953642, ""tail_2r_count"": 37, ""tail_2r_rate"": 0.0612582781456953, ""tail_3r_count"": 17, ""tail_3r_rate"": 0.0281456953642384, ""tail_5r_count"": 7, ""tail_5r_rate"": 0.0115894039735099, ""weak_sample"": false, ""win_rate"": 0.2119205298013245}",research/state_findings/tier2/l1_h11a_combined_state_findings.csv,2026-06-23T01:08:35+00:00
9151b72b4496048eb9fec42eea26bb05a604f7c9,entry_state_oi_level,entry_state_oi_level_b0,,,l1_h11a_stable,stable,,604,-0.8147139074,-0.6365108396,,2.0632430756,5.5750913646,14.4017164972,-3.9674237817,0.0281456954,0.011589404,0.0082781457,2.0173718485,1.5050210919,-7.2112069482,0.1782030678,OI_BUILDUP_AVOID_STATE,,"{""avg_cost_drag_r"": 0.1782030678, ""avg_exit_efficiency"": -7.2112069482, ""avg_fee_drag_r"": 0.1782030678, ""avg_mae_r"": 1.5050210919, ""avg_mfe_r"": 2.0173718485, ""avg_r_loss"": -1.5116084456, ""avg_r_win"": 1.7768626563, ""avg_slippage_drag_r"": 0.0891068119, ""avg_spread_drag_r"": null, ""bucket"": ""entry_state_oi_level_b0"", ""cost_drag_to_ev_ratio"": -0.2187308529, ""dataset_type"": ""stable"", ""ev_r_gross"": -0.6365108396, ""ev_r_net"": -0.8147139074, ""experiment_id"": ""36021d7e-455c-4270-b3ab-ec633b06cb05"", ""experiment_root"": ""outputs/tier2/l1_h11a_parallel_stable"", ""finding_score"": 5.2184287051, ""finding_type"": ""OI_BUILDUP_AVOID_STATE"", ""hypothesis_id"": ""4f534213-d8ba-48e0-87ce-9b2985954148"", ""hypothesis_name"": ""l1_h11a_stable"", ""max_r"": 14.4017164972, ""median_mae_r"": 1.3405451969, ""median_mfe_r"": 1.169553752, ""median_r_net"": -1.1299078228, ""min_r"": -3.9674237817, ""n_trades"": 604, ""p25_r"": -1.7948182705, ""p75_r"": -0.2951538876, ""p95_r"": 2.0632430756, ""p99_r"": 5.5750913646, ""payoff_ratio"": 1.1754781217, ""sample_score"": 6.405228458, ""state_variable"": ""entry_state_oi_level"", ""tail_10r_count"": 5, ""tail_10r_rate"": 0.0082781457, ""tail_2r_count"": 37, ""tail_2r_rate"": 0.0612582781, ""tail_3r_count"": 17, ""tail_3r_rate"": 0.0281456954, ""tail_5r_count"": 7, ""tail_5r_rate"": 0.011589404, ""weak_sample"": false, ""win_rate"": 0.2119205298}",research/state_findings/tier2/l1_h11a_combined_state_findings.json,2026-06-23T01:08:35+00:00
0b2e226a6262fbe72dd1878c687fb428b06e62a5,displacement_x_oi,strong_impulse__entry_state_oi_accel_pctile_b3,,,l1_h11a_volatile,volatile,,29,-0.8138630017,-0.7955625001,,2.1631774651,2.7331804844,2.8541561265,-4.5887651405,0.0,0.0,0.0,1.4872661252,2.0095111187,-6.0469498368,0.0183005016,FRAGILE_STATE,,"{""avg_cost_drag_r"": 0.0183005016, ""avg_exit_efficiency"": -6.0469498368, ""avg_fee_drag_r"": 0.0183005016, ""avg_mae_r"": 2.0095111187, ""avg_mfe_r"": 1.4872661252, ""avg_r_loss"": -1.6603958568, ""avg_r_win"": 1.4082857429, ""avg_slippage_drag_r"": 0.0091445694, ""avg_spread_drag_r"": null, ""bucket"": ""strong_impulse__entry_state_oi_accel_pctile_b3"", ""cost_drag_to_ev_ratio"": -0.0224859732, ""dataset_type"": ""volatile"", ""ev_r_gross"": -0.7955625001, ""ev_r_net"": -0.8138630017, ""experiment_id"": ""b59f82c3-ea8b-4ae2-b31e-b59e5497824e"", ""experiment_root"": ""outputs/tier2/l1_h11a_parallel_vol"", ""finding_score"": -2.7772589612, ""finding_type"": ""FRAGILE_STATE"", ""hypothesis_id"": ""4f534213-d8ba-48e0-87ce-9b2985954148"", ""hypothesis_name"": ""l1_h11a_volatile"", ""max_r"": 2.8541561265, ""median_mae_r"": 1.1113885469, ""median_mfe_r"": 0.7045260318, ""median_r_net"": -0.921360522, ""min_r"": -4.5887651405, ""n_trades"": 29, ""p25_r"": -1.2100562526, ""p75_r"": 0.7870354752, ""p95_r"": 2.1631774651, ""p99_r"": 2.7331804844, ""payoff_ratio"": 0.8481626458, ""sample_score"": 3.4011973817, ""state_variable"": ""displacement_x_oi"", ""tail_10r_count"": 0, ""tail_10r_rate"": 0.0, ""tail_2r_count"": 2, ""tail_2r_rate"": 0.0689655172, ""tail_3r_count"": 0, ""tail_3r_rate"": 0.0, ""tail_5r_count"": 0, ""tail_5r_rate"": 0.0, ""weak_sample"": false, ""win_rate"": 0.275862069}",research/state_findings/tier2/l1_h11a_combined_state_findings.json,2026-06-23T01:08:35+00:00
c310d605b6125d8db13f35e7ad93f1386d237ee3,displacement_x_oi,strong_impulse__entry_state_oi_accel_pctile_b3,,,l1_h11a_volatile,volatile,,29,-0.8138630016881724,-0.7955625000501036,,2.1631774651265987,2.73318048437092,2.854156126497,-4.588765140499,0.0,0.0,0.0,1.487266125232414,2.009511118664069,-6.04694983681924,0.0183005016380689,FRAGILE_STATE,,"{""avg_cost_drag_r"": 0.0183005016380689, ""avg_exit_efficiency"": -6.04694983681924, ""avg_fee_drag_r"": 0.018300501638115, ""avg_mae_r"": 2.009511118664069, ""avg_mfe_r"": 1.487266125232414, ""avg_r_loss"": -1.660395856784857, ""avg_r_win"": 1.408285742940625, ""avg_slippage_drag_r"": 0.0091445693896837, ""avg_spread_drag_r"": NaN, ""bucket"": ""strong_impulse__entry_state_oi_accel_pctile_b3"", ""cost_drag_to_ev_ratio"": -0.0224859731921819, ""dataset_type"": ""volatile"", ""ev_r_gross"": -0.7955625000501036, ""ev_r_net"": -0.8138630016881724, ""experiment_id"": ""b59f82c3-ea8b-4ae2-b31e-b59e5497824e"", ""experiment_root"": ""outputs/tier2/l1_h11a_parallel_vol"", ""finding_score"": -2.777258961192549, ""finding_type"": ""FRAGILE_STATE"", ""hypothesis_id"": ""4f534213-d8ba-48e0-87ce-9b2985954148"", ""hypothesis_name"": ""l1_h11a_volatile"", ""max_r"": 2.854156126497, ""median_mae_r"": 1.111388546919, ""median_mfe_r"": 0.704526031803, ""median_r_net"": -0.921360521995, ""min_r"": -4.588765140499, ""n_trades"": 29, ""p25_r"": -1.210056252603, ""p75_r"": 0.787035475209, ""p95_r"": 2.1631774651265987, ""p99_r"": 2.73318048437092, ""payoff_ratio"": 0.8481626457847162, ""sample_score"": 3.4011973816621555, ""state_variable"": ""displacement_x_oi"", ""tail_10r_count"": 0, ""tail_10r_rate"": 0.0, ""tail_2r_count"": 2, ""tail_2r_rate"": 0.0689655172413793, ""tail_3r_count"": 0, ""tail_3r_rate"": 0.0, ""tail_5r_count"": 0, ""tail_5r_rate"": 0.0, ""weak_sample"": false, ""win_rate"": 0.2758620689655172}",research/state_findings/tier2/l1_h11a_combined_state_findings.csv,2026-06-23T01:08:35+00:00
4c5d9645790c89ea1a2f3209bcb38d98368c722e,csi_x_oi,entry_state_csi_pctile_b3__entry_state_oi_accel_pctile_b0,,,l1_h11a_stable,stable,,89,-0.7856019979103034,-0.6517690737784495,,1.8753612240755984,4.393389151521968,6.039003805729,-2.991602925697,0.0224719101123595,0.0112359550561797,0.0,1.619719655273292,1.2630128246269552,-3.874489163452268,0.1338329241318539,OI_BUILDUP_AVOID_STATE,,"{""avg_cost_drag_r"": 0.1338329241318539, ""avg_exit_efficiency"": -3.874489163452268, ""avg_fee_drag_r"": 0.1338329241317965, ""avg_mae_r"": 1.2630128246269552, ""avg_mfe_r"": 1.619719655273292, ""avg_r_loss"": -1.3188957485757973, ""avg_r_win"": 1.8453138387061336, ""avg_slippage_drag_r"": 0.0669222993276255, ""avg_spread_drag_r"": NaN, ""bucket"": ""entry_state_csi_pctile_b3__entry_state_oi_accel_pctile_b0"", ""cost_drag_to_ev_ratio"": -0.170357158571196, ""dataset_type"": ""stable"", ""ev_r_gross"": -0.6517690737784495, ""ev_r_net"": -0.7856019979103034, ""experiment_id"": ""36021d7e-455c-4270-b3ab-ec633b06cb05"", ""experiment_root"": ""outputs/tier2/l1_h11a_parallel_stable"", ""finding_score"": 3.53505946722756, ""finding_type"": ""OI_BUILDUP_AVOID_STATE"", ""hypothesis_id"": ""4f534213-d8ba-48e0-87ce-9b2985954148"", ""hypothesis_name"": ""l1_h11a_stable"", ""max_r"": 6.039003805729, ""median_mae_r"": 1.205178509259, ""median_mfe_r"": 1.50582242873, ""median_r_net"": -1.094847121981, ""min_r"": -2.991602925697, ""n_trades"": 89, ""p25_r"": -1.374074483979, ""p75_r"": -0.722580592387, ""p95_r"": 1.8753612240755984, ""p99_r"": 4.393389151521968, ""payoff_ratio"": 1.3991354818595678, ""sample_score"": 4.499809670330265, ""state_variable"": ""csi_x_oi"", ""tail_10r_count"": 0, ""tail_10r_rate"": 0.0, ""tail_2r_count"": 2, ""tail_2r_rate"": 0.0224719101123595, ""tail_3r_count"": 2, ""tail_3r_rate"": 0.0224719101123595, ""tail_5r_count"": 1, ""tail_5r_rate"": 0.0112359550561797, ""weak_sample"": false, ""win_rate"": 0.1685393258426966}",research/state_findings/tier2/l1_h11a_combined_state_findings.csv,2026-06-23T01:08:35+00:00
1d1e7ddeb5ba0b2ef71c8c878c4dfc4cfed79dc9,csi_x_oi,entry_state_csi_pctile_b3__entry_state_oi_accel_pctile_b0,,,l1_h11a_stable,stable,,89,-0.7856019979,-0.6517690738,,1.8753612241,4.3933891515,6.0390038057,-2.9916029257,0.0224719101,0.0112359551,0.0,1.6197196553,1.2630128246,-3.8744891635,0.1338329241,OI_BUILDUP_AVOID_STATE,,"{""avg_cost_drag_r"": 0.1338329241, ""avg_exit_efficiency"": -3.8744891635, ""avg_fee_drag_r"": 0.1338329241, ""avg_mae_r"": 1.2630128246, ""avg_mfe_r"": 1.6197196553, ""avg_r_loss"": -1.3188957486, ""avg_r_win"": 1.8453138387, ""avg_slippage_drag_r"": 0.0669222993, ""avg_spread_drag_r"": null, ""bucket"": ""entry_state_csi_pctile_b3__entry_state_oi_accel_pctile_b0"", ""cost_drag_to_ev_ratio"": -0.1703571586, ""dataset_type"": ""stable"", ""ev_r_gross"": -0.6517690738, ""ev_r_net"": -0.7856019979, ""experiment_id"": ""36021d7e-455c-4270-b3ab-ec633b06cb05"", ""experiment_root"": ""outputs/tier2/l1_h11a_parallel_stable"", ""finding_score"": 3.5350594672, ""finding_type"": ""OI_BUILDUP_AVOID_STATE"", ""hypothesis_id"": ""4f534213-d8ba-48e0-87ce-9b2985954148"", ""hypothesis_name"": ""l1_h11a_stable"", ""max_r"": 6.0390038057, ""median_mae_r"": 1.2051785093, ""median_mfe_r"": 1.5058224287, ""median_r_net"": -1.094847122, ""min_r"": -2.9916029257, ""n_trades"": 89, ""p25_r"": -1.374074484, ""p75_r"": -0.7225805924, ""p95_r"": 1.8753612241, ""p99_r"": 4.3933891515, ""payoff_ratio"": 1.3991354819, ""sample_score"": 4.4998096703, ""state_variable"": ""csi_x_oi"", ""tail_10r_count"": 0, ""tail_10r_rate"": 0.0, ""tail_2r_count"": 2, ""tail_2r_rate"": 0.0224719101, ""tail_3r_count"": 2, ""tail_3r_rate"": 0.0224719101, ""tail_5r_count"": 1, ""tail_5r_rate"": 0.0112359551, ""weak_sample"": false, ""win_rate"": 0.1685393258}",research/state_findings/tier2/l1_h11a_combined_state_findings.json,2026-06-23T01:08:35+00:00
635f191ae6443f296632a9c9c8b47fb3f52328ef,displacement_x_oi,extreme_impulse__entry_state_oi_accel_pctile_b2,,,l1_h11a_stable,stable,,62,-0.7721250739046773,-0.6044091453190484,,2.0630270907525,7.48751337141818,7.489881097741,-10.724673546259,0.032258064516129,0.032258064516129,0.0,2.558826519740742,1.7428992706014514,-2.7291992519252406,0.167715928585629,OI_BUILDUP_AVOID_STATE,,"{""avg_cost_drag_r"": 0.167715928585629, ""avg_exit_efficiency"": -2.7291992519252406, ""avg_fee_drag_r"": 0.1677159285856369, ""avg_mae_r"": 1.7428992706014514, ""avg_mfe_r"": 2.558826519740742, ""avg_r_loss"": -2.512046630699216, ""avg_r_win"": 1.80295883015124, ""avg_slippage_drag_r"": 0.0838868089343313, ""avg_spread_drag_r"": NaN, ""bucket"": ""extreme_impulse__entry_state_oi_accel_pctile_b2"", ""cost_drag_to_ev_ratio"": -0.2172134207965566, ""dataset_type"": ""stable"", ""ev_r_gross"": -0.6044091453190484, ""ev_r_net"": -0.7721250739046773, ""experiment_id"": ""36021d7e-455c-4270-b3ab-ec633b06cb05"", ""experiment_root"": ""outputs/tier2/l1_h11a_parallel_stable"", ""finding_score"": 3.1990182068120974, ""finding_type"": ""OI_BUILDUP_AVOID_STATE"", ""hypothesis_id"": ""4f534213-d8ba-48e0-87ce-9b2985954148"", ""hypothesis_name"": ""l1_h11a_stable"", ""max_r"": 7.489881097741, ""median_mae_r"": 1.5291362679405, ""median_mfe_r"": 1.693403542829, ""median_r_net"": -1.2302427522095, ""min_r"": -10.724673546259, ""n_trades"": 62, ""p25_r"": -2.4612615045975, ""p75_r"": 0.94055992409675, ""p95_r"": 2.0630270907525, ""p99_r"": 7.48751337141818, ""payoff_ratio"": 0.7177250645420523, ""sample_score"": 4.143134726391533, ""state_variable"": ""displacement_x_oi"", ""tail_10r_count"": 0, ""tail_10r_rate"": 0.0, ""tail_2r_count"": 9, ""tail_2r_rate"": 0.1451612903225806, ""tail_3r_count"": 2, ""tail_3r_rate"": 0.032258064516129, ""tail_5r_count"": 2, ""tail_5r_rate"": 0.032258064516129, ""weak_sample"": false, ""win_rate"": 0.4032258064516129}",research/state_findings/tier2/l1_h11a_combined_state_findings.csv,2026-06-23T01:08:35+00:00
43b9255067dc0f204eebfeda1062950b76687cca,displacement_x_oi,extreme_impulse__entry_state_oi_accel_pctile_b2,,,l1_h11a_stable,stable,,62,-0.7721250739,-0.6044091453,,2.0630270908,7.4875133714,7.4898810977,-10.7246735463,0.0322580645,0.0322580645,0.0,2.5588265197,1.7428992706,-2.7291992519,0.1677159286,OI_BUILDUP_AVOID_STATE,,"{""avg_cost_drag_r"": 0.1677159286, ""avg_exit_efficiency"": -2.7291992519, ""avg_fee_drag_r"": 0.1677159286, ""avg_mae_r"": 1.7428992706, ""avg_mfe_r"": 2.5588265197, ""avg_r_loss"": -2.5120466307, ""avg_r_win"": 1.8029588302, ""avg_slippage_drag_r"": 0.0838868089, ""avg_spread_drag_r"": null, ""bucket"": ""extreme_impulse__entry_state_oi_accel_pctile_b2"", ""cost_drag_to_ev_ratio"": -0.2172134208, ""dataset_type"": ""stable"", ""ev_r_gross"": -0.6044091453, ""ev_r_net"": -0.7721250739, ""experiment_id"": ""36021d7e-455c-4270-b3ab-ec633b06cb05"", ""experiment_root"": ""outputs/tier2/l1_h11a_parallel_stable"", ""finding_score"": 3.1990182068, ""finding_type"": ""OI_BUILDUP_AVOID_STATE"", ""hypothesis_id"": ""4f534213-d8ba-48e0-87ce-9b2985954148"", ""hypothesis_name"": ""l1_h11a_stable"", ""max_r"": 7.4898810977, ""median_mae_r"": 1.5291362679, ""median_mfe_r"": 1.6934035428, ""median_r_net"": -1.2302427522, ""min_r"": -10.7246735463, ""n_trades"": 62, ""p25_r"": -2.4612615046, ""p75_r"": 0.9405599241, ""p95_r"": 2.0630270908, ""p99_r"": 7.4875133714, ""payoff_ratio"": 0.7177250645, ""sample_score"": 4.1431347264, ""state_variable"": ""displacement_x_oi"", ""tail_10r_count"": 0, ""tail_10r_rate"": 0.0, ""tail_2r_count"": 9, ""tail_2r_rate"": 0.1451612903, ""tail_3r_count"": 2, ""tail_3r_rate"": 0.0322580645, ""tail_5r_count"": 2, ""tail_5r_rate"": 0.0322580645, ""weak_sample"": false, ""win_rate"": 0.4032258065}",research/state_findings/tier2/l1_h11a_combined_state_findings.json,2026-06-23T01:08:35+00:00
4e693c03227a93e59c644bd1e3fd2012e43799f5,funding_x_oi,entry_state_funding_pctile_b0__entry_state_oi_accel_pctile_b3,,,,,,86,-0.7632910745681896,,,,,,,,,,,,,,,,"{""bucket"": ""entry_state_funding_pctile_b0__entry_state_oi_accel_pctile_b3"", ""ev_r_net"": -0.7632910745681896, ""n_datasets"": 2, ""n_hypotheses"": 1, ""n_trades"": 86, ""state_variable"": ""funding_x_oi"", ""tail_5r_count"": 1}",research/state_findings/tier2/l1_h11a_combined_cross_state_aggregate.csv,2026-06-23T01:08:35+00:00
8a2c8779caee60301709f0cc71f3ef0d6404f683,csi_x_oi,entry_state_csi_pctile_b2__entry_state_oi_accel_pctile_b0,,,l1_h11a_volatile,volatile,,38,-0.7408077328,-0.7136698782,,2.7202637652,5.24281784,6.7243178007,-4.6394352219,0.0263157895,0.0263157895,0.0,2.4241042845,2.0966810058,-3.2011084485,0.0271378545,OI_BUILDUP_AVOID_STATE,,"{""avg_cost_drag_r"": 0.0271378545, ""avg_exit_efficiency"": -3.2011084485, ""avg_fee_drag_r"": 0.0271378545, ""avg_mae_r"": 2.0966810058, ""avg_mfe_r"": 2.4241042845, ""avg_r_loss"": -2.1225862241, ""avg_r_win"": 1.3779192874, ""avg_slippage_drag_r"": 0.0135640173, ""avg_spread_drag_r"": null, ""bucket"": ""entry_state_csi_pctile_b2__entry_state_oi_accel_pctile_b0"", ""cost_drag_to_ev_ratio"": -0.0366327906, ""dataset_type"": ""volatile"", ""ev_r_gross"": -0.7136698782, ""ev_r_net"": -0.7408077328, ""experiment_id"": ""b59f82c3-ea8b-4ae2-b31e-b59e5497824e"", ""experiment_root"": ""outputs/tier2/l1_h11a_parallel_vol"", ""finding_score"": 2.7139947969, ""finding_type"": ""OI_BUILDUP_AVOID_STATE"", ""hypothesis_id"": ""4f534213-d8ba-48e0-87ce-9b2985954148"", ""hypothesis_name"": ""l1_h11a_volatile"", ""max_r"": 6.7243178007, ""median_mae_r"": 1.8501136072, ""median_mfe_r"": 1.4069174851, ""median_r_net"": -0.8982103952, ""min_r"": -4.6394352219, ""n_trades"": 38, ""p25_r"": -1.8791242427, ""p75_r"": 0.5439998995, ""p95_r"": 2.7202637652, ""p99_r"": 5.24281784, ""payoff_ratio"": 0.6491699945, ""sample_score"": 3.6635616461, ""state_variable"": ""csi_x_oi"", ""tail_10r_count"": 0, ""tail_10r_rate"": 0.0, ""tail_2r_count"": 5, ""tail_2r_rate"": 0.1315789474, ""tail_3r_count"": 1, ""tail_3r_rate"": 0.0263157895, ""tail_5r_count"": 1, ""tail_5r_rate"": 0.0263157895, ""weak_sample"": false, ""win_rate"": 0.3947368421}",research/state_findings/tier2/l1_h11a_combined_state_findings.json,2026-06-23T01:08:35+00:00
ae23ecdee08ff2300b00f02d0c8b53a2b357daee,csi_x_oi,entry_state_csi_pctile_b2__entry_state_oi_accel_pctile_b0,,,l1_h11a_volatile,volatile,,38,-0.7408077327527632,-0.713669878224184,,2.72026376520595,5.24281783996921,6.724317800707,-4.639435221949,0.0263157894736842,0.0263157894736842,0.0,2.4241042845397374,2.096681005768658,-3.201108448525568,0.0271378545285789,OI_BUILDUP_AVOID_STATE,,"{""avg_cost_drag_r"": 0.0271378545285789, ""avg_exit_efficiency"": -3.201108448525568, ""avg_fee_drag_r"": 0.0271378545285874, ""avg_mae_r"": 2.096681005768658, ""avg_mfe_r"": 2.4241042845397374, ""avg_r_loss"": -2.1225862241344347, ""avg_r_win"": 1.3779192873658002, ""avg_slippage_drag_r"": 0.0135640172792755, ""avg_spread_drag_r"": NaN, ""bucket"": ""entry_state_csi_pctile_b2__entry_state_oi_accel_pctile_b0"", ""cost_drag_to_ev_ratio"": -0.0366327905727138, ""dataset_type"": ""volatile"", ""ev_r_gross"": -0.713669878224184, ""ev_r_net"": -0.7408077327527632, ""experiment_id"": ""b59f82c3-ea8b-4ae2-b31e-b59e5497824e"", ""experiment_root"": ""outputs/tier2/l1_h11a_parallel_vol"", ""finding_score"": 2.7139947968692844, ""finding_type"": ""OI_BUILDUP_AVOID_STATE"", ""hypothesis_id"": ""4f534213-d8ba-48e0-87ce-9b2985954148"", ""hypothesis_name"": ""l1_h11a_volatile"", ""max_r"": 6.724317800707, ""median_mae_r"": 1.850113607178, ""median_mfe_r"": 1.406917485145, ""median_r_net"": -0.898210395222, ""min_r"": -4.639435221949, ""n_trades"": 38, ""p25_r"": -1.8791242426695, ""p75_r"": 0.54399989949675, ""p95_r"": 2.72026376520595, ""p99_r"": 5.24281783996921, ""payoff_ratio"": 0.6491699944616851, ""sample_score"": 3.6635616461296463, ""state_variable"": ""csi_x_oi"", ""tail_10r_count"": 0, ""tail_10r_rate"": 0.0, ""tail_2r_count"": 5, ""tail_2r_rate"": 0.131578947368421, ""tail_3r_count"": 1, ""tail_3r_rate"": 0.0263157894736842, ""tail_5r_count"": 1, ""tail_5r_rate"": 0.0263157894736842, ""weak_sample"": false, ""win_rate"": 0.3947368421052631}",research/state_findings/tier2/l1_h11a_combined_state_findings.csv,2026-06-23T01:08:35+00:00
9a71b8f52b857352a2139fd27f583864d1ed13e2,csi_x_oi,entry_state_csi_pctile_b0__entry_state_oi_accel_pctile_b3,,,,,,40,-0.72756442436045,,,,,,,,,,,,,,,,"{""bucket"": ""entry_state_csi_pctile_b0__entry_state_oi_accel_pctile_b3"", ""ev_r_net"": -0.72756442436045, ""n_datasets"": 2, ""n_hypotheses"": 1, ""n_trades"": 40, ""state_variable"": ""csi_x_oi"", ""tail_5r_count"": 1}",research/state_findings/tier2/l1_h11a_combined_cross_state_aggregate.csv,2026-06-23T01:08:35+00:00
30b1d272cf64b92f788d55d4321069a6341bd3f7,liquidity_x_funding,entry_state_spread_proxy_pctile_b1__entry_state_funding_pctile_b3,,,l1_h11a_stable,stable,,646,-0.7169447190143422,-0.6132482401546393,,3.25714730813225,10.1149736555906,20.714782629745,-5.621104516212,0.0588235294117647,0.0201238390092879,0.0123839009287925,1.8652689638545203,1.4591358619437385,-4.464023324292255,0.1036964788597027,FUNDING_EXTREME_AVOID_STATE,,"{""avg_cost_drag_r"": 0.1036964788597027, ""avg_exit_efficiency"": -4.464023324292255, ""avg_fee_drag_r"": 0.1036964788597141, ""avg_mae_r"": 1.4591358619437385, ""avg_mfe_r"": 1.8652689638545203, ""avg_r_loss"": -1.4461315651407682, ""avg_r_win"": 3.172051793659931, ""avg_slippage_drag_r"": 0.0518532236791738, ""avg_spread_drag_r"": NaN, ""bucket"": ""entry_state_spread_proxy_pctile_b1__entry_state_funding_pctile_b3"", ""cost_drag_to_ev_ratio"": -0.144636645071136, ""dataset_type"": ""stable"", ""ev_r_gross"": -0.6132482401546393, ""ev_r_net"": -0.7169447190143422, ""experiment_id"": ""36021d7e-455c-4270-b3ab-ec633b06cb05"", ""experiment_root"": ""outputs/tier2/l1_h11a_parallel_stable"", ""finding_score"": 4.640314495474468, ""finding_type"": ""FUNDING_EXTREME_AVOID_STATE"", ""hypothesis_id"": ""4f534213-d8ba-48e0-87ce-9b2985954148"", ""hypothesis_name"": ""l1_h11a_stable"", ""max_r"": 20.714782629745, ""median_mae_r"": 1.163471703042, ""median_mfe_r"": 0.815177272138, ""median_r_net"": -1.0718589025049998, ""min_r"": -5.621104516212, ""n_trades"": 646, ""p25_r"": -1.606940291087, ""p75_r"": -0.60293097391575, ""p95_r"": 3.25714730813225, ""p99_r"": 10.1149736555906, ""payoff_ratio"": 2.1934738651190147, ""sample_score"": 6.472346294500901, ""state_variable"": ""liquidity_x_funding"", ""tail_10r_count"": 8, ""tail_10r_rate"": 0.0123839009287925, ""tail_2r_count"": 40, ""tail_2r_rate"": 0.0619195046439628, ""tail_3r_count"": 38, ""tail_3r_rate"": 0.0588235294117647, ""tail_5r_count"": 13, ""tail_5r_rate"": 0.0201238390092879, ""weak_sample"": false, ""win_rate"": 0.1578947368421052}",research/state_findings/tier2/l1_h11a_combined_state_findings.csv,2026-06-23T01:08:35+00:00
580213425a1f7d38d144ff56d3bf0272eeda93c3,liquidity_x_funding,entry_state_spread_proxy_pctile_b1__entry_state_funding_pctile_b3,,,l1_h11a_stable,stable,,646,-0.716944719,-0.6132482402,,3.2571473081,10.1149736556,20.7147826297,-5.6211045162,0.0588235294,0.020123839,0.0123839009,1.8652689639,1.4591358619,-4.4640233243,0.1036964789,FUNDING_EXTREME_AVOID_STATE,,"{""avg_cost_drag_r"": 0.1036964789, ""avg_exit_efficiency"": -4.4640233243, ""avg_fee_drag_r"": 0.1036964789, ""avg_mae_r"": 1.4591358619, ""avg_mfe_r"": 1.8652689639, ""avg_r_loss"": -1.4461315651, ""avg_r_win"": 3.1720517937, ""avg_slippage_drag_r"": 0.0518532237, ""avg_spread_drag_r"": null, ""bucket"": ""entry_state_spread_proxy_pctile_b1__entry_state_funding_pctile_b3"", ""cost_drag_to_ev_ratio"": -0.1446366451, ""dataset_type"": ""stable"", ""ev_r_gross"": -0.6132482402, ""ev_r_net"": -0.716944719, ""experiment_id"": ""36021d7e-455c-4270-b3ab-ec633b06cb05"", ""experiment_root"": ""outputs/tier2/l1_h11a_parallel_stable"", ""finding_score"": 4.6403144955, ""finding_type"": ""FUNDING_EXTREME_AVOID_STATE"", ""hypothesis_id"": ""4f534213-d8ba-48e0-87ce-9b2985954148"", ""hypothesis_name"": ""l1_h11a_stable"", ""max_r"": 20.7147826297, ""median_mae_r"": 1.163471703, ""median_mfe_r"": 0.8151772721, ""median_r_net"": -1.0718589025, ""min_r"": -5.6211045162, ""n_trades"": 646, ""p25_r"": -1.6069402911, ""p75_r"": -0.6029309739, ""p95_r"": 3.2571473081, ""p99_r"": 10.1149736556, ""payoff_ratio"": 2.1934738651, ""sample_score"": 6.4723462945, ""state_variable"": ""liquidity_x_funding"", ""tail_10r_count"": 8, ""tail_10r_rate"": 0.0123839009, ""tail_2r_count"": 40, ""tail_2r_rate"": 0.0619195046, ""tail_3r_count"": 38, ""tail_3r_rate"": 0.0588235294, ""tail_5r_count"": 13, ""tail_5r_rate"": 0.020123839, ""weak_sample"": false, ""win_rate"": 0.1578947368}",research/state_findings/tier2/l1_h11a_combined_state_findings.json,2026-06-23T01:08:35+00:00
0ad3bbbf478f403cfe73e73442af8983c03d9082,displacement_x_liquidity,no_impulse__entry_state_spread_proxy_pctile_b3,,,,,,339,-0.7140731297631305,,,,,,,,,,,,,,,,"{""bucket"": ""no_impulse__entry_state_spread_proxy_pctile_b3"", ""ev_r_net"": -0.7140731297631305, ""n_datasets"": 2, ""n_hypotheses"": 1, ""n_trades"": 339, ""state_variable"": ""displacement_x_liquidity"", ""tail_5r_count"": 8}",research/state_findings/tier2/l1_h11a_combined_cross_state_aggregate.csv,2026-06-23T01:08:35+00:00
c92bf58910626623bb0d75a6ab8e5c6e77fcc243,displacement_x_oi,strong_impulse__entry_state_oi_accel_pctile_b2,,,l1_h11a_stable,stable,,117,-0.7001738982206923,-0.5616120682201283,,4.7526307159264,6.78342618799456,6.800708516023,-3.690484523742,0.0769230769230769,0.0341880341880341,0.0,1.8140024004698545,1.4885377158590256,-12.916537613200925,0.1385618300005641,OI_BUILDUP_AVOID_STATE,,"{""avg_cost_drag_r"": 0.1385618300005641, ""avg_exit_efficiency"": -12.916537613200925, ""avg_fee_drag_r"": 0.1385618300006115, ""avg_mae_r"": 1.4885377158590256, ""avg_mfe_r"": 1.8140024004698545, ""avg_r_loss"": -1.5266208703904898, ""avg_r_win"": 3.0778694031269525, ""avg_slippage_drag_r"": 0.0692911745071446, ""avg_spread_drag_r"": NaN, ""bucket"": ""strong_impulse__entry_state_oi_accel_pctile_b2"", ""cost_drag_to_ev_ratio"": -0.1978963088351087, ""dataset_type"": ""stable"", ""ev_r_gross"": -0.5616120682201283, ""ev_r_net"": -0.7001738982206923, ""experiment_id"": ""36021d7e-455c-4270-b3ab-ec633b06cb05"", ""experiment_root"": ""outputs/tier2/l1_h11a_parallel_stable"", ""finding_score"": 3.340308850693644, ""finding_type"": ""OI_BUILDUP_AVOID_STATE"", ""hypothesis_id"": ""4f534213-d8ba-48e0-87ce-9b2985954148"", ""hypothesis_name"": ""l1_h11a_stable"", ""max_r"": 6.800708516023, ""median_mae_r"": 1.516505819924, ""median_mfe_r"": 0.818565555553, ""median_r_net"": -1.260374759162, ""min_r"": -3.690484523742, ""n_trades"": 117, ""p25_r"": -1.74954716426, ""p75_r"": -0.408195770544, ""p95_r"": 4.7526307159264, ""p99_r"": 6.78342618799456, ""payoff_ratio"": 2.016132140483363, ""sample_score"": 4.770684624465665, ""state_variable"": ""displacement_x_oi"", ""tail_10r_count"": 0, ""tail_10r_rate"": 0.0, ""tail_2r_count"": 12, ""tail_2r_rate"": 0.1025641025641025, ""tail_3r_count"": 9, ""tail_3r_rate"": 0.0769230769230769, ""tail_5r_count"": 4, ""tail_5r_rate"": 0.0341880341880341, ""weak_sample"": false, ""win_rate"": 0.1794871794871795}",research/state_findings/tier2/l1_h11a_combined_state_findings.csv,2026-06-23T01:08:35+00:00
c85dabfbfa00bcdbc9c133249fdb846fc5fb6956,displacement_x_oi,strong_impulse__entry_state_oi_accel_pctile_b2,,,l1_h11a_stable,stable,,117,-0.7001738982,-0.5616120682,,4.7526307159,6.783426188,6.800708516,-3.6904845237,0.0769230769,0.0341880342,0.0,1.8140024005,1.4885377159,-12.9165376132,0.13856183,OI_BUILDUP_AVOID_STATE,,"{""avg_cost_drag_r"": 0.13856183, ""avg_exit_efficiency"": -12.9165376132, ""avg_fee_drag_r"": 0.13856183, ""avg_mae_r"": 1.4885377159, ""avg_mfe_r"": 1.8140024005, ""avg_r_loss"": -1.5266208704, ""avg_r_win"": 3.0778694031, ""avg_slippage_drag_r"": 0.0692911745, ""avg_spread_drag_r"": null, ""bucket"": ""strong_impulse__entry_state_oi_accel_pctile_b2"", ""cost_drag_to_ev_ratio"": -0.1978963088, ""dataset_type"": ""stable"", ""ev_r_gross"": -0.5616120682, ""ev_r_net"": -0.7001738982, ""experiment_id"": ""36021d7e-455c-4270-b3ab-ec633b06cb05"", ""experiment_root"": ""outputs/tier2/l1_h11a_parallel_stable"", ""finding_score"": 3.3403088507, ""finding_type"": ""OI_BUILDUP_AVOID_STATE"", ""hypothesis_id"": ""4f534213-d8ba-48e0-87ce-9b2985954148"", ""hypothesis_name"": ""l1_h11a_stable"", ""max_r"": 6.800708516, ""median_mae_r"": 1.5165058199, ""median_mfe_r"": 0.8185655556, ""median_r_net"": -1.2603747592, ""min_r"": -3.6904845237, ""n_trades"": 117, ""p25_r"": -1.7495471643, ""p75_r"": -0.4081957705, ""p95_r"": 4.7526307159, ""p99_r"": 6.783426188, ""payoff_ratio"": 2.0161321405, ""sample_score"": 4.7706846245, ""state_variable"": ""displacement_x_oi"", ""tail_10r_count"": 0, ""tail_10r_rate"": 0.0, ""tail_2r_count"": 12, ""tail_2r_rate"": 0.1025641026, ""tail_3r_count"": 9, ""tail_3r_rate"": 0.0769230769, ""tail_5r_count"": 4, ""tail_5r_rate"": 0.0341880342, ""weak_sample"": false, ""win_rate"": 0.1794871795}",research/state_findings/tier2/l1_h11a_combined_state_findings.json,2026-06-23T01:08:35+00:00
de25d408f58ee537f61b8d9177eef45fb281bdf6,csi_x_funding,entry_state_csi_pctile_b3__entry_state_funding_pctile_b3,,,l1_h11a_stable,stable,,1194,-0.6969482837,-0.5954694668,,2.4151641407,7.7450807801,20.7147826297,-5.3533914421,0.0427135678,0.0175879397,0.0067001675,1.7625950961,1.428045066,-4.6910610095,0.1014788169,FUNDING_EXTREME_AVOID_STATE,,"{""avg_cost_drag_r"": 0.1014788169, ""avg_exit_efficiency"": -4.6910610095, ""avg_fee_drag_r"": 0.1014788169, ""avg_mae_r"": 1.428045066, ""avg_mfe_r"": 1.7625950961, ""avg_r_loss"": -1.4355600371, ""avg_r_win"": 2.3657435561, ""avg_slippage_drag_r"": 0.0507425337, ""avg_spread_drag_r"": null, ""bucket"": ""entry_state_csi_pctile_b3__entry_state_funding_pctile_b3"", ""cost_drag_to_ev_ratio"": -0.1456045151, ""dataset_type"": ""stable"", ""ev_r_gross"": -0.5954694668, ""ev_r_net"": -0.6969482837, ""experiment_id"": ""36021d7e-455c-4270-b3ab-ec633b06cb05"", ""experiment_root"": ""outputs/tier2/l1_h11a_parallel_stable"", ""finding_score"": 4.9385068637, ""finding_type"": ""FUNDING_EXTREME_AVOID_STATE"", ""hypothesis_id"": ""4f534213-d8ba-48e0-87ce-9b2985954148"", ""hypothesis_name"": ""l1_h11a_stable"", ""max_r"": 20.7147826297, ""median_mae_r"": 1.2051590808, ""median_mfe_r"": 0.945851836, ""median_r_net"": -1.0538587688, ""min_r"": -5.3533914421, ""n_trades"": 1194, ""p25_r"": -1.7137313866, ""p75_r"": -0.2896802758, ""p95_r"": 2.4151641407, ""p99_r"": 7.7450807801, ""payoff_ratio"": 1.6479586328, ""sample_score"": 7.0859014644, ""state_variable"": ""csi_x_funding"", ""tail_10r_count"": 8, ""tail_10r_rate"": 0.0067001675, ""tail_2r_count"": 82, ""tail_2r_rate"": 0.0686767169, ""tail_3r_count"": 51, ""tail_3r_rate"": 0.0427135678, ""tail_5r_count"": 21, ""tail_5r_rate"": 0.0175879397, ""weak_sample"": false, ""win_rate"": 0.1943048576}",research/state_findings/tier2/l1_h11a_combined_state_findings.json,2026-06-23T01:08:35+00:00
6b8e34915b59652344ec32625fd52966e93c2de1,csi_x_funding,entry_state_csi_pctile_b3__entry_state_funding_pctile_b3,,,l1_h11a_stable,stable,,1194,-0.6969482836527806,-0.5954694667898752,,2.4151641406765485,7.745080780135,20.714782629745,-5.353391442077,0.0427135678391959,0.0175879396984924,0.0067001675041876,1.7625950960976966,1.4280450660067123,-4.691061009487738,0.1014788168629053,FUNDING_EXTREME_AVOID_STATE,,"{""avg_cost_drag_r"": 0.1014788168629053, ""avg_exit_efficiency"": -4.691061009487738, ""avg_fee_drag_r"": 0.101478816862906, ""avg_mae_r"": 1.4280450660067123, ""avg_mfe_r"": 1.7625950960976966, ""avg_r_loss"": -1.435560037097423, ""avg_r_win"": 2.365743556061642, ""avg_slippage_drag_r"": 0.0507425337148924, ""avg_spread_drag_r"": NaN, ""bucket"": ""entry_state_csi_pctile_b3__entry_state_funding_pctile_b3"", ""cost_drag_to_ev_ratio"": -0.1456045150596311, ""dataset_type"": ""stable"", ""ev_r_gross"": -0.5954694667898752, ""ev_r_net"": -0.6969482836527806, ""experiment_id"": ""36021d7e-455c-4270-b3ab-ec633b06cb05"", ""experiment_root"": ""outputs/tier2/l1_h11a_parallel_stable"", ""finding_score"": 4.9385068637223375, ""finding_type"": ""FUNDING_EXTREME_AVOID_STATE"", ""hypothesis_id"": ""4f534213-d8ba-48e0-87ce-9b2985954148"", ""hypothesis_name"": ""l1_h11a_stable"", ""max_r"": 20.714782629745, ""median_mae_r"": 1.205159080752, ""median_mfe_r"": 0.945851835964, ""median_r_net"": -1.053858768792, ""min_r"": -5.353391442077, ""n_trades"": 1194, ""p25_r"": -1.71373138656075, ""p75_r"": -0.289680275799, ""p95_r"": 2.4151641406765485, ""p99_r"": 7.745080780135, ""payoff_ratio"": 1.6479586328168965, ""sample_score"": 7.085901464365611, ""state_variable"": ""csi_x_funding"", ""tail_10r_count"": 8, ""tail_10r_rate"": 0.0067001675041876, ""tail_2r_count"": 82, ""tail_2r_rate"": 0.0686767169179229, ""tail_3r_count"": 51, ""tail_3r_rate"": 0.0427135678391959, ""tail_5r_count"": 21, ""tail_5r_rate"": 0.0175879396984924, ""weak_sample"": false, ""win_rate"": 0.1943048576214405}",research/state_findings/tier2/l1_h11a_combined_state_findings.csv,2026-06-23T01:08:35+00:00
58f8d64706dd0b2b2636bdeb78caab1e0ddd7684,liquidity_x_funding,entry_state_spread_proxy_pctile_b0__entry_state_funding_pctile_b2,,,l1_h11a_stable,stable,,594,-0.6962250159,-0.5873991236,,2.6333880544,8.9337834283,13.0130489086,-6.1089593855,0.0454545455,0.0235690236,0.0067340067,1.7371405095,1.4105564642,-6.6975487123,0.1088258923,FUNDING_EXTREME_AVOID_STATE,,"{""avg_cost_drag_r"": 0.1088258923, ""avg_exit_efficiency"": -6.6975487123, ""avg_fee_drag_r"": 0.1088258923, ""avg_mae_r"": 1.4105564642, ""avg_mfe_r"": 1.7371405095, ""avg_r_loss"": -1.5116503293, ""avg_r_win"": 2.1301740029, ""avg_slippage_drag_r"": 0.0544145567, ""avg_spread_drag_r"": null, ""bucket"": ""entry_state_spread_proxy_pctile_b0__entry_state_funding_pctile_b2"", ""cost_drag_to_ev_ratio"": -0.1563085063, ""dataset_type"": ""stable"", ""ev_r_gross"": -0.5873991236, ""ev_r_net"": -0.6962250159, ""experiment_id"": ""36021d7e-455c-4270-b3ab-ec633b06cb05"", ""experiment_root"": ""outputs/tier2/l1_h11a_parallel_stable"", ""finding_score"": 4.447876266, ""finding_type"": ""FUNDING_EXTREME_AVOID_STATE"", ""hypothesis_id"": ""4f534213-d8ba-48e0-87ce-9b2985954148"", ""hypothesis_name"": ""l1_h11a_stable"", ""max_r"": 13.0130489086, ""median_mae_r"": 1.2516554806, ""median_mfe_r"": 0.8555349657, ""median_r_net"": -1.0698462694, ""min_r"": -6.1089593855, ""n_trades"": 594, ""p25_r"": -1.6947702275, ""p75_r"": -0.1498618492, ""p95_r"": 2.6333880544, ""p99_r"": 8.9337834283, ""payoff_ratio"": 1.4091711301, ""sample_score"": 6.3885614055, ""state_variable"": ""liquidity_x_funding"", ""tail_10r_count"": 4, ""tail_10r_rate"": 0.0067340067, ""tail_2r_count"": 38, ""tail_2r_rate"": 0.063973064, ""tail_3r_count"": 27, ""tail_3r_rate"": 0.0454545455, ""tail_5r_count"": 14, ""tail_5r_rate"": 0.0235690236, ""weak_sample"": false, ""win_rate"": 0.2239057239}",research/state_findings/tier2/l1_h11a_combined_state_findings.json,2026-06-23T01:08:35+00:00
aee2b99b3784651f690a8015b751c8a3bf201283,liquidity_x_funding,entry_state_spread_proxy_pctile_b0__entry_state_funding_pctile_b2,,,l1_h11a_stable,stable,,594,-0.6962250158704798,-0.5873991235645624,,2.6333880544497505,8.93378342834836,13.013048908587,-6.108959385483,0.0454545454545454,0.0235690235690235,0.0067340067340067,1.7371405095022778,1.410556464230064,-6.697548712267242,0.1088258923059175,FUNDING_EXTREME_AVOID_STATE,,"{""avg_cost_drag_r"": 0.1088258923059175, ""avg_exit_efficiency"": -6.697548712267242, ""avg_fee_drag_r"": 0.1088258923059346, ""avg_mae_r"": 1.410556464230064, ""avg_mfe_r"": 1.7371405095022778, ""avg_r_loss"": -1.5116503293111798, ""avg_r_win"": 2.130174002897662, ""avg_slippage_drag_r"": 0.0544145567283543, ""avg_spread_drag_r"": NaN, ""bucket"": ""entry_state_spread_proxy_pctile_b0__entry_state_funding_pctile_b2"", ""cost_drag_to_ev_ratio"": -0.1563085063380753, ""dataset_type"": ""stable"", ""ev_r_gross"": -0.5873991235645624, ""ev_r_net"": -0.6962250158704798, ""experiment_id"": ""36021d7e-455c-4270-b3ab-ec633b06cb05"", ""experiment_root"": ""outputs/tier2/l1_h11a_parallel_stable"", ""finding_score"": 4.447876265965541, ""finding_type"": ""FUNDING_EXTREME_AVOID_STATE"", ""hypothesis_id"": ""4f534213-d8ba-48e0-87ce-9b2985954148"", ""hypothesis_name"": ""l1_h11a_stable"", ""max_r"": 13.013048908587, ""median_mae_r"": 1.2516554806385, ""median_mfe_r"": 0.855534965738, ""median_r_net"": -1.0698462694215, ""min_r"": -6.108959385483, ""n_trades"": 594, ""p25_r"": -1.69477022747675, ""p75_r"": -0.149861849215, ""p95_r"": 2.6333880544497505, ""p99_r"": 8.93378342834836, ""payoff_ratio"": 1.409171130117325, ""sample_score"": 6.38856140554563, ""state_variable"": ""liquidity_x_funding"", ""tail_10r_count"": 4, ""tail_10r_rate"": 0.0067340067340067, ""tail_2r_count"": 38, ""tail_2r_rate"": 0.0639730639730639, ""tail_3r_count"": 27, ""tail_3r_rate"": 0.0454545454545454, ""tail_5r_count"": 14, ""tail_5r_rate"": 0.0235690235690235, ""weak_sample"": false, ""win_rate"": 0.2239057239057239}",research/state_findings/tier2/l1_h11a_combined_state_findings.csv,2026-06-23T01:08:35+00:00
39897e88543f6e838eb7f7cbdde9a83a03a9faea,funding_x_oi,entry_state_funding_pctile_b1__entry_state_oi_accel_pctile_b2,,,l1_h11a_stable,stable,,420,-0.6815530995,-0.5332912445,,2.6962708903,7.4891436092,19.5101034073,-10.7246735463,0.0380952381,0.0238095238,0.0095238095,1.7909846295,1.421252105,-7.3759107463,0.148261855,FUNDING_EXTREME_AVOID_STATE,,"{""avg_cost_drag_r"": 0.148261855, ""avg_exit_efficiency"": -7.3759107463, ""avg_fee_drag_r"": 0.148261855, ""avg_mae_r"": 1.421252105, ""avg_mfe_r"": 1.7909846295, ""avg_r_loss"": -1.4650166532, ""avg_r_win"": 2.8646503542, ""avg_slippage_drag_r"": 0.0741407844, ""avg_spread_drag_r"": null, ""bucket"": ""entry_state_funding_pctile_b1__entry_state_oi_accel_pctile_b2"", ""cost_drag_to_ev_ratio"": -0.2175352956, ""dataset_type"": ""stable"", ""ev_r_gross"": -0.5332912445, ""ev_r_net"": -0.6815530995, ""experiment_id"": ""36021d7e-455c-4270-b3ab-ec633b06cb05"", ""experiment_root"": ""outputs/tier2/l1_h11a_parallel_stable"", ""finding_score"": 4.1183751367, ""finding_type"": ""FUNDING_EXTREME_AVOID_STATE"", ""hypothesis_id"": ""4f534213-d8ba-48e0-87ce-9b2985954148"", ""hypothesis_name"": ""l1_h11a_stable"", ""max_r"": 19.5101034073, ""median_mae_r"": 1.3328252125, ""median_mfe_r"": 0.9267716868, ""median_r_net"": -1.0614346501, ""min_r"": -10.7246735463, ""n_trades"": 420, ""p25_r"": -1.7037494436, ""p75_r"": -0.3759850735, ""p95_r"": 2.6962708903, ""p99_r"": 7.4891436092, ""payoff_ratio"": 1.9553705059, ""sample_score"": 6.0426328337, ""state_variable"": ""funding_x_oi"", ""tail_10r_count"": 4, ""tail_10r_rate"": 0.0095238095, ""tail_2r_count"": 32, ""tail_2r_rate"": 0.0761904762, ""tail_3r_count"": 16, ""tail_3r_rate"": 0.0380952381, ""tail_5r_count"": 10, ""tail_5r_rate"": 0.0238095238, ""weak_sample"": false, ""win_rate"": 0.180952381}",research/state_findings/tier2/l1_h11a_combined_state_findings.json,2026-06-23T01:08:35+00:00
ae81c62293416843bfb591d5920558822abb369f,funding_x_oi,entry_state_funding_pctile_b1__entry_state_oi_accel_pctile_b2,,,l1_h11a_stable,stable,,420,-0.681553099465638,-0.533291244510681,,2.696270890268198,7.48914360921422,19.51010340729,-10.724673546259,0.0380952380952381,0.0238095238095238,0.0095238095238095,1.7909846295211669,1.4212521050436429,-7.375910746289732,0.1482618549549571,FUNDING_EXTREME_AVOID_STATE,,"{""avg_cost_drag_r"": 0.1482618549549571, ""avg_exit_efficiency"": -7.375910746289732, ""avg_fee_drag_r"": 0.1482618549549678, ""avg_mae_r"": 1.4212521050436429, ""avg_mfe_r"": 1.7909846295211669, ""avg_r_loss"": -1.4650166531919415, ""avg_r_win"": 2.8646503542428947, ""avg_slippage_drag_r"": 0.07414078443054, ""avg_spread_drag_r"": NaN, ""bucket"": ""entry_state_funding_pctile_b1__entry_state_oi_accel_pctile_b2"", ""cost_drag_to_ev_ratio"": -0.2175352955935491, ""dataset_type"": ""stable"", ""ev_r_gross"": -0.533291244510681, ""ev_r_net"": -0.681553099465638, ""experiment_id"": ""36021d7e-455c-4270-b3ab-ec633b06cb05"", ""experiment_root"": ""outputs/tier2/l1_h11a_parallel_stable"", ""finding_score"": 4.118375136729058, ""finding_type"": ""FUNDING_EXTREME_AVOID_STATE"", ""hypothesis_id"": ""4f534213-d8ba-48e0-87ce-9b2985954148"", ""hypothesis_name"": ""l1_h11a_stable"", ""max_r"": 19.51010340729, ""median_mae_r"": 1.3328252125225, ""median_mfe_r"": 0.926771686816, ""median_r_net"": -1.061434650111, ""min_r"": -10.724673546259, ""n_trades"": 420, ""p25_r"": -1.703749443625, ""p75_r"": -0.375985073472, ""p95_r"": 2.696270890268198, ""p99_r"": 7.48914360921422, ""payoff_ratio"": 1.9553705058583917, ""sample_score"": 6.042632833682381, ""state_variable"": ""funding_x_oi"", ""tail_10r_count"": 4, ""tail_10r_rate"": 0.0095238095238095, ""tail_2r_count"": 32, ""tail_2r_rate"": 0.0761904761904762, ""tail_3r_count"": 16, ""tail_3r_rate"": 0.0380952380952381, ""tail_5r_count"": 10, ""tail_5r_rate"": 0.0238095238095238, ""weak_sample"": false, ""win_rate"": 0.1809523809523809}",research/state_findings/tier2/l1_h11a_combined_state_findings.csv,2026-06-23T01:08:35+00:00
fb31df7a3b7e6eed117e2347448e8446c67a1987,csi_x_oi,entry_state_csi_pctile_b2__entry_state_oi_accel_pctile_b0,,,,,,122,-0.6786050908081911,,,,,,,,,,,,,,,,"{""bucket"": ""entry_state_csi_pctile_b2__entry_state_oi_accel_pctile_b0"", ""ev_r_net"": -0.6786050908081911, ""n_datasets"": 2, ""n_hypotheses"": 1, ""n_trades"": 122, ""state_variable"": ""csi_x_oi"", ""tail_5r_count"": 1}",research/state_findings/tier2/l1_h11a_combined_cross_state_aggregate.csv,2026-06-23T01:08:35+00:00
01c8c366cfd5a5c75433639057008af37b6b9de0,entry_state_funding_pctile,entry_state_funding_pctile_b3,,,l1_h11a_stable,stable,,1492,-0.6772783776,-0.5706685995,,2.5183114501,7.6939933956,20.7147826297,-5.6211045162,0.0462466488,0.0174262735,0.0067024129,1.8184903687,1.4228411399,-4.3945400033,0.1066097781,FUNDING_EXTREME_AVOID_STATE,,"{""avg_cost_drag_r"": 0.1066097781, ""avg_exit_efficiency"": -4.3945400033, ""avg_fee_drag_r"": 0.1066097781, ""avg_mae_r"": 1.4228411399, ""avg_mfe_r"": 1.8184903687, ""avg_r_loss"": -1.4037696228, ""avg_r_win"": 2.3729723209, ""avg_slippage_drag_r"": 0.0533084851, ""avg_spread_drag_r"": null, ""bucket"": ""entry_state_funding_pctile_b3"", ""cost_drag_to_ev_ratio"": -0.1574090974, ""dataset_type"": ""stable"", ""ev_r_gross"": -0.5706685995, ""ev_r_net"": -0.6772783776, ""experiment_id"": ""36021d7e-455c-4270-b3ab-ec633b06cb05"", ""experiment_root"": ""outputs/tier2/l1_h11a_parallel_stable"", ""finding_score"": 4.9499180082, ""finding_type"": ""FUNDING_EXTREME_AVOID_STATE"", ""hypothesis_id"": ""4f534213-d8ba-48e0-87ce-9b2985954148"", ""hypothesis_name"": ""l1_h11a_stable"", ""max_r"": 20.7147826297, ""median_mae_r"": 1.2054520006, ""median_mfe_r"": 0.9545920815, ""median_r_net"": -1.0539723989, ""min_r"": -5.6211045162, ""n_trades"": 1492, ""p25_r"": -1.6489778102, ""p75_r"": -0.2896802758, ""p95_r"": 2.5183114501, ""p99_r"": 7.6939933956, ""payoff_ratio"": 1.690428602, ""sample_score"": 7.3085427975, ""state_variable"": ""entry_state_funding_pctile"", ""tail_10r_count"": 10, ""tail_10r_rate"": 0.0067024129, ""tail_2r_count"": 104, ""tail_2r_rate"": 0.0697050938, ""tail_3r_count"": 69, ""tail_3r_rate"": 0.0462466488, ""tail_5r_count"": 26, ""tail_5r_rate"": 0.0174262735, ""weak_sample"": false, ""win_rate"": 0.1923592493}",research/state_findings/tier2/l1_h11a_combined_state_findings.json,2026-06-23T01:08:35+00:00
9c616bf6366021acd63c6b6f6c436660912232c7,entry_state_funding_z,entry_state_funding_z_b3,,,l1_h11a_stable,stable,,1492,-0.6772783776,-0.5706685995,,2.5183114501,7.6939933956,20.7147826297,-5.6211045162,0.0462466488,0.0174262735,0.0067024129,1.8184903687,1.4228411399,-4.3945400033,0.1066097781,FUNDING_EXTREME_AVOID_STATE,,"{""avg_cost_drag_r"": 0.1066097781, ""avg_exit_efficiency"": -4.3945400033, ""avg_fee_drag_r"": 0.1066097781, ""avg_mae_r"": 1.4228411399, ""avg_mfe_r"": 1.8184903687, ""avg_r_loss"": -1.4037696228, ""avg_r_win"": 2.3729723209, ""avg_slippage_drag_r"": 0.0533084851, ""avg_spread_drag_r"": null, ""bucket"": ""entry_state_funding_z_b3"", ""cost_drag_to_ev_ratio"": -0.1574090974, ""dataset_type"": ""stable"", ""ev_r_gross"": -0.5706685995, ""ev_r_net"": -0.6772783776, ""experiment_id"": ""36021d7e-455c-4270-b3ab-ec633b06cb05"", ""experiment_root"": ""outputs/tier2/l1_h11a_parallel_stable"", ""finding_score"": 4.9499180082, ""finding_type"": ""FUNDING_EXTREME_AVOID_STATE"", ""hypothesis_id"": ""4f534213-d8ba-48e0-87ce-9b2985954148"", ""hypothesis_name"": ""l1_h11a_stable"", ""max_r"": 20.7147826297, ""median_mae_r"": 1.2054520006, ""median_mfe_r"": 0.9545920815, ""median_r_net"": -1.0539723989, ""min_r"": -5.6211045162, ""n_trades"": 1492, ""p25_r"": -1.6489778102, ""p75_r"": -0.2896802758, ""p95_r"": 2.5183114501, ""p99_r"": 7.6939933956, ""payoff_ratio"": 1.690428602, ""sample_score"": 7.3085427975, ""state_variable"": ""entry_state_funding_z"", ""tail_10r_count"": 10, ""tail_10r_rate"": 0.0067024129, ""tail_2r_count"": 104, ""tail_2r_rate"": 0.0697050938, ""tail_3r_count"": 69, ""tail_3r_rate"": 0.0462466488, ""tail_5r_count"": 26, ""tail_5r_rate"": 0.0174262735, ""weak_sample"": false, ""win_rate"": 0.1923592493}",research/state_findings/tier2/l1_h11a_combined_state_findings.json,2026-06-23T01:08:35+00:00
bb9af49f14dd6d16f686bb91500a52d7e7c33436,entry_state_funding_regime,funding_very_positive,,,l1_h11a_stable,stable,,1492,-0.6772783776,-0.5706685995,,2.5183114501,7.6939933956,20.7147826297,-5.6211045162,0.0462466488,0.0174262735,0.0067024129,1.8184903687,1.4228411399,-4.3945400033,0.1066097781,FUNDING_EXTREME_AVOID_STATE,,"{""avg_cost_drag_r"": 0.1066097781, ""avg_exit_efficiency"": -4.3945400033, ""avg_fee_drag_r"": 0.1066097781, ""avg_mae_r"": 1.4228411399, ""avg_mfe_r"": 1.8184903687, ""avg_r_loss"": -1.4037696228, ""avg_r_win"": 2.3729723209, ""avg_slippage_drag_r"": 0.0533084851, ""avg_spread_drag_r"": null, ""bucket"": ""funding_very_positive"", ""cost_drag_to_ev_ratio"": -0.1574090974, ""dataset_type"": ""stable"", ""ev_r_gross"": -0.5706685995, ""ev_r_net"": -0.6772783776, ""experiment_id"": ""36021d7e-455c-4270-b3ab-ec633b06cb05"", ""experiment_root"": ""outputs/tier2/l1_h11a_parallel_stable"", ""finding_score"": 4.9499180082, ""finding_type"": ""FUNDING_EXTREME_AVOID_STATE"", ""hypothesis_id"": ""4f534213-d8ba-48e0-87ce-9b2985954148"", ""hypothesis_name"": ""l1_h11a_stable"", ""max_r"": 20.7147826297, ""median_mae_r"": 1.2054520006, ""median_mfe_r"": 0.9545920815, ""median_r_net"": -1.0539723989, ""min_r"": -5.6211045162, ""n_trades"": 1492, ""p25_r"": -1.6489778102, ""p75_r"": -0.2896802758, ""p95_r"": 2.5183114501, ""p99_r"": 7.6939933956, ""payoff_ratio"": 1.690428602, ""sample_score"": 7.3085427975, ""state_variable"": ""entry_state_funding_regime"", ""tail_10r_count"": 10, ""tail_10r_rate"": 0.0067024129, ""tail_2r_count"": 104, ""tail_2r_rate"": 0.0697050938, ""tail_3r_count"": 69, ""tail_3r_rate"": 0.0462466488, ""tail_5r_count"": 26, ""tail_5r_rate"": 0.0174262735, ""weak_sample"": false, ""win_rate"": 0.1923592493}",research/state_findings/tier2/l1_h11a_combined_state_findings.json,2026-06-23T01:08:35+00:00
4cfbb655065650b3a9f8ff8202eca78c9c1fc52b,entry_state_funding_pctile,entry_state_funding_pctile_b3,,,l1_h11a_stable,stable,,1492,-0.6772783775565026,-0.570668599477472,,2.51831145008465,7.693993395595895,20.714782629745,-5.621104516212,0.0462466487935656,0.017426273458445,0.0067024128686327,1.8184903686559728,1.4228411398668066,-4.394540003270833,0.1066097780790308,FUNDING_EXTREME_AVOID_STATE,,"{""avg_cost_drag_r"": 0.1066097780790308, ""avg_exit_efficiency"": -4.394540003270833, ""avg_fee_drag_r"": 0.1066097780790371, ""avg_mae_r"": 1.4228411398668066, ""avg_mfe_r"": 1.8184903686559728, ""avg_r_loss"": -1.4037696227529035, ""avg_r_win"": 2.372972320916192, ""avg_slippage_drag_r"": 0.0533084850606162, ""avg_spread_drag_r"": NaN, ""bucket"": ""entry_state_funding_pctile_b3"", ""cost_drag_to_ev_ratio"": -0.1574090973694739, ""dataset_type"": ""stable"", ""ev_r_gross"": -0.570668599477472, ""ev_r_net"": -0.6772783775565026, ""experiment_id"": ""36021d7e-455c-4270-b3ab-ec633b06cb05"", ""experiment_root"": ""outputs/tier2/l1_h11a_parallel_stable"", ""finding_score"": 4.949918008219605, ""finding_type"": ""FUNDING_EXTREME_AVOID_STATE"", ""hypothesis_id"": ""4f534213-d8ba-48e0-87ce-9b2985954148"", ""hypothesis_name"": ""l1_h11a_stable"", ""max_r"": 20.714782629745, ""median_mae_r"": 1.205452000594, ""median_mfe_r"": 0.9545920814645, ""median_r_net"": -1.0539723988855, ""min_r"": -5.621104516212, ""n_trades"": 1492, ""p25_r"": -1.648977810241, ""p75_r"": -0.289680275799, ""p95_r"": 2.51831145008465, ""p99_r"": 7.693993395595895, ""payoff_ratio"": 1.690428601997103, ""sample_score"": 7.30854279753919, ""state_variable"": ""entry_state_funding_pctile"", ""tail_10r_count"": 10, ""tail_10r_rate"": 0.0067024128686327, ""tail_2r_count"": 104, ""tail_2r_rate"": 0.0697050938337801, ""tail_3r_count"": 69, ""tail_3r_rate"": 0.0462466487935656, ""tail_5r_count"": 26, ""tail_5r_rate"": 0.017426273458445, ""weak_sample"": false, ""win_rate"": 0.1923592493297587}",research/state_findings/tier2/l1_h11a_combined_state_findings.csv,2026-06-23T01:08:35+00:00
1a3fad3d40ac162d2fef71a254609f4b49214055,entry_state_funding_z,entry_state_funding_z_b3,,,l1_h11a_stable,stable,,1492,-0.6772783775565026,-0.570668599477472,,2.51831145008465,7.693993395595895,20.714782629745,-5.621104516212,0.0462466487935656,0.017426273458445,0.0067024128686327,1.8184903686559728,1.4228411398668066,-4.394540003270833,0.1066097780790308,FUNDING_EXTREME_AVOID_STATE,,"{""avg_cost_drag_r"": 0.1066097780790308, ""avg_exit_efficiency"": -4.394540003270833, ""avg_fee_drag_r"": 0.1066097780790371, ""avg_mae_r"": 1.4228411398668066, ""avg_mfe_r"": 1.8184903686559728, ""avg_r_loss"": -1.4037696227529035, ""avg_r_win"": 2.372972320916192, ""avg_slippage_drag_r"": 0.0533084850606162, ""avg_spread_drag_r"": NaN, ""bucket"": ""entry_state_funding_z_b3"", ""cost_drag_to_ev_ratio"": -0.1574090973694739, ""dataset_type"": ""stable"", ""ev_r_gross"": -0.570668599477472, ""ev_r_net"": -0.6772783775565026, ""experiment_id"": ""36021d7e-455c-4270-b3ab-ec633b06cb05"", ""experiment_root"": ""outputs/tier2/l1_h11a_parallel_stable"", ""finding_score"": 4.949918008219605, ""finding_type"": ""FUNDING_EXTREME_AVOID_STATE"", ""hypothesis_id"": ""4f534213-d8ba-48e0-87ce-9b2985954148"", ""hypothesis_name"": ""l1_h11a_stable"", ""max_r"": 20.714782629745, ""median_mae_r"": 1.205452000594, ""median_mfe_r"": 0.9545920814645, ""median_r_net"": -1.0539723988855, ""min_r"": -5.621104516212, ""n_trades"": 1492, ""p25_r"": -1.648977810241, ""p75_r"": -0.289680275799, ""p95_r"": 2.51831145008465, ""p99_r"": 7.693993395595895, ""payoff_ratio"": 1.690428601997103, ""sample_score"": 7.30854279753919, ""state_variable"": ""entry_state_funding_z"", ""tail_10r_count"": 10, ""tail_10r_rate"": 0.0067024128686327, ""tail_2r_count"": 104, ""tail_2r_rate"": 0.0697050938337801, ""tail_3r_count"": 69, ""tail_3r_rate"": 0.0462466487935656, ""tail_5r_count"": 26, ""tail_5r_rate"": 0.017426273458445, ""weak_sample"": false, ""win_rate"": 0.1923592493297587}",research/state_findings/tier2/l1_h11a_combined_state_findings.csv,2026-06-23T01:08:35+00:00
b77a6717a96b99e6e1a480191f9fd20e0ed08090,entry_state_funding_regime,funding_very_positive,,,l1_h11a_stable,stable,,1492,-0.6772783775565026,-0.570668599477472,,2.51831145008465,7.693993395595895,20.714782629745,-5.621104516212,0.0462466487935656,0.017426273458445,0.0067024128686327,1.8184903686559728,1.4228411398668066,-4.394540003270833,0.1066097780790308,FUNDING_EXTREME_AVOID_STATE,,"{""avg_cost_drag_r"": 0.1066097780790308, ""avg_exit_efficiency"": -4.394540003270833, ""avg_fee_drag_r"": 0.1066097780790371, ""avg_mae_r"": 1.4228411398668066, ""avg_mfe_r"": 1.8184903686559728, ""avg_r_loss"": -1.4037696227529035, ""avg_r_win"": 2.372972320916192, ""avg_slippage_drag_r"": 0.0533084850606162, ""avg_spread_drag_r"": NaN, ""bucket"": ""funding_very_positive"", ""cost_drag_to_ev_ratio"": -0.1574090973694739, ""dataset_type"": ""stable"", ""ev_r_gross"": -0.570668599477472, ""ev_r_net"": -0.6772783775565026, ""experiment_id"": ""36021d7e-455c-4270-b3ab-ec633b06cb05"", ""experiment_root"": ""outputs/tier2/l1_h11a_parallel_stable"", ""finding_score"": 4.949918008219605, ""finding_type"": ""FUNDING_EXTREME_AVOID_STATE"", ""hypothesis_id"": ""4f534213-d8ba-48e0-87ce-9b2985954148"", ""hypothesis_name"": ""l1_h11a_stable"", ""max_r"": 20.714782629745, ""median_mae_r"": 1.205452000594, ""median_mfe_r"": 0.9545920814645, ""median_r_net"": -1.0539723988855, ""min_r"": -5.621104516212, ""n_trades"": 1492, ""p25_r"": -1.648977810241, ""p75_r"": -0.289680275799, ""p95_r"": 2.51831145008465, ""p99_r"": 7.693993395595895, ""payoff_ratio"": 1.690428601997103, ""sample_score"": 7.30854279753919, ""state_variable"": ""entry_state_funding_regime"", ""tail_10r_count"": 10, ""tail_10r_rate"": 0.0067024128686327, ""tail_2r_count"": 104, ""tail_2r_rate"": 0.0697050938337801, ""tail_3r_count"": 69, ""tail_3r_rate"": 0.0462466487935656, ""tail_5r_count"": 26, ""tail_5r_rate"": 0.017426273458445, ""weak_sample"": false, ""win_rate"": 0.1923592493297587}",research/state_findings/tier2/l1_h11a_combined_state_findings.csv,2026-06-23T01:08:35+00:00
0440b25254b66c8de815130d73a19e87bb7b44f6,funding_x_oi,entry_state_funding_pctile_b3__nan,,,l1_h11a_stable,stable,,1405,-0.6734261551,-0.5687049765,,2.6610196967,7.7428351808,20.7147826297,-5.6211045162,0.0483985765,0.0177935943,0.0071174377,1.8358063538,1.429391908,-4.3509648404,0.1047211786,FUNDING_EXTREME_AVOID_STATE,,"{""avg_cost_drag_r"": 0.1047211786, ""avg_exit_efficiency"": -4.3509648404, ""avg_fee_drag_r"": 0.1047211786, ""avg_mae_r"": 1.429391908, ""avg_mfe_r"": 1.8358063538, ""avg_r_loss"": -1.396860303, ""avg_r_win"": 2.4678734528, ""avg_slippage_drag_r"": 0.0523647334, ""avg_spread_drag_r"": null, ""bucket"": ""entry_state_funding_pctile_b3__nan"", ""cost_drag_to_ev_ratio"": -0.1555050659, ""dataset_type"": ""stable"", ""ev_r_gross"": -0.5687049765, ""ev_r_net"": -0.6734261551, ""experiment_id"": ""36021d7e-455c-4270-b3ab-ec633b06cb05"", ""experiment_root"": ""outputs/tier2/l1_h11a_parallel_stable"", ""finding_score"": 4.8813322277, ""finding_type"": ""FUNDING_EXTREME_AVOID_STATE"", ""hypothesis_id"": ""4f534213-d8ba-48e0-87ce-9b2985954148"", ""hypothesis_name"": ""l1_h11a_stable"", ""max_r"": 20.7147826297, ""median_mae_r"": 1.1990332974, ""median_mfe_r"": 0.9690872967, ""median_r_net"": -1.0528589362, ""min_r"": -5.6211045162, ""n_trades"": 1405, ""p25_r"": -1.6436716096, ""p75_r"": -0.2896802758, ""p95_r"": 2.6610196967, ""p99_r"": 7.7428351808, ""payoff_ratio"": 1.7667288902, ""sample_score"": 7.2485040724, ""state_variable"": ""funding_x_oi"", ""tail_10r_count"": 10, ""tail_10r_rate"": 0.0071174377, ""tail_2r_count"": 99, ""tail_2r_rate"": 0.0704626335, ""tail_3r_count"": 68, ""tail_3r_rate"": 0.0483985765, ""tail_5r_count"": 25, ""tail_5r_rate"": 0.0177935943, ""weak_sample"": false, ""win_rate"": 0.1871886121}",research/state_findings/tier2/l1_h11a_combined_state_findings.json,2026-06-23T01:08:35+00:00
83b829997380615813bc37bfe2f91e9aa12c48e9,funding_x_oi,entry_state_funding_pctile_b3__nan,,,l1_h11a_stable,stable,,1405,-0.6734261550996741,-0.5687049764851339,,2.661019696665594,7.742835180814602,20.714782629745,-5.621104516212,0.0483985765124555,0.0177935943060498,0.0071174377224199,1.835806353770584,1.4293919079842108,-4.350964840384888,0.1047211786145402,FUNDING_EXTREME_AVOID_STATE,,"{""avg_cost_drag_r"": 0.1047211786145402, ""avg_exit_efficiency"": -4.350964840384888, ""avg_fee_drag_r"": 0.1047211786145462, ""avg_mae_r"": 1.4293919079842108, ""avg_mfe_r"": 1.835806353770584, ""avg_r_loss"": -1.396860302983255, ""avg_r_win"": 2.4678734528206654, ""avg_slippage_drag_r"": 0.0523647334313829, ""avg_spread_drag_r"": NaN, ""bucket"": ""entry_state_funding_pctile_b3__nan"", ""cost_drag_to_ev_ratio"": -0.1555050658806686, ""dataset_type"": ""stable"", ""ev_r_gross"": -0.5687049764851339, ""ev_r_net"": -0.6734261550996741, ""experiment_id"": ""36021d7e-455c-4270-b3ab-ec633b06cb05"", ""experiment_root"": ""outputs/tier2/l1_h11a_parallel_stable"", ""finding_score"": 4.88133222768087, ""finding_type"": ""FUNDING_EXTREME_AVOID_STATE"", ""hypothesis_id"": ""4f534213-d8ba-48e0-87ce-9b2985954148"", ""hypothesis_name"": ""l1_h11a_stable"", ""max_r"": 20.714782629745, ""median_mae_r"": 1.199033297401, ""median_mfe_r"": 0.969087296726, ""median_r_net"": -1.052858936183, ""min_r"": -5.621104516212, ""n_trades"": 1405, ""p25_r"": -1.643671609575, ""p75_r"": -0.289680275799, ""p95_r"": 2.661019696665594, ""p99_r"": 7.742835180814602, ""payoff_ratio"": 1.7667288901761062, ""sample_score"": 7.24850407237061, ""state_variable"": ""funding_x_oi"", ""tail_10r_count"": 10, ""tail_10r_rate"": 0.0071174377224199, ""tail_2r_count"": 99, ""tail_2r_rate"": 0.0704626334519573, ""tail_3r_count"": 68, ""tail_3r_rate"": 0.0483985765124555, ""tail_5r_count"": 25, ""tail_5r_rate"": 0.0177935943060498, ""weak_sample"": false, ""win_rate"": 0.1871886120996441}",research/state_findings/tier2/l1_h11a_combined_state_findings.csv,2026-06-23T01:08:35+00:00
e5bf4b9427d3ced4487c68af825069e493912ac3,entry_state_oi_regime,oi_mid,,,l1_h11a_stable,stable,,512,-0.6712300841391152,-0.5355793921549044,,2.5431348096337,5.587678783776308,14.401716497175,-3.967423781678,0.033203125,0.01953125,0.009765625,1.8336115895050176,1.435082730087254,-7.604009674897489,0.1356506919842109,OI_BUILDUP_AVOID_STATE,,"{""avg_cost_drag_r"": 0.1356506919842109, ""avg_exit_efficiency"": -7.604009674897489, ""avg_fee_drag_r"": 0.135650691984231, ""avg_mae_r"": 1.435082730087254, ""avg_mfe_r"": 1.8336115895050176, ""avg_r_loss"": -1.4346785250342695, ""avg_r_win"": 2.184632602172389, ""avg_slippage_drag_r"": 0.0678282542585982, ""avg_spread_drag_r"": NaN, ""bucket"": ""oi_mid"", ""cost_drag_to_ev_ratio"": -0.2020926880209629, ""dataset_type"": ""stable"", ""ev_r_gross"": -0.5355793921549044, ""ev_r_net"": -0.6712300841391152, ""experiment_id"": ""36021d7e-455c-4270-b3ab-ec633b06cb05"", ""experiment_root"": ""outputs/tier2/l1_h11a_parallel_stable"", ""finding_score"": 4.188660880605264, ""finding_type"": ""OI_BUILDUP_AVOID_STATE"", ""hypothesis_id"": ""4f534213-d8ba-48e0-87ce-9b2985954148"", ""hypothesis_name"": ""l1_h11a_stable"", ""max_r"": 14.401716497175, ""median_mae_r"": 1.366352059227, ""median_mfe_r"": 0.908871121199, ""median_r_net"": -1.15172275453, ""min_r"": -3.967423781678, ""n_trades"": 512, ""p25_r"": -1.641042350324, ""p75_r"": -0.2547612374275, ""p95_r"": 2.5431348096337, ""p99_r"": 5.587678783776308, ""payoff_ratio"": 1.5227331866002562, ""sample_score"": 6.240275845170769, ""state_variable"": ""entry_state_oi_regime"", ""tail_10r_count"": 5, ""tail_10r_rate"": 0.009765625, ""tail_2r_count"": 40, ""tail_2r_rate"": 0.078125, ""tail_3r_count"": 17, ""tail_3r_rate"": 0.033203125, ""tail_5r_count"": 10, ""tail_5r_rate"": 0.01953125, ""weak_sample"": false, ""win_rate"": 0.2109375}",research/state_findings/tier2/l1_h11a_combined_state_findings.csv,2026-06-23T01:08:35+00:00
ba625349b7a70ef7591380c001cbbecce2118c68,entry_state_oi_regime,oi_mid,,,l1_h11a_stable,stable,,512,-0.6712300841,-0.5355793922,,2.5431348096,5.5876787838,14.4017164972,-3.9674237817,0.033203125,0.01953125,0.009765625,1.8336115895,1.4350827301,-7.6040096749,0.135650692,OI_BUILDUP_AVOID_STATE,,"{""avg_cost_drag_r"": 0.135650692, ""avg_exit_efficiency"": -7.6040096749, ""avg_fee_drag_r"": 0.135650692, ""avg_mae_r"": 1.4350827301, ""avg_mfe_r"": 1.8336115895, ""avg_r_loss"": -1.434678525, ""avg_r_win"": 2.1846326022, ""avg_slippage_drag_r"": 0.0678282543, ""avg_spread_drag_r"": null, ""bucket"": ""oi_mid"", ""cost_drag_to_ev_ratio"": -0.202092688, ""dataset_type"": ""stable"", ""ev_r_gross"": -0.5355793922, ""ev_r_net"": -0.6712300841, ""experiment_id"": ""36021d7e-455c-4270-b3ab-ec633b06cb05"", ""experiment_root"": ""outputs/tier2/l1_h11a_parallel_stable"", ""finding_score"": 4.1886608806, ""finding_type"": ""OI_BUILDUP_AVOID_STATE"", ""hypothesis_id"": ""4f534213-d8ba-48e0-87ce-9b2985954148"", ""hypothesis_name"": ""l1_h11a_stable"", ""max_r"": 14.4017164972, ""median_mae_r"": 1.3663520592, ""median_mfe_r"": 0.9088711212, ""median_r_net"": -1.1517227545, ""min_r"": -3.9674237817, ""n_trades"": 512, ""p25_r"": -1.6410423503, ""p75_r"": -0.2547612374, ""p95_r"": 2.5431348096, ""p99_r"": 5.5876787838, ""payoff_ratio"": 1.5227331866, ""sample_score"": 6.2402758452, ""state_variable"": ""entry_state_oi_regime"", ""tail_10r_count"": 5, ""tail_10r_rate"": 0.009765625, ""tail_2r_count"": 40, ""tail_2r_rate"": 0.078125, ""tail_3r_count"": 17, ""tail_3r_rate"": 0.033203125, ""tail_5r_count"": 10, ""tail_5r_rate"": 0.01953125, ""weak_sample"": false, ""win_rate"": 0.2109375}",research/state_findings/tier2/l1_h11a_combined_state_findings.json,2026-06-23T01:08:35+00:00
bbb01cc614e214c6b8589e6448e2c69b5dff5b3e,funding_x_oi,entry_state_funding_pctile_b2__entry_state_oi_accel_pctile_b0,,,l1_h11a_stable,stable,,73,-0.6709731562,-0.5346696137,,2.3195016901,4.3980923252,4.3980926786,-2.5623436639,0.0273972603,0.0,0.0,1.5159677827,1.2234233007,-2.7685048411,0.1363035425,FUNDING_EXTREME_AVOID_STATE,,"{""avg_cost_drag_r"": 0.1363035425, ""avg_exit_efficiency"": -2.7685048411, ""avg_fee_drag_r"": 0.1363035425, ""avg_mae_r"": 1.2234233007, ""avg_mfe_r"": 1.5159677827, ""avg_r_loss"": -1.3069042577, ""avg_r_win"": 1.4238587078, ""avg_slippage_drag_r"": 0.0681570924, ""avg_spread_drag_r"": null, ""bucket"": ""entry_state_funding_pctile_b2__entry_state_oi_accel_pctile_b0"", ""cost_drag_to_ev_ratio"": -0.2031430635, ""dataset_type"": ""stable"", ""ev_r_gross"": -0.5346696137, ""ev_r_net"": -0.6709731562, ""experiment_id"": ""36021d7e-455c-4270-b3ab-ec633b06cb05"", ""experiment_root"": ""outputs/tier2/l1_h11a_parallel_stable"", ""finding_score"": 2.88791214, ""finding_type"": ""FUNDING_EXTREME_AVOID_STATE"", ""hypothesis_id"": ""4f534213-d8ba-48e0-87ce-9b2985954148"", ""hypothesis_name"": ""l1_h11a_stable"", ""max_r"": 4.3980926786, ""median_mae_r"": 1.2966399736, ""median_mfe_r"": 0.8555349657, ""median_r_net"": -1.094708634, ""min_r"": -2.5623436639, ""n_trades"": 73, ""p25_r"": -1.5578920559, ""p75_r"": -0.3432146344, ""p95_r"": 2.3195016901, ""p99_r"": 4.3980923252, ""payoff_ratio"": 1.0894896848, ""sample_score"": 4.3040650932, ""state_variable"": ""funding_x_oi"", ""tail_10r_count"": 0, ""tail_10r_rate"": 0.0, ""tail_2r_count"": 5, ""tail_2r_rate"": 0.0684931507, ""tail_3r_count"": 2, ""tail_3r_rate"": 0.0273972603, ""tail_5r_count"": 0, ""tail_5r_rate"": 0.0, ""weak_sample"": false, ""win_rate"": 0.2328767123}",research/state_findings/tier2/l1_h11a_combined_state_findings.json,2026-06-23T01:08:35+00:00
21bd49fe83d91ec3c5695a55224a1947f76106fe,funding_x_oi,entry_state_funding_pctile_b2__entry_state_oi_accel_pctile_b0,,,l1_h11a_stable,stable,,73,-0.6709731561710548,-0.5346696136729041,,2.319501690051,4.39809232519184,4.398092678552,-2.56234366389,0.0273972602739726,0.0,0.0,1.515967782719,1.223423300738315,-2.768504841097541,0.1363035424981507,FUNDING_EXTREME_AVOID_STATE,,"{""avg_cost_drag_r"": 0.1363035424981507, ""avg_exit_efficiency"": -2.768504841097541, ""avg_fee_drag_r"": 0.1363035424981271, ""avg_mae_r"": 1.223423300738315, ""avg_mfe_r"": 1.515967782719, ""avg_r_loss"": -1.3069042577250356, ""avg_r_win"": 1.4238587077714706, ""avg_slippage_drag_r"": 0.0681570924337919, ""avg_spread_drag_r"": NaN, ""bucket"": ""entry_state_funding_pctile_b2__entry_state_oi_accel_pctile_b0"", ""cost_drag_to_ev_ratio"": -0.2031430635406852, ""dataset_type"": ""stable"", ""ev_r_gross"": -0.5346696136729041, ""ev_r_net"": -0.6709731561710548, ""experiment_id"": ""36021d7e-455c-4270-b3ab-ec633b06cb05"", ""experiment_root"": ""outputs/tier2/l1_h11a_parallel_stable"", ""finding_score"": 2.8879121399528667, ""finding_type"": ""FUNDING_EXTREME_AVOID_STATE"", ""hypothesis_id"": ""4f534213-d8ba-48e0-87ce-9b2985954148"", ""hypothesis_name"": ""l1_h11a_stable"", ""max_r"": 4.398092678552, ""median_mae_r"": 1.296639973641, ""median_mfe_r"": 0.855534965738, ""median_r_net"": -1.094708634032, ""min_r"": -2.56234366389, ""n_trades"": 73, ""p25_r"": -1.557892055943, ""p75_r"": -0.343214634435, ""p95_r"": 2.319501690051, ""p99_r"": 4.39809232519184, ""payoff_ratio"": 1.0894896847685085, ""sample_score"": 4.304065093204169, ""state_variable"": ""funding_x_oi"", ""tail_10r_count"": 0, ""tail_10r_rate"": 0.0, ""tail_2r_count"": 5, ""tail_2r_rate"": 0.0684931506849315, ""tail_3r_count"": 2, ""tail_3r_rate"": 0.0273972602739726, ""tail_5r_count"": 0, ""tail_5r_rate"": 0.0, ""weak_sample"": false, ""win_rate"": 0.2328767123287671}",research/state_findings/tier2/l1_h11a_combined_state_findings.csv,2026-06-23T01:08:35+00:00
9297d4f3518d35e446c23e87aa503f4ba146ad00,funding_x_oi,entry_state_funding_pctile_b2__entry_state_oi_accel_pctile_b3,,,,,,88,-0.6453844244831127,,,,,,,,,,,,,,,,"{""bucket"": ""entry_state_funding_pctile_b2__entry_state_oi_accel_pctile_b3"", ""ev_r_net"": -0.6453844244831127, ""n_datasets"": 2, ""n_hypotheses"": 1, ""n_trades"": 88, ""state_variable"": ""funding_x_oi"", ""tail_5r_count"": 3}",research/state_findings/tier2/l1_h11a_combined_cross_state_aggregate.csv,2026-06-23T01:08:35+00:00
85054081ca4c0758856c0b77ae166fcd29816373,funding_x_oi,entry_state_funding_pctile_b2__entry_state_oi_accel_pctile_b0,,,,,,111,-0.6384244061066195,,,,,,,,,,,,,,,,"{""bucket"": ""entry_state_funding_pctile_b2__entry_state_oi_accel_pctile_b0"", ""ev_r_net"": -0.6384244061066195, ""n_datasets"": 2, ""n_hypotheses"": 1, ""n_trades"": 111, ""state_variable"": ""funding_x_oi"", ""tail_5r_count"": 0}",research/state_findings/tier2/l1_h11a_combined_cross_state_aggregate.csv,2026-06-23T01:08:35+00:00
e1095024680e1ac0f0badd070ce7098be0c2b0f4,entry_state_oi_regime,oi_mid,,,,,,802,-0.6353999541332955,,,,,,,,,,,,,,,,"{""bucket"": ""oi_mid"", ""ev_r_net"": -0.6353999541332955, ""n_datasets"": 2, ""n_hypotheses"": 1, ""n_trades"": 802, ""state_variable"": ""entry_state_oi_regime"", ""tail_5r_count"": 12}",research/state_findings/tier2/l1_h11a_combined_cross_state_aggregate.csv,2026-06-23T01:08:35+00:00
aa2efbcc6db7f0d6a388a98b3c69676663a9deeb,displacement_x_liquidity,extreme_impulse__entry_state_spread_proxy_pctile_b2,,,l1_h11a_stable,stable,,475,-0.621021766934059,-0.4901403466944484,,2.747950675435596,9.757786995551154,13.897030595178,-5.801175480444,0.0442105263157894,0.0210526315789473,0.0105263157894736,1.897786910598739,1.3729602889167896,-6.8597264612122855,0.1308814202396105,EXIT_FAILURE_STATE,,"{""avg_cost_drag_r"": 0.1308814202396105, ""avg_exit_efficiency"": -6.8597264612122855, ""avg_fee_drag_r"": 0.1308814202396194, ""avg_mae_r"": 1.3729602889167896, ""avg_mfe_r"": 1.897786910598739, ""avg_r_loss"": -1.3609245175571725, ""avg_r_win"": 2.459225553594772, ""avg_slippage_drag_r"": 0.0654427807527348, ""avg_spread_drag_r"": NaN, ""bucket"": ""extreme_impulse__entry_state_spread_proxy_pctile_b2"", ""cost_drag_to_ev_ratio"": -0.2107517436719858, ""dataset_type"": ""stable"", ""ev_r_gross"": -0.4901403466944484, ""ev_r_net"": -0.621021766934059, ""experiment_id"": ""36021d7e-455c-4270-b3ab-ec633b06cb05"", ""experiment_root"": ""outputs/tier2/l1_h11a_parallel_stable"", ""finding_score"": 8.757513371811024, ""finding_type"": ""EXIT_FAILURE_STATE"", ""hypothesis_id"": ""4f534213-d8ba-48e0-87ce-9b2985954148"", ""hypothesis_name"": ""l1_h11a_stable"", ""max_r"": 13.897030595178, ""median_mae_r"": 1.258696117974, ""median_mfe_r"": 0.781485184891, ""median_r_net"": -1.054429631388, ""min_r"": -5.801175480444, ""n_trades"": 475, ""p25_r"": -1.616893375708, ""p75_r"": -0.3322542741984999, ""p95_r"": 2.747950675435596, ""p99_r"": 9.757786995551154, ""payoff_ratio"": 1.8070256813427272, ""sample_score"": 6.16541785423142, ""state_variable"": ""displacement_x_liquidity"", ""tail_10r_count"": 5, ""tail_10r_rate"": 0.0105263157894736, ""tail_2r_count"": 36, ""tail_2r_rate"": 0.0757894736842105, ""tail_3r_count"": 21, ""tail_3r_rate"": 0.0442105263157894, ""tail_5r_count"": 10, ""tail_5r_rate"": 0.0210526315789473, ""weak_sample"": false, ""win_rate"": 0.1936842105263158}",research/state_findings/tier2/l1_h11a_combined_state_findings.csv,2026-06-23T01:08:35+00:00
291bd633064223d37a4ef99e07ebc890d86d20c9,displacement_x_liquidity,extreme_impulse__entry_state_spread_proxy_pctile_b2,,,l1_h11a_stable,stable,,475,-0.6210217669,-0.4901403467,,2.7479506754,9.7577869956,13.8970305952,-5.8011754804,0.0442105263,0.0210526316,0.0105263158,1.8977869106,1.3729602889,-6.8597264612,0.1308814202,EXIT_FAILURE_STATE,,"{""avg_cost_drag_r"": 0.1308814202, ""avg_exit_efficiency"": -6.8597264612, ""avg_fee_drag_r"": 0.1308814202, ""avg_mae_r"": 1.3729602889, ""avg_mfe_r"": 1.8977869106, ""avg_r_loss"": -1.3609245176, ""avg_r_win"": 2.4592255536, ""avg_slippage_drag_r"": 0.0654427808, ""avg_spread_drag_r"": null, ""bucket"": ""extreme_impulse__entry_state_spread_proxy_pctile_b2"", ""cost_drag_to_ev_ratio"": -0.2107517437, ""dataset_type"": ""stable"", ""ev_r_gross"": -0.4901403467, ""ev_r_net"": -0.6210217669, ""experiment_id"": ""36021d7e-455c-4270-b3ab-ec633b06cb05"", ""experiment_root"": ""outputs/tier2/l1_h11a_parallel_stable"", ""finding_score"": 8.7575133718, ""finding_type"": ""EXIT_FAILURE_STATE"", ""hypothesis_id"": ""4f534213-d8ba-48e0-87ce-9b2985954148"", ""hypothesis_name"": ""l1_h11a_stable"", ""max_r"": 13.8970305952, ""median_mae_r"": 1.258696118, ""median_mfe_r"": 0.7814851849, ""median_r_net"": -1.0544296314, ""min_r"": -5.8011754804, ""n_trades"": 475, ""p25_r"": -1.6168933757, ""p75_r"": -0.3322542742, ""p95_r"": 2.7479506754, ""p99_r"": 9.7577869956, ""payoff_ratio"": 1.8070256813, ""sample_score"": 6.1654178542, ""state_variable"": ""displacement_x_liquidity"", ""tail_10r_count"": 5, ""tail_10r_rate"": 0.0105263158, ""tail_2r_count"": 36, ""tail_2r_rate"": 0.0757894737, ""tail_3r_count"": 21, ""tail_3r_rate"": 0.0442105263, ""tail_5r_count"": 10, ""tail_5r_rate"": 0.0210526316, ""weak_sample"": false, ""win_rate"": 0.1936842105}",research/state_findings/tier2/l1_h11a_combined_state_findings.json,2026-06-23T01:08:35+00:00
f17958f91f09f961357019aeed6a84478e48eb4c,csi_x_oi,entry_state_csi_pctile_b2__entry_state_oi_accel_pctile_b0,,,l1_h11a_stable,stable,,84,-0.6164024489,-0.4987493498,,3.0151778515,4.3980922712,4.3980926786,-3.1013413596,0.0595238095,0.0,0.0,1.8226230064,1.3498828339,-3.9928912062,0.117653099,OI_BUILDUP_AVOID_STATE,,"{""avg_cost_drag_r"": 0.117653099, ""avg_exit_efficiency"": -3.9928912062, ""avg_fee_drag_r"": 0.117653099, ""avg_mae_r"": 1.3498828339, ""avg_mfe_r"": 1.8226230064, ""avg_r_loss"": -1.309477809, ""avg_r_win"": 1.9248738718, ""avg_slippage_drag_r"": 0.0588270489, ""avg_spread_drag_r"": null, ""bucket"": ""entry_state_csi_pctile_b2__entry_state_oi_accel_pctile_b0"", ""cost_drag_to_ev_ratio"": -0.1908705899, ""dataset_type"": ""stable"", ""ev_r_gross"": -0.4987493498, ""ev_r_net"": -0.6164024489, ""experiment_id"": ""36021d7e-455c-4270-b3ab-ec633b06cb05"", ""experiment_root"": ""outputs/tier2/l1_h11a_parallel_stable"", ""finding_score"": 2.7384611139, ""finding_type"": ""OI_BUILDUP_AVOID_STATE"", ""hypothesis_id"": ""4f534213-d8ba-48e0-87ce-9b2985954148"", ""hypothesis_name"": ""l1_h11a_stable"", ""max_r"": 4.3980926786, ""median_mae_r"": 1.2703323367, ""median_mfe_r"": 1.0239985968, ""median_r_net"": -0.9375361055, ""min_r"": -3.1013413596, ""n_trades"": 84, ""p25_r"": -1.3612080146, ""p75_r"": -0.2591329388, ""p95_r"": 3.0151778515, ""p99_r"": 4.3980922712, ""payoff_ratio"": 1.46995532, ""sample_score"": 4.4426512565, ""state_variable"": ""csi_x_oi"", ""tail_10r_count"": 0, ""tail_10r_rate"": 0.0, ""tail_2r_count"": 7, ""tail_2r_rate"": 0.0833333333, ""tail_3r_count"": 5, ""tail_3r_rate"": 0.0595238095, ""tail_5r_count"": 0, ""tail_5r_rate"": 0.0, ""weak_sample"": false, ""win_rate"": 0.2142857143}",research/state_findings/tier2/l1_h11a_combined_state_findings.json,2026-06-23T01:08:35+00:00
a4d1be4e55bd970706dcaec5b33480e8125280ac,csi_x_oi,entry_state_csi_pctile_b2__entry_state_oi_accel_pctile_b0,,,l1_h11a_stable,stable,,84,-0.616402448863619,-0.4987493498308333,,3.0151778514687946,4.39809227120626,4.398092678552,-3.101341359612,0.0595238095238095,0.0,0.0,1.8226230063816664,1.3498828338834046,-3.9928912061537662,0.1176530990327857,OI_BUILDUP_AVOID_STATE,,"{""avg_cost_drag_r"": 0.1176530990327857, ""avg_exit_efficiency"": -3.9928912061537662, ""avg_fee_drag_r"": 0.1176530990328253, ""avg_mae_r"": 1.3498828338834046, ""avg_mfe_r"": 1.8226230063816664, ""avg_r_loss"": -1.309477809034773, ""avg_r_win"": 1.9248738717639449, ""avg_slippage_drag_r"": 0.0588270489217136, ""avg_spread_drag_r"": NaN, ""bucket"": ""entry_state_csi_pctile_b2__entry_state_oi_accel_pctile_b0"", ""cost_drag_to_ev_ratio"": -0.1908705899038646, ""dataset_type"": ""stable"", ""ev_r_gross"": -0.4987493498308333, ""ev_r_net"": -0.616402448863619, ""experiment_id"": ""36021d7e-455c-4270-b3ab-ec633b06cb05"", ""experiment_root"": ""outputs/tier2/l1_h11a_parallel_stable"", ""finding_score"": 2.7384611139476647, ""finding_type"": ""OI_BUILDUP_AVOID_STATE"", ""hypothesis_id"": ""4f534213-d8ba-48e0-87ce-9b2985954148"", ""hypothesis_name"": ""l1_h11a_stable"", ""max_r"": 4.398092678552, ""median_mae_r"": 1.270332336678, ""median_mfe_r"": 1.0239985968049998, ""median_r_net"": -0.9375361055165, ""min_r"": -3.101341359612, ""n_trades"": 84, ""p25_r"": -1.361208014604, ""p75_r"": -0.259132938849, ""p95_r"": 3.0151778514687946, ""p99_r"": 4.39809227120626, ""payoff_ratio"": 1.4699553199628372, ""sample_score"": 4.442651256490317, ""state_variable"": ""csi_x_oi"", ""tail_10r_count"": 0, ""tail_10r_rate"": 0.0, ""tail_2r_count"": 7, ""tail_2r_rate"": 0.0833333333333333, ""tail_3r_count"": 5, ""tail_3r_rate"": 0.0595238095238095, ""tail_5r_count"": 0, ""tail_5r_rate"": 0.0, ""weak_sample"": false, ""win_rate"": 0.2142857142857142}",research/state_findings/tier2/l1_h11a_combined_state_findings.csv,2026-06-23T01:08:35+00:00
8973c4a2cda8f9e3340405d7ff7921c898f16e13,csi_x_funding,entry_state_csi_pctile_b1__entry_state_funding_pctile_b3,,,l1_h11a_stable,stable,,30,-0.613078075,-0.4702919028,,6.4530477759,10.1149738043,10.1149740738,-2.6773803759,0.0666666667,0.0666666667,0.0666666667,2.2133950915,1.7559595304,-3.4071135308,0.1427861722,FUNDING_EXTREME_AVOID_STATE,,"{""avg_cost_drag_r"": 0.1427861722, ""avg_exit_efficiency"": -3.4071135308, ""avg_fee_drag_r"": 0.1427861722, ""avg_mae_r"": 1.7559595304, ""avg_mfe_r"": 2.2133950915, ""avg_r_loss"": -1.9170986128, ""avg_r_win"": 4.6030040763, ""avg_slippage_drag_r"": 0.0713960536, ""avg_spread_drag_r"": null, ""bucket"": ""entry_state_csi_pctile_b1__entry_state_funding_pctile_b3"", ""cost_drag_to_ev_ratio"": -0.2329004706, ""dataset_type"": ""stable"", ""ev_r_gross"": -0.4702919028, ""ev_r_net"": -0.613078075, ""experiment_id"": ""36021d7e-455c-4270-b3ab-ec633b06cb05"", ""experiment_root"": ""outputs/tier2/l1_h11a_parallel_stable"", ""finding_score"": 2.1053022648, ""finding_type"": ""FUNDING_EXTREME_AVOID_STATE"", ""hypothesis_id"": ""4f534213-d8ba-48e0-87ce-9b2985954148"", ""hypothesis_name"": ""l1_h11a_stable"", ""max_r"": 10.1149740738, ""median_mae_r"": 1.6603937147, ""median_mfe_r"": 0.8151774693, ""median_r_net"": -1.7735115847, ""min_r"": -2.6773803759, ""n_trades"": 30, ""p25_r"": -1.9017828977, ""p75_r"": -1.1105974448, ""p95_r"": 6.4530477759, ""p99_r"": 10.1149738043, ""payoff_ratio"": 2.4010262412, ""sample_score"": 3.4339872045, ""state_variable"": ""csi_x_funding"", ""tail_10r_count"": 2, ""tail_10r_rate"": 0.0666666667, ""tail_2r_count"": 2, ""tail_2r_rate"": 0.0666666667, ""tail_3r_count"": 2, ""tail_3r_rate"": 0.0666666667, ""tail_5r_count"": 2, ""tail_5r_rate"": 0.0666666667, ""weak_sample"": false, ""win_rate"": 0.2}",research/state_findings/tier2/l1_h11a_combined_state_findings.json,2026-06-23T01:08:35+00:00
d0925219dacdbaa5ab0d415897b004a87579a34f,csi_x_funding,entry_state_csi_pctile_b1__entry_state_funding_pctile_b3,,,l1_h11a_stable,stable,,30,-0.6130780749780667,-0.4702919027870333,,6.453047775924027,10.11497380428692,10.114974073799,-2.677380375945,0.0666666666666666,0.0666666666666666,0.0666666666666666,2.2133950915189677,1.7559595303676672,-3.4071135307973663,0.1427861721910333,FUNDING_EXTREME_AVOID_STATE,,"{""avg_cost_drag_r"": 0.1427861721910333, ""avg_exit_efficiency"": -3.4071135307973663, ""avg_fee_drag_r"": 0.1427861721910619, ""avg_mae_r"": 1.7559595303676672, ""avg_mfe_r"": 2.2133950915189677, ""avg_r_loss"": -1.9170986128019585, ""avg_r_win"": 4.603004076317499, ""avg_slippage_drag_r"": 0.0713960535524274, ""avg_spread_drag_r"": NaN, ""bucket"": ""entry_state_csi_pctile_b1__entry_state_funding_pctile_b3"", ""cost_drag_to_ev_ratio"": -0.2329004706229979, ""dataset_type"": ""stable"", ""ev_r_gross"": -0.4702919027870333, ""ev_r_net"": -0.6130780749780667, ""experiment_id"": ""36021d7e-455c-4270-b3ab-ec633b06cb05"", ""experiment_root"": ""outputs/tier2/l1_h11a_parallel_stable"", ""finding_score"": 2.105302264825066, ""finding_type"": ""FUNDING_EXTREME_AVOID_STATE"", ""hypothesis_id"": ""4f534213-d8ba-48e0-87ce-9b2985954148"", ""hypothesis_name"": ""l1_h11a_stable"", ""max_r"": 10.114974073799, ""median_mae_r"": 1.660393714706, ""median_mfe_r"": 0.8151774693139999, ""median_r_net"": -1.7735115847055, ""min_r"": -2.677380375945, ""n_trades"": 30, ""p25_r"": -1.90178289774925, ""p75_r"": -1.110597444751, ""p95_r"": 6.453047775924027, ""p99_r"": 10.11497380428692, ""payoff_ratio"": 2.401026241206196, ""sample_score"": 3.4339872044851463, ""state_variable"": ""csi_x_funding"", ""tail_10r_count"": 2, ""tail_10r_rate"": 0.0666666666666666, ""tail_2r_count"": 2, ""tail_2r_rate"": 0.0666666666666666, ""tail_3r_count"": 2, ""tail_3r_rate"": 0.0666666666666666, ""tail_5r_count"": 2, ""tail_5r_rate"": 0.0666666666666666, ""weak_sample"": false, ""win_rate"": 0.2}",research/state_findings/tier2/l1_h11a_combined_state_findings.csv,2026-06-23T01:08:35+00:00
fb72983b0f7953892c61dea858151b86731ffff6,funding_x_oi,entry_state_funding_pctile_b2__entry_state_oi_accel_pctile_b0,,,l1_h11a_volatile,volatile,,38,-0.6058756560421842,-0.5867784840661052,,1.01884427339935,2.317864381104805,3.065309800588,-4.26246251154,0.0263157894736842,0.0,0.0,1.3861374499718155,1.376990781819711,-3.702345470579948,0.0190971719760789,FUNDING_EXTREME_AVOID_STATE,,"{""avg_cost_drag_r"": 0.0190971719760789, ""avg_exit_efficiency"": -3.702345470579948, ""avg_fee_drag_r"": 0.0190971719762088, ""avg_mae_r"": 1.376990781819711, ""avg_mfe_r"": 1.3861374499718155, ""avg_r_loss"": -1.397944180183167, ""avg_r_win"": 0.7519560996280715, ""avg_slippage_drag_r"": 0.0095415996767938, ""avg_spread_drag_r"": NaN, ""bucket"": ""entry_state_funding_pctile_b2__entry_state_oi_accel_pctile_b0"", ""cost_drag_to_ev_ratio"": -0.0315199526266315, ""dataset_type"": ""volatile"", ""ev_r_gross"": -0.5867784840661052, ""ev_r_net"": -0.6058756560421842, ""experiment_id"": ""b59f82c3-ea8b-4ae2-b31e-b59e5497824e"", ""experiment_root"": ""outputs/tier2/l1_h11a_parallel_vol"", ""finding_score"": 2.219662815799784, ""finding_type"": ""FUNDING_EXTREME_AVOID_STATE"", ""hypothesis_id"": ""4f534213-d8ba-48e0-87ce-9b2985954148"", ""hypothesis_name"": ""l1_h11a_volatile"", ""max_r"": 3.065309800588, ""median_mae_r"": 0.988463477655, ""median_mfe_r"": 0.7272977366375, ""median_r_net"": -0.621060544525, ""min_r"": -4.26246251154, ""n_trades"": 38, ""p25_r"": -1.068156137792, ""p75_r"": 0.44190285695675, ""p95_r"": 1.01884427339935, ""p99_r"": 2.317864381104805, ""payoff_ratio"": 0.5379013770990098, ""sample_score"": 3.6635616461296463, ""state_variable"": ""funding_x_oi"", ""tail_10r_count"": 0, ""tail_10r_rate"": 0.0, ""tail_2r_count"": 1, ""tail_2r_rate"": 0.0263157894736842, ""tail_3r_count"": 1, ""tail_3r_rate"": 0.0263157894736842, ""tail_5r_count"": 0, ""tail_5r_rate"": 0.0, ""weak_sample"": false, ""win_rate"": 0.3684210526315789}",research/state_findings/tier2/l1_h11a_combined_state_findings.csv,2026-06-23T01:08:35+00:00
4ea19387ab7d792581a188ccf51021d6ec15b83b,funding_x_oi,entry_state_funding_pctile_b2__entry_state_oi_accel_pctile_b0,,,l1_h11a_volatile,volatile,,38,-0.605875656,-0.5867784841,,1.0188442734,2.3178643811,3.0653098006,-4.2624625115,0.0263157895,0.0,0.0,1.38613745,1.3769907818,-3.7023454706,0.019097172,FUNDING_EXTREME_AVOID_STATE,,"{""avg_cost_drag_r"": 0.019097172, ""avg_exit_efficiency"": -3.7023454706, ""avg_fee_drag_r"": 0.019097172, ""avg_mae_r"": 1.3769907818, ""avg_mfe_r"": 1.38613745, ""avg_r_loss"": -1.3979441802, ""avg_r_win"": 0.7519560996, ""avg_slippage_drag_r"": 0.0095415997, ""avg_spread_drag_r"": null, ""bucket"": ""entry_state_funding_pctile_b2__entry_state_oi_accel_pctile_b0"", ""cost_drag_to_ev_ratio"": -0.0315199526, ""dataset_type"": ""volatile"", ""ev_r_gross"": -0.5867784841, ""ev_r_net"": -0.605875656, ""experiment_id"": ""b59f82c3-ea8b-4ae2-b31e-b59e5497824e"", ""experiment_root"": ""outputs/tier2/l1_h11a_parallel_vol"", ""finding_score"": 2.2196628158, ""finding_type"": ""FUNDING_EXTREME_AVOID_STATE"", ""hypothesis_id"": ""4f534213-d8ba-48e0-87ce-9b2985954148"", ""hypothesis_name"": ""l1_h11a_volatile"", ""max_r"": 3.0653098006, ""median_mae_r"": 0.9884634777, ""median_mfe_r"": 0.7272977366, ""median_r_net"": -0.6210605445, ""min_r"": -4.2624625115, ""n_trades"": 38, ""p25_r"": -1.0681561378, ""p75_r"": 0.441902857, ""p95_r"": 1.0188442734, ""p99_r"": 2.3178643811, ""payoff_ratio"": 0.5379013771, ""sample_score"": 3.6635616461, ""state_variable"": ""funding_x_oi"", ""tail_10r_count"": 0, ""tail_10r_rate"": 0.0, ""tail_2r_count"": 1, ""tail_2r_rate"": 0.0263157895, ""tail_3r_count"": 1, ""tail_3r_rate"": 0.0263157895, ""tail_5r_count"": 0, ""tail_5r_rate"": 0.0, ""weak_sample"": false, ""win_rate"": 0.3684210526}",research/state_findings/tier2/l1_h11a_combined_state_findings.json,2026-06-23T01:08:35+00:00
d297e3c7723138cb591ec9e31039dd1c0a0b45f3,displacement_x_oi,no_impulse__entry_state_oi_accel_pctile_b0,,,l1_h11a_volatile,volatile,,277,-0.6021682181,-0.5754704658,,1.7448902999,7.1640251375,10.1502057367,-4.6394352219,0.0288808664,0.0180505415,0.0036101083,1.6123819348,1.4393569093,-4.9278838406,0.0266977523,OI_BUILDUP_AVOID_STATE,,"{""avg_cost_drag_r"": 0.0266977523, ""avg_exit_efficiency"": -4.9278838406, ""avg_fee_drag_r"": 0.0266977523, ""avg_mae_r"": 1.4393569093, ""avg_mfe_r"": 1.6123819348, ""avg_r_loss"": -1.3038770537, ""avg_r_win"": 1.5972176846, ""avg_slippage_drag_r"": 0.0133422937, ""avg_spread_drag_r"": null, ""bucket"": ""no_impulse__entry_state_oi_accel_pctile_b0"", ""cost_drag_to_ev_ratio"": -0.0443360368, ""dataset_type"": ""volatile"", ""ev_r_gross"": -0.5754704658, ""ev_r_net"": -0.6021682181, ""experiment_id"": ""b59f82c3-ea8b-4ae2-b31e-b59e5497824e"", ""experiment_root"": ""outputs/tier2/l1_h11a_parallel_vol"", ""finding_score"": 3.3887745781, ""finding_type"": ""OI_BUILDUP_AVOID_STATE"", ""hypothesis_id"": ""4f534213-d8ba-48e0-87ce-9b2985954148"", ""hypothesis_name"": ""l1_h11a_volatile"", ""max_r"": 10.1502057367, ""median_mae_r"": 1.2377065527, ""median_mfe_r"": 0.8206866814, ""median_r_net"": -0.7868101523, ""min_r"": -4.6394352219, ""n_trades"": 277, ""p25_r"": -1.5676280799, ""p75_r"": -0.0621837149, ""p95_r"": 1.7448902999, ""p99_r"": 7.1640251375, ""payoff_ratio"": 1.2249756831, ""sample_score"": 5.6276211137, ""state_variable"": ""displacement_x_oi"", ""tail_10r_count"": 1, ""tail_10r_rate"": 0.0036101083, ""tail_2r_count"": 13, ""tail_2r_rate"": 0.0469314079, ""tail_3r_count"": 8, ""tail_3r_rate"": 0.0288808664, ""tail_5r_count"": 5, ""tail_5r_rate"": 0.0180505415, ""weak_sample"": false, ""win_rate"": 0.2418772563}",research/state_findings/tier2/l1_h11a_combined_state_findings.json,2026-06-23T01:08:35+00:00
d29328d0d38095474b26688b02e76f3a6a8748d2,displacement_x_oi,no_impulse__entry_state_oi_accel_pctile_b0,,,l1_h11a_volatile,volatile,,277,-0.6021682180904007,-0.5754704658396174,,1.7448902999318,7.16402513754332,10.150205736668,-4.639435221949,0.0288808664259927,0.0180505415162454,0.003610108303249,1.6123819347501192,1.4393569093468774,-4.927883840649765,0.0266977522507833,OI_BUILDUP_AVOID_STATE,,"{""avg_cost_drag_r"": 0.0266977522507833, ""avg_exit_efficiency"": -4.927883840649765, ""avg_fee_drag_r"": 0.026697752250803, ""avg_mae_r"": 1.4393569093468774, ""avg_mfe_r"": 1.6123819347501192, ""avg_r_loss"": -1.3038770537157331, ""avg_r_win"": 1.597217684615866, ""avg_slippage_drag_r"": 0.0133422937424852, ""avg_spread_drag_r"": NaN, ""bucket"": ""no_impulse__entry_state_oi_accel_pctile_b0"", ""cost_drag_to_ev_ratio"": -0.0443360367563858, ""dataset_type"": ""volatile"", ""ev_r_gross"": -0.5754704658396174, ""ev_r_net"": -0.6021682180904007, ""experiment_id"": ""b59f82c3-ea8b-4ae2-b31e-b59e5497824e"", ""experiment_root"": ""outputs/tier2/l1_h11a_parallel_vol"", ""finding_score"": 3.388774578119007, ""finding_type"": ""OI_BUILDUP_AVOID_STATE"", ""hypothesis_id"": ""4f534213-d8ba-48e0-87ce-9b2985954148"", ""hypothesis_name"": ""l1_h11a_volatile"", ""max_r"": 10.150205736668, ""median_mae_r"": 1.237706552653, ""median_mfe_r"": 0.820686681391, ""median_r_net"": -0.786810152328, ""min_r"": -4.639435221949, ""n_trades"": 277, ""p25_r"": -1.567628079921, ""p75_r"": -0.062183714858, ""p95_r"": 1.7448902999318, ""p99_r"": 7.16402513754332, ""payoff_ratio"": 1.224975683147566, ""sample_score"": 5.627621113690637, ""state_variable"": ""displacement_x_oi"", ""tail_10r_count"": 1, ""tail_10r_rate"": 0.003610108303249, ""tail_2r_count"": 13, ""tail_2r_rate"": 0.0469314079422382, ""tail_3r_count"": 8, ""tail_3r_rate"": 0.0288808664259927, ""tail_5r_count"": 5, ""tail_5r_rate"": 0.0180505415162454, ""weak_sample"": false, ""win_rate"": 0.2418772563176895}",research/state_findings/tier2/l1_h11a_combined_state_findings.csv,2026-06-23T01:08:35+00:00
64376f64d52cdb2b863a3900dd2198bc14d88533,entry_state_oi_regime,oi_mid,,,l1_h11a_volatile,volatile,,290,-0.5995698241274758,-0.5748299431946552,,1.969709770419201,4.336898831640549,10.150205736668,-4.961475764475,0.0241379310344827,0.0068965517241379,0.0034482758620689,1.6742731232697827,1.5112288823972002,-4.68416442492968,0.0247398809328206,OI_BUILDUP_AVOID_STATE,,"{""avg_cost_drag_r"": 0.0247398809328206, ""avg_exit_efficiency"": -4.68416442492968, ""avg_fee_drag_r"": 0.0247398809328361, ""avg_mae_r"": 1.5112288823972002, ""avg_mfe_r"": 1.6742731232697827, ""avg_r_loss"": -1.5280653257998211, ""avg_r_win"": 1.3364420729765638, ""avg_slippage_drag_r"": 0.0123651860939078, ""avg_spread_drag_r"": NaN, ""bucket"": ""oi_mid"", ""cost_drag_to_ev_ratio"": -0.0412627185979938, ""dataset_type"": ""volatile"", ""ev_r_gross"": -0.5748299431946552, ""ev_r_net"": -0.5995698241274758, ""experiment_id"": ""b59f82c3-ea8b-4ae2-b31e-b59e5497824e"", ""experiment_root"": ""outputs/tier2/l1_h11a_parallel_vol"", ""finding_score"": 3.4015534335163284, ""finding_type"": ""OI_BUILDUP_AVOID_STATE"", ""hypothesis_id"": ""4f534213-d8ba-48e0-87ce-9b2985954148"", ""hypothesis_name"": ""l1_h11a_volatile"", ""max_r"": 10.150205736668, ""median_mae_r"": 1.31001262396, ""median_mfe_r"": 0.961408435473, ""median_r_net"": -0.8598545147155, ""min_r"": -4.961475764475, ""n_trades"": 290, ""p25_r"": -1.66904558665275, ""p75_r"": 0.54954115726075, ""p95_r"": 1.969709770419201, ""p99_r"": 4.336898831640549, ""payoff_ratio"": 0.8745974732965309, ""sample_score"": 5.673323267171493, ""state_variable"": ""entry_state_oi_regime"", ""tail_10r_count"": 1, ""tail_10r_rate"": 0.0034482758620689, ""tail_2r_count"": 15, ""tail_2r_rate"": 0.0517241379310344, ""tail_3r_count"": 7, ""tail_3r_rate"": 0.0241379310344827, ""tail_5r_count"": 2, ""tail_5r_rate"": 0.0068965517241379, ""weak_sample"": false, ""win_rate"": 0.3241379310344827}",research/state_findings/tier2/l1_h11a_combined_state_findings.csv,2026-06-23T01:08:35+00:00
902b5fd5d5a22c00e6933ef7e612125dfe6c47c7,entry_state_oi_regime,oi_mid,,,l1_h11a_volatile,volatile,,290,-0.5995698241,-0.5748299432,,1.9697097704,4.3368988316,10.1502057367,-4.9614757645,0.024137931,0.0068965517,0.0034482759,1.6742731233,1.5112288824,-4.6841644249,0.0247398809,OI_BUILDUP_AVOID_STATE,,"{""avg_cost_drag_r"": 0.0247398809, ""avg_exit_efficiency"": -4.6841644249, ""avg_fee_drag_r"": 0.0247398809, ""avg_mae_r"": 1.5112288824, ""avg_mfe_r"": 1.6742731233, ""avg_r_loss"": -1.5280653258, ""avg_r_win"": 1.336442073, ""avg_slippage_drag_r"": 0.0123651861, ""avg_spread_drag_r"": null, ""bucket"": ""oi_mid"", ""cost_drag_to_ev_ratio"": -0.0412627186, ""dataset_type"": ""volatile"", ""ev_r_gross"": -0.5748299432, ""ev_r_net"": -0.5995698241, ""experiment_id"": ""b59f82c3-ea8b-4ae2-b31e-b59e5497824e"", ""experiment_root"": ""outputs/tier2/l1_h11a_parallel_vol"", ""finding_score"": 3.4015534335, ""finding_type"": ""OI_BUILDUP_AVOID_STATE"", ""hypothesis_id"": ""4f534213-d8ba-48e0-87ce-9b2985954148"", ""hypothesis_name"": ""l1_h11a_volatile"", ""max_r"": 10.1502057367, ""median_mae_r"": 1.310012624, ""median_mfe_r"": 0.9614084355, ""median_r_net"": -0.8598545147, ""min_r"": -4.9614757645, ""n_trades"": 290, ""p25_r"": -1.6690455867, ""p75_r"": 0.5495411573, ""p95_r"": 1.9697097704, ""p99_r"": 4.3368988316, ""payoff_ratio"": 0.8745974733, ""sample_score"": 5.6733232672, ""state_variable"": ""entry_state_oi_regime"", ""tail_10r_count"": 1, ""tail_10r_rate"": 0.0034482759, ""tail_2r_count"": 15, ""tail_2r_rate"": 0.0517241379, ""tail_3r_count"": 7, ""tail_3r_rate"": 0.024137931, ""tail_5r_count"": 2, ""tail_5r_rate"": 0.0068965517, ""weak_sample"": false, ""win_rate"": 0.324137931}",research/state_findings/tier2/l1_h11a_combined_state_findings.json,2026-06-23T01:08:35+00:00
1fe06ad56075bf35937ae69dfb806dba7af72cd7,funding_x_oi,entry_state_funding_pctile_b0__entry_state_oi_accel_pctile_b0,,,l1_h11a_volatile,volatile,,46,-0.5950326719,-0.5651722355,,2.129461361,5.0375565691,6.7243178007,-4.0628467816,0.0217391304,0.0217391304,0.0,1.5910884141,1.5851354118,-15.2326636376,0.0298604364,FUNDING_EXTREME_AVOID_STATE,,"{""avg_cost_drag_r"": 0.0298604364, ""avg_exit_efficiency"": -15.2326636376, ""avg_fee_drag_r"": 0.0298604364, ""avg_mae_r"": 1.5851354118, ""avg_mfe_r"": 1.5910884141, ""avg_r_loss"": -1.6163741099, ""avg_r_win"": 1.7394620435, ""avg_slippage_drag_r"": 0.0149360287, ""avg_spread_drag_r"": null, ""bucket"": ""entry_state_funding_pctile_b0__entry_state_oi_accel_pctile_b0"", ""cost_drag_to_ev_ratio"": -0.0501828519, ""dataset_type"": ""volatile"", ""ev_r_gross"": -0.5651722355, ""ev_r_net"": -0.5950326719, ""experiment_id"": ""b59f82c3-ea8b-4ae2-b31e-b59e5497824e"", ""experiment_root"": ""outputs/tier2/l1_h11a_parallel_vol"", ""finding_score"": 2.2909636146, ""finding_type"": ""FUNDING_EXTREME_AVOID_STATE"", ""hypothesis_id"": ""4f534213-d8ba-48e0-87ce-9b2985954148"", ""hypothesis_name"": ""l1_h11a_volatile"", ""max_r"": 6.7243178007, ""median_mae_r"": 1.4291043771, ""median_mfe_r"": 1.1727057098, ""median_r_net"": -0.9500296643, ""min_r"": -4.0628467816, ""n_trades"": 46, ""p25_r"": -1.4423189015, ""p75_r"": 0.3525703239, ""p95_r"": 2.129461361, ""p99_r"": 5.0375565691, ""payoff_ratio"": 1.0761506466, ""sample_score"": 3.8501476017, ""state_variable"": ""funding_x_oi"", ""tail_10r_count"": 0, ""tail_10r_rate"": 0.0, ""tail_2r_count"": 5, ""tail_2r_rate"": 0.1086956522, ""tail_3r_count"": 1, ""tail_3r_rate"": 0.0217391304, ""tail_5r_count"": 1, ""tail_5r_rate"": 0.0217391304, ""weak_sample"": false, ""win_rate"": 0.3043478261}",research/state_findings/tier2/l1_h11a_combined_state_findings.json,2026-06-23T01:08:35+00:00
962dbf817fa897cdb3cf7197bdff7acbea4724ef,funding_x_oi,entry_state_funding_pctile_b0__entry_state_oi_accel_pctile_b0,,,l1_h11a_volatile,volatile,,46,-0.5950326718819348,-0.5651722354590653,,2.12946136104725,5.03755656910404,6.724317800707,-4.062846781617,0.0217391304347826,0.0217391304347826,0.0,1.5910884140727393,1.585135411764739,-15.232663637574042,0.0298604364228695,FUNDING_EXTREME_AVOID_STATE,,"{""avg_cost_drag_r"": 0.0298604364228695, ""avg_exit_efficiency"": -15.232663637574042, ""avg_fee_drag_r"": 0.0298604364228802, ""avg_mae_r"": 1.585135411764739, ""avg_mfe_r"": 1.5910884140727393, ""avg_r_loss"": -1.6163741098550624, ""avg_r_win"": 1.739462043485214, ""avg_slippage_drag_r"": 0.0149360287495465, ""avg_spread_drag_r"": NaN, ""bucket"": ""entry_state_funding_pctile_b0__entry_state_oi_accel_pctile_b0"", ""cost_drag_to_ev_ratio"": -0.050182851856569, ""dataset_type"": ""volatile"", ""ev_r_gross"": -0.5651722354590653, ""ev_r_net"": -0.5950326718819348, ""experiment_id"": ""b59f82c3-ea8b-4ae2-b31e-b59e5497824e"", ""experiment_root"": ""outputs/tier2/l1_h11a_parallel_vol"", ""finding_score"": 2.290963614585359, ""finding_type"": ""FUNDING_EXTREME_AVOID_STATE"", ""hypothesis_id"": ""4f534213-d8ba-48e0-87ce-9b2985954148"", ""hypothesis_name"": ""l1_h11a_volatile"", ""max_r"": 6.724317800707, ""median_mae_r"": 1.4291043771149998, ""median_mfe_r"": 1.172705709843, ""median_r_net"": -0.950029664267, ""min_r"": -4.062846781617, ""n_trades"": 46, ""p25_r"": -1.4423189015065, ""p75_r"": 0.35257032391325, ""p95_r"": 2.12946136104725, ""p99_r"": 5.03755656910404, ""payoff_ratio"": 1.0761506466106343, ""sample_score"": 3.8501476017100575, ""state_variable"": ""funding_x_oi"", ""tail_10r_count"": 0, ""tail_10r_rate"": 0.0, ""tail_2r_count"": 5, ""tail_2r_rate"": 0.108695652173913, ""tail_3r_count"": 1, ""tail_3r_rate"": 0.0217391304347826, ""tail_5r_count"": 1, ""tail_5r_rate"": 0.0217391304347826, ""weak_sample"": false, ""win_rate"": 0.3043478260869565}",research/state_findings/tier2/l1_h11a_combined_state_findings.csv,2026-06-23T01:08:35+00:00
197f1bcabf0068f4eae6407f756fa24203abef2b,funding_x_oi,entry_state_funding_pctile_b0__entry_state_oi_accel_pctile_b3,,,l1_h11a_stable,stable,,49,-0.5931893497191632,-0.4499902504611225,,1.359682355375998,4.322657868516587,5.943128046303,-2.466051937713,0.0204081632653061,0.0204081632653061,0.0,1.7115206037128163,1.171920094827755,-1.2834664893000651,0.1431990992580408,FUNDING_EXTREME_AVOID_STATE,,"{""avg_cost_drag_r"": 0.1431990992580408, ""avg_exit_efficiency"": -1.2834664893000651, ""avg_fee_drag_r"": 0.1431990992580196, ""avg_mae_r"": 1.171920094827755, ""avg_mfe_r"": 1.7115206037128163, ""avg_r_loss"": -1.126140973023641, ""avg_r_win"": 1.4853219811683, ""avg_slippage_drag_r"": 0.0716084444178641, ""avg_spread_drag_r"": NaN, ""bucket"": ""entry_state_funding_pctile_b0__entry_state_oi_accel_pctile_b3"", ""cost_drag_to_ev_ratio"": -0.2414053781070687, ""dataset_type"": ""stable"", ""ev_r_gross"": -0.4499902504611225, ""ev_r_net"": -0.5931893497191632, ""experiment_id"": ""36021d7e-455c-4270-b3ab-ec633b06cb05"", ""experiment_root"": ""outputs/tier2/l1_h11a_parallel_stable"", ""finding_score"": 2.320570382676328, ""finding_type"": ""FUNDING_EXTREME_AVOID_STATE"", ""hypothesis_id"": ""4f534213-d8ba-48e0-87ce-9b2985954148"", ""hypothesis_name"": ""l1_h11a_stable"", ""max_r"": 5.943128046303, ""median_mae_r"": 1.054811016785, ""median_mfe_r"": 0.998913468586, ""median_r_net"": -0.768864457722, ""min_r"": -2.466051937713, ""n_trades"": 49, ""p25_r"": -1.32308018079, ""p75_r"": -0.401568740956, ""p95_r"": 1.359682355375998, ""p99_r"": 4.322657868516587, ""payoff_ratio"": 1.3189485302006847, ""sample_score"": 3.912023005428146, ""state_variable"": ""funding_x_oi"", ""tail_10r_count"": 0, ""tail_10r_rate"": 0.0, ""tail_2r_count"": 2, ""tail_2r_rate"": 0.0408163265306122, ""tail_3r_count"": 1, ""tail_3r_rate"": 0.0204081632653061, ""tail_5r_count"": 1, ""tail_5r_rate"": 0.0204081632653061, ""weak_sample"": false, ""win_rate"": 0.2040816326530612}",research/state_findings/tier2/l1_h11a_combined_state_findings.csv,2026-06-23T01:08:35+00:00
10aa50675640fb2ddf84cdba9305f8736e407210,funding_x_oi,entry_state_funding_pctile_b0__entry_state_oi_accel_pctile_b3,,,l1_h11a_stable,stable,,49,-0.5931893497,-0.4499902505,,1.3596823554,4.3226578685,5.9431280463,-2.4660519377,0.0204081633,0.0204081633,0.0,1.7115206037,1.1719200948,-1.2834664893,0.1431990993,FUNDING_EXTREME_AVOID_STATE,,"{""avg_cost_drag_r"": 0.1431990993, ""avg_exit_efficiency"": -1.2834664893, ""avg_fee_drag_r"": 0.1431990993, ""avg_mae_r"": 1.1719200948, ""avg_mfe_r"": 1.7115206037, ""avg_r_loss"": -1.126140973, ""avg_r_win"": 1.4853219812, ""avg_slippage_drag_r"": 0.0716084444, ""avg_spread_drag_r"": null, ""bucket"": ""entry_state_funding_pctile_b0__entry_state_oi_accel_pctile_b3"", ""cost_drag_to_ev_ratio"": -0.2414053781, ""dataset_type"": ""stable"", ""ev_r_gross"": -0.4499902505, ""ev_r_net"": -0.5931893497, ""experiment_id"": ""36021d7e-455c-4270-b3ab-ec633b06cb05"", ""experiment_root"": ""outputs/tier2/l1_h11a_parallel_stable"", ""finding_score"": 2.3205703827, ""finding_type"": ""FUNDING_EXTREME_AVOID_STATE"", ""hypothesis_id"": ""4f534213-d8ba-48e0-87ce-9b2985954148"", ""hypothesis_name"": ""l1_h11a_stable"", ""max_r"": 5.9431280463, ""median_mae_r"": 1.0548110168, ""median_mfe_r"": 0.9989134686, ""median_r_net"": -0.7688644577, ""min_r"": -2.4660519377, ""n_trades"": 49, ""p25_r"": -1.3230801808, ""p75_r"": -0.401568741, ""p95_r"": 1.3596823554, ""p99_r"": 4.3226578685, ""payoff_ratio"": 1.3189485302, ""sample_score"": 3.9120230054, ""state_variable"": ""funding_x_oi"", ""tail_10r_count"": 0, ""tail_10r_rate"": 0.0, ""tail_2r_count"": 2, ""tail_2r_rate"": 0.0408163265, ""tail_3r_count"": 1, ""tail_3r_rate"": 0.0204081633, ""tail_5r_count"": 1, ""tail_5r_rate"": 0.0204081633, ""weak_sample"": false, ""win_rate"": 0.2040816327}",research/state_findings/tier2/l1_h11a_combined_state_findings.json,2026-06-23T01:08:35+00:00
8e72a9391a3f5dd32df54631b09eda292dfc4424,csi_x_funding,entry_state_csi_pctile_b0__entry_state_funding_pctile_b2,,,,,,356,-0.5901304823087827,,,,,,,,,,,,,,,,"{""bucket"": ""entry_state_csi_pctile_b0__entry_state_funding_pctile_b2"", ""ev_r_net"": -0.5901304823087827, ""n_datasets"": 2, ""n_hypotheses"": 1, ""n_trades"": 356, ""state_variable"": ""csi_x_funding"", ""tail_5r_count"": 3}",research/state_findings/tier2/l1_h11a_combined_cross_state_aggregate.csv,2026-06-23T01:08:35+00:00
c487ed4a30ded6c8fcaa9f8c0b7f5dc17377263a,displacement_x_oi,strong_impulse__entry_state_oi_accel_pctile_b3,,,,,,126,-0.5858806158560552,,,,,,,,,,,,,,,,"{""bucket"": ""strong_impulse__entry_state_oi_accel_pctile_b3"", ""ev_r_net"": -0.5858806158560552, ""n_datasets"": 2, ""n_hypotheses"": 1, ""n_trades"": 126, ""state_variable"": ""displacement_x_oi"", ""tail_5r_count"": 7}",research/state_findings/tier2/l1_h11a_combined_cross_state_aggregate.csv,2026-06-23T01:08:35+00:00
664aceba6e9734358311ee0a9dd6ff29de71393e,vol_x_liquidity,entry_state_vol_pctile_b3__entry_state_spread_proxy_pctile_b0,,,l1_h11a_stable,stable,,270,-0.5812469881,-0.4658442487,,2.3867842228,13.2905149634,27.7317190331,-5.260456776,0.0407407407,0.0185185185,0.0111111111,2.0030159839,1.4790898468,-7.5876438559,0.1154027393,EXIT_FAILURE_STATE,,"{""avg_cost_drag_r"": 0.1154027393, ""avg_exit_efficiency"": -7.5876438559, ""avg_fee_drag_r"": 0.1154027393, ""avg_mae_r"": 1.4790898468, ""avg_mfe_r"": 2.0030159839, ""avg_r_loss"": -1.5706481227, ""avg_r_win"": 3.286411993, ""avg_slippage_drag_r"": 0.057710683, ""avg_spread_drag_r"": null, ""bucket"": ""entry_state_vol_pctile_b3__entry_state_spread_proxy_pctile_b0"", ""cost_drag_to_ev_ratio"": -0.1985433761, ""dataset_type"": ""stable"", ""ev_r_gross"": -0.4658442487, ""ev_r_net"": -0.5812469881, ""experiment_id"": ""36021d7e-455c-4270-b3ab-ec633b06cb05"", ""experiment_root"": ""outputs/tier2/l1_h11a_parallel_stable"", ""finding_score"": 9.5906598397, ""finding_type"": ""EXIT_FAILURE_STATE"", ""hypothesis_id"": ""4f534213-d8ba-48e0-87ce-9b2985954148"", ""hypothesis_name"": ""l1_h11a_stable"", ""max_r"": 27.7317190331, ""median_mae_r"": 1.1629302064, ""median_mfe_r"": 1.071376854, ""median_r_net"": -1.0477206134, ""min_r"": -5.260456776, ""n_trades"": 270, ""p25_r"": -1.7403315106, ""p75_r"": -0.3077243832, ""p95_r"": 2.3867842228, ""p99_r"": 13.2905149634, ""payoff_ratio"": 2.0923922713, ""sample_score"": 5.6021188209, ""state_variable"": ""vol_x_liquidity"", ""tail_10r_count"": 3, ""tail_10r_rate"": 0.0111111111, ""tail_2r_count"": 26, ""tail_2r_rate"": 0.0962962963, ""tail_3r_count"": 11, ""tail_3r_rate"": 0.0407407407, ""tail_5r_count"": 5, ""tail_5r_rate"": 0.0185185185, ""weak_sample"": false, ""win_rate"": 0.2037037037}",research/state_findings/tier2/l1_h11a_combined_state_findings.json,2026-06-23T01:08:35+00:00
368e78249393ee23000b72afb6d3fba545943b4f,vol_x_liquidity,entry_state_vol_pctile_b3__entry_state_spread_proxy_pctile_b0,,,l1_h11a_stable,stable,,270,-0.5812469880568667,-0.4658442487267815,,2.3867842227843994,13.290514963425238,27.73171903314,-5.260456776024,0.0407407407407407,0.0185185185185185,0.0111111111111111,2.003015983858874,1.479089846828137,-7.587643855889115,0.1154027393300851,EXIT_FAILURE_STATE,,"{""avg_cost_drag_r"": 0.1154027393300851, ""avg_exit_efficiency"": -7.587643855889115, ""avg_fee_drag_r"": 0.1154027393300503, ""avg_mae_r"": 1.479089846828137, ""avg_mfe_r"": 2.003015983858874, ""avg_r_loss"": -1.5706481227424929, ""avg_r_win"": 3.286411992986946, ""avg_slippage_drag_r"": 0.0577106830284804, ""avg_spread_drag_r"": NaN, ""bucket"": ""entry_state_vol_pctile_b3__entry_state_spread_proxy_pctile_b0"", ""cost_drag_to_ev_ratio"": -0.198543376054096, ""dataset_type"": ""stable"", ""ev_r_gross"": -0.4658442487267815, ""ev_r_net"": -0.5812469880568667, ""experiment_id"": ""36021d7e-455c-4270-b3ab-ec633b06cb05"", ""experiment_root"": ""outputs/tier2/l1_h11a_parallel_stable"", ""finding_score"": 9.590659839747987, ""finding_type"": ""EXIT_FAILURE_STATE"", ""hypothesis_id"": ""4f534213-d8ba-48e0-87ce-9b2985954148"", ""hypothesis_name"": ""l1_h11a_stable"", ""max_r"": 27.73171903314, ""median_mae_r"": 1.1629302063525, ""median_mfe_r"": 1.0713768540165, ""median_r_net"": -1.047720613376, ""min_r"": -5.260456776024, ""n_trades"": 270, ""p25_r"": -1.7403315106080002, ""p75_r"": -0.3077243832305, ""p95_r"": 2.3867842227843994, ""p99_r"": 13.290514963425238, ""payoff_ratio"": 2.092392271318273, ""sample_score"": 5.602118820879701, ""state_variable"": ""vol_x_liquidity"", ""tail_10r_count"": 3, ""tail_10r_rate"": 0.0111111111111111, ""tail_2r_count"": 26, ""tail_2r_rate"": 0.0962962962962963, ""tail_3r_count"": 11, ""tail_3r_rate"": 0.0407407407407407, ""tail_5r_count"": 5, ""tail_5r_rate"": 0.0185185185185185, ""weak_sample"": false, ""win_rate"": 0.2037037037037037}",research/state_findings/tier2/l1_h11a_combined_state_findings.csv,2026-06-23T01:08:35+00:00
2de8fc1ae70be3a8518f793a59b8075741908fca,funding_x_oi,entry_state_funding_pctile_b3__entry_state_oi_accel_pctile_b3,,,l1_h11a_volatile,volatile,,29,-0.5793085066,-0.5519853762,,2.3233305113,6.2921770964,7.4397201431,-3.4933279246,0.0689655172,0.0344827586,0.0,1.5879545776,1.4061508219,-3.974906728,0.0273231303,FRAGILE_STATE,,"{""avg_cost_drag_r"": 0.0273231303, ""avg_exit_efficiency"": -3.974906728, ""avg_fee_drag_r"": 0.0273231303, ""avg_mae_r"": 1.4061508219, ""avg_mfe_r"": 1.5879545776, ""avg_r_loss"": -1.3074131353, ""avg_r_win"": 2.211759237, ""avg_slippage_drag_r"": 0.0136591931, ""avg_spread_drag_r"": null, ""bucket"": ""entry_state_funding_pctile_b3__entry_state_oi_accel_pctile_b3"", ""cost_drag_to_ev_ratio"": -0.0471650771, ""dataset_type"": ""volatile"", ""ev_r_gross"": -0.5519853762, ""ev_r_net"": -0.5793085066, ""experiment_id"": ""b59f82c3-ea8b-4ae2-b31e-b59e5497824e"", ""experiment_root"": ""outputs/tier2/l1_h11a_parallel_vol"", ""finding_score"": -1.9150386236, ""finding_type"": ""FRAGILE_STATE"", ""hypothesis_id"": ""4f534213-d8ba-48e0-87ce-9b2985954148"", ""hypothesis_name"": ""l1_h11a_volatile"", ""max_r"": 7.4397201431, ""median_mae_r"": 1.2045310684, ""median_mfe_r"": 1.162664927, ""median_r_net"": -1.0437992367, ""min_r"": -3.4933279246, ""n_trades"": 29, ""p25_r"": -1.3952994405, ""p75_r"": -0.1474115437, ""p95_r"": 2.3233305113, ""p99_r"": 6.2921770964, ""payoff_ratio"": 1.6917064524, ""sample_score"": 3.4011973817, ""state_variable"": ""funding_x_oi"", ""tail_10r_count"": 0, ""tail_10r_rate"": 0.0, ""tail_2r_count"": 2, ""tail_2r_rate"": 0.0689655172, ""tail_3r_count"": 2, ""tail_3r_rate"": 0.0689655172, ""tail_5r_count"": 1, ""tail_5r_rate"": 0.0344827586, ""weak_sample"": false, ""win_rate"": 0.2068965517}",research/state_findings/tier2/l1_h11a_combined_state_findings.json,2026-06-23T01:08:35+00:00
d33b072f845be3c7dfcdfa6737d48cbf521b1cc3,funding_x_oi,entry_state_funding_pctile_b3__entry_state_oi_accel_pctile_b3,,,l1_h11a_volatile,volatile,,29,-0.579308506568069,-0.5519853762186553,,2.3233305112957945,6.292177096418755,7.439720143148,-3.49332792456,0.0689655172413793,0.0344827586206896,0.0,1.587954577638069,1.4061508219435177,-3.974906728021667,0.0273231303494137,FRAGILE_STATE,,"{""avg_cost_drag_r"": 0.0273231303494137, ""avg_exit_efficiency"": -3.974906728021667, ""avg_fee_drag_r"": 0.0273231303495717, ""avg_mae_r"": 1.4061508219435177, ""avg_mfe_r"": 1.587954577638069, ""avg_r_loss"": -1.307413135332652, ""avg_r_win"": 2.2117592370295, ""avg_slippage_drag_r"": 0.0136591930699859, ""avg_spread_drag_r"": NaN, ""bucket"": ""entry_state_funding_pctile_b3__entry_state_oi_accel_pctile_b3"", ""cost_drag_to_ev_ratio"": -0.0471650770524346, ""dataset_type"": ""volatile"", ""ev_r_gross"": -0.5519853762186553, ""ev_r_net"": -0.579308506568069, ""experiment_id"": ""b59f82c3-ea8b-4ae2-b31e-b59e5497824e"", ""experiment_root"": ""outputs/tier2/l1_h11a_parallel_vol"", ""finding_score"": -1.9150386236472572, ""finding_type"": ""FRAGILE_STATE"", ""hypothesis_id"": ""4f534213-d8ba-48e0-87ce-9b2985954148"", ""hypothesis_name"": ""l1_h11a_volatile"", ""max_r"": 7.439720143148, ""median_mae_r"": 1.204531068381, ""median_mfe_r"": 1.162664926962, ""median_r_net"": -1.043799236675, ""min_r"": -3.49332792456, ""n_trades"": 29, ""p25_r"": -1.395299440529, ""p75_r"": -0.147411543739, ""p95_r"": 2.3233305112957945, ""p99_r"": 6.292177096418755, ""payoff_ratio"": 1.69170645242657, ""sample_score"": 3.4011973816621555, ""state_variable"": ""funding_x_oi"", ""tail_10r_count"": 0, ""tail_10r_rate"": 0.0, ""tail_2r_count"": 2, ""tail_2r_rate"": 0.0689655172413793, ""tail_3r_count"": 2, ""tail_3r_rate"": 0.0689655172413793, ""tail_5r_count"": 1, ""tail_5r_rate"": 0.0344827586206896, ""weak_sample"": false, ""win_rate"": 0.2068965517241379}",research/state_findings/tier2/l1_h11a_combined_state_findings.csv,2026-06-23T01:08:35+00:00
a6b51945189885b8fa5913d2b0b69df1bedb717f,csi_x_funding,entry_state_csi_pctile_b2__entry_state_funding_pctile_b3,,,l1_h11a_stable,stable,,263,-0.5787584508012548,-0.4549072595708859,,3.722715655769394,4.981794487666577,5.391471861633,-5.621104516212,0.0608365019011406,0.0114068441064638,0.0,2.0353686537113997,1.3611108385314676,-3.2241589196005065,0.1238511912303688,FUNDING_EXTREME_AVOID_STATE,,"{""avg_cost_drag_r"": 0.1238511912303688, ""avg_exit_efficiency"": -3.2241589196005065, ""avg_fee_drag_r"": 0.1238511912303986, ""avg_mae_r"": 1.3611108385314676, ""avg_mfe_r"": 2.0353686537113997, ""avg_r_loss"": -1.1999345756984627, ""avg_r_win"": 2.134133196709, ""avg_slippage_drag_r"": 0.0619313202995981, ""avg_spread_drag_r"": NaN, ""bucket"": ""entry_state_csi_pctile_b2__entry_state_funding_pctile_b3"", ""cost_drag_to_ev_ratio"": -0.2139946139169192, ""dataset_type"": ""stable"", ""ev_r_gross"": -0.4549072595708859, ""ev_r_net"": -0.5787584508012548, ""experiment_id"": ""36021d7e-455c-4270-b3ab-ec633b06cb05"", ""experiment_root"": ""outputs/tier2/l1_h11a_parallel_stable"", ""finding_score"": 3.227127664683608, ""finding_type"": ""FUNDING_EXTREME_AVOID_STATE"", ""hypothesis_id"": ""4f534213-d8ba-48e0-87ce-9b2985954148"", ""hypothesis_name"": ""l1_h11a_stable"", ""max_r"": 5.391471861633, ""median_mae_r"": 1.170574692006, ""median_mfe_r"": 0.990696426745, ""median_r_net"": -0.967187666201, ""min_r"": -5.621104516212, ""n_trades"": 263, ""p25_r"": -1.5009038935455, ""p75_r"": -0.223568679498, ""p95_r"": 3.722715655769394, ""p99_r"": 4.981794487666577, ""payoff_ratio"": 1.7785412971092656, ""sample_score"": 5.575949103146316, ""state_variable"": ""csi_x_funding"", ""tail_10r_count"": 0, ""tail_10r_rate"": 0.0, ""tail_2r_count"": 20, ""tail_2r_rate"": 0.0760456273764258, ""tail_3r_count"": 16, ""tail_3r_rate"": 0.0608365019011406, ""tail_5r_count"": 3, ""tail_5r_rate"": 0.0114068441064638, ""weak_sample"": false, ""win_rate"": 0.1863117870722433}",research/state_findings/tier2/l1_h11a_combined_state_findings.csv,2026-06-23T01:08:35+00:00
