id,state_key,bucket,joint_key,setup_class,hypothesis_name,dataset_type,phase,n_trades,ev_r_net,ev_r_gross,median_r,p95_r,p99_r,max_r,min_r,tail_3r_rate,tail_5r_rate,tail_10r_rate,avg_mfe_r,avg_mae_r,avg_exit_efficiency,avg_cost_drag_r,finding_type,confidence_score,evidence_json,source_path,created_at
48bb45da9db5ef7db03055bed22830da33b29a9a,funding_x_basis,entry_state_funding_pctile_b3__entry_state_basis_pctile_b0,,,l1_h11a_volatile,volatile,,478,2.240833277444711,2.273631576541592,,5.779675827254,27.22649659513547,491.238812219363,-9.976244994392,0.1108786610878661,0.0690376569037656,0.0251046025104602,5.564709164944914,1.383733851908659,-11.906272267349436,0.0327982990968807,FUNDING_EXTREME_EDGE_STATE,,"{""avg_cost_drag_r"": 0.0327982990968807, ""avg_exit_efficiency"": -11.906272267349436, ""avg_fee_drag_r"": 0.0327982990968979, ""avg_mae_r"": 1.383733851908659, ""avg_mfe_r"": 5.564709164944914, ""avg_r_loss"": -1.3918480332815808, ""avg_r_win"": 8.530561489730806, ""avg_slippage_drag_r"": 0.0164108013277158, ""avg_spread_drag_r"": NaN, ""bucket"": ""entry_state_funding_pctile_b3__entry_state_basis_pctile_b0"", ""cost_drag_to_ev_ratio"": 0.0146366529928909, ""dataset_type"": ""volatile"", ""ev_r_gross"": 2.273631576541592, ""ev_r_net"": 2.240833277444711, ""experiment_id"": ""b59f82c3-ea8b-4ae2-b31e-b59e5497824e"", ""experiment_root"": ""outputs/tier2/l1_h11a_parallel_vol"", ""finding_score"": 13.93782991500304, ""finding_type"": ""FUNDING_EXTREME_EDGE_STATE"", ""hypothesis_id"": ""4f534213-d8ba-48e0-87ce-9b2985954148"", ""hypothesis_name"": ""l1_h11a_volatile"", ""max_r"": 491.238812219363, ""median_mae_r"": 1.1480839581375, ""median_mfe_r"": 1.354751121593, ""median_r_net"": -0.614295788137, ""min_r"": -9.976244994392, ""n_trades"": 478, ""p25_r"": -1.5345813949955, ""p75_r"": 0.60554355881975, ""p95_r"": 5.779675827254, ""p99_r"": 27.22649659513547, ""payoff_ratio"": 6.128946038468133, ""sample_score"": 6.171700597410915, ""state_variable"": ""funding_x_basis"", ""tail_10r_count"": 12, ""tail_10r_rate"": 0.0251046025104602, ""tail_2r_count"": 72, ""tail_2r_rate"": 0.1506276150627615, ""tail_3r_count"": 53, ""tail_3r_rate"": 0.1108786610878661, ""tail_5r_count"": 33, ""tail_5r_rate"": 0.0690376569037656, ""weak_sample"": false, ""win_rate"": 0.3661087866108786}",research/state_findings/tier2/l1_h11a_combined_state_findings.csv,2026-06-23T01:08:35+00:00
f2ba1488fd67dfc1010680bdc78640432620abe9,funding_x_basis,entry_state_funding_pctile_b3__entry_state_basis_pctile_b0,,,l1_h11a_volatile,volatile,,478,2.2408332774,2.2736315765,,5.7796758273,27.2264965951,491.2388122194,-9.9762449944,0.1108786611,0.0690376569,0.0251046025,5.5647091649,1.3837338519,-11.9062722673,0.0327982991,FUNDING_EXTREME_EDGE_STATE,,"{""avg_cost_drag_r"": 0.0327982991, ""avg_exit_efficiency"": -11.9062722673, ""avg_fee_drag_r"": 0.0327982991, ""avg_mae_r"": 1.3837338519, ""avg_mfe_r"": 5.5647091649, ""avg_r_loss"": -1.3918480333, ""avg_r_win"": 8.5305614897, ""avg_slippage_drag_r"": 0.0164108013, ""avg_spread_drag_r"": null, ""bucket"": ""entry_state_funding_pctile_b3__entry_state_basis_pctile_b0"", ""cost_drag_to_ev_ratio"": 0.014636653, ""dataset_type"": ""volatile"", ""ev_r_gross"": 2.2736315765, ""ev_r_net"": 2.2408332774, ""experiment_id"": ""b59f82c3-ea8b-4ae2-b31e-b59e5497824e"", ""experiment_root"": ""outputs/tier2/l1_h11a_parallel_vol"", ""finding_score"": 13.937829915, ""finding_type"": ""FUNDING_EXTREME_EDGE_STATE"", ""hypothesis_id"": ""4f534213-d8ba-48e0-87ce-9b2985954148"", ""hypothesis_name"": ""l1_h11a_volatile"", ""max_r"": 491.2388122194, ""median_mae_r"": 1.1480839581, ""median_mfe_r"": 1.3547511216, ""median_r_net"": -0.6142957881, ""min_r"": -9.9762449944, ""n_trades"": 478, ""p25_r"": -1.534581395, ""p75_r"": 0.6055435588, ""p95_r"": 5.7796758273, ""p99_r"": 27.2264965951, ""payoff_ratio"": 6.1289460385, ""sample_score"": 6.1717005974, ""state_variable"": ""funding_x_basis"", ""tail_10r_count"": 12, ""tail_10r_rate"": 0.0251046025, ""tail_2r_count"": 72, ""tail_2r_rate"": 0.1506276151, ""tail_3r_count"": 53, ""tail_3r_rate"": 0.1108786611, ""tail_5r_count"": 33, ""tail_5r_rate"": 0.0690376569, ""weak_sample"": false, ""win_rate"": 0.3661087866}",research/state_findings/tier2/l1_h11a_combined_state_findings.json,2026-06-23T01:08:35+00:00
d98205866630f6e5ba8e939837030b3e815dc660,liquidity_x_funding,entry_state_spread_proxy_pctile_b1__entry_state_funding_pctile_b3,,,l1_h11a_volatile,volatile,,427,2.035106602539417,2.0689936506083915,,2.8860263321136,9.761699219171,491.238812219363,-4.639435221949,0.0491803278688524,0.0140515222482435,0.009367681498829,5.201211900045068,1.2362793410185249,-2.4055344588205325,0.0338870480689742,FUNDING_EXTREME_EDGE_STATE,,"{""avg_cost_drag_r"": 0.0338870480689742, ""avg_exit_efficiency"": -2.4055344588205325, ""avg_fee_drag_r"": 0.0338870480689595, ""avg_mae_r"": 1.2362793410185249, ""avg_mfe_r"": 5.201211900045068, ""avg_r_loss"": -1.1999958740007295, ""avg_r_win"": 8.261570958072165, ""avg_slippage_drag_r"": 0.0169491780583838, ""avg_spread_drag_r"": NaN, ""bucket"": ""entry_state_spread_proxy_pctile_b1__entry_state_funding_pctile_b3"", ""cost_drag_to_ev_ratio"": 0.0166512398056641, ""dataset_type"": ""volatile"", ""ev_r_gross"": 2.0689936506083915, ""ev_r_net"": 2.035106602539417, ""experiment_id"": ""b59f82c3-ea8b-4ae2-b31e-b59e5497824e"", ""experiment_root"": ""outputs/tier2/l1_h11a_parallel_vol"", ""finding_score"": 12.352659783076428, ""finding_type"": ""FUNDING_EXTREME_EDGE_STATE"", ""hypothesis_id"": ""4f534213-d8ba-48e0-87ce-9b2985954148"", ""hypothesis_name"": ""l1_h11a_volatile"", ""max_r"": 491.238812219363, ""median_mae_r"": 0.979862756558, ""median_mfe_r"": 1.381548216574, ""median_r_net"": -0.572290977991, ""min_r"": -4.639435221949, ""n_trades"": 427, ""p25_r"": -1.193432805744, ""p75_r"": 0.396064808731, ""p95_r"": 2.8860263321136, ""p99_r"": 9.761699219171, ""payoff_ratio"": 6.884666136833019, ""sample_score"": 6.059123195581797, ""state_variable"": ""liquidity_x_funding"", ""tail_10r_count"": 4, ""tail_10r_rate"": 0.009367681498829, ""tail_2r_count"": 38, ""tail_2r_rate"": 0.0889929742388758, ""tail_3r_count"": 21, ""tail_3r_rate"": 0.0491803278688524, ""tail_5r_count"": 6, ""tail_5r_rate"": 0.0140515222482435, ""weak_sample"": false, ""win_rate"": 0.3419203747072599}",research/state_findings/tier2/l1_h11a_combined_state_findings.csv,2026-06-23T01:08:35+00:00
5fbc1b2b7a135c0e28c09da39f5a916fdff662db,liquidity_x_funding,entry_state_spread_proxy_pctile_b1__entry_state_funding_pctile_b3,,,l1_h11a_volatile,volatile,,427,2.0351066025,2.0689936506,,2.8860263321,9.7616992192,491.2388122194,-4.6394352219,0.0491803279,0.0140515222,0.0093676815,5.2012119,1.236279341,-2.4055344588,0.0338870481,FUNDING_EXTREME_EDGE_STATE,,"{""avg_cost_drag_r"": 0.0338870481, ""avg_exit_efficiency"": -2.4055344588, ""avg_fee_drag_r"": 0.0338870481, ""avg_mae_r"": 1.236279341, ""avg_mfe_r"": 5.2012119, ""avg_r_loss"": -1.199995874, ""avg_r_win"": 8.2615709581, ""avg_slippage_drag_r"": 0.0169491781, ""avg_spread_drag_r"": null, ""bucket"": ""entry_state_spread_proxy_pctile_b1__entry_state_funding_pctile_b3"", ""cost_drag_to_ev_ratio"": 0.0166512398, ""dataset_type"": ""volatile"", ""ev_r_gross"": 2.0689936506, ""ev_r_net"": 2.0351066025, ""experiment_id"": ""b59f82c3-ea8b-4ae2-b31e-b59e5497824e"", ""experiment_root"": ""outputs/tier2/l1_h11a_parallel_vol"", ""finding_score"": 12.3526597831, ""finding_type"": ""FUNDING_EXTREME_EDGE_STATE"", ""hypothesis_id"": ""4f534213-d8ba-48e0-87ce-9b2985954148"", ""hypothesis_name"": ""l1_h11a_volatile"", ""max_r"": 491.2388122194, ""median_mae_r"": 0.9798627566, ""median_mfe_r"": 1.3815482166, ""median_r_net"": -0.572290978, ""min_r"": -4.6394352219, ""n_trades"": 427, ""p25_r"": -1.1934328057, ""p75_r"": 0.3960648087, ""p95_r"": 2.8860263321, ""p99_r"": 9.7616992192, ""payoff_ratio"": 6.8846661368, ""sample_score"": 6.0591231956, ""state_variable"": ""liquidity_x_funding"", ""tail_10r_count"": 4, ""tail_10r_rate"": 0.0093676815, ""tail_2r_count"": 38, ""tail_2r_rate"": 0.0889929742, ""tail_3r_count"": 21, ""tail_3r_rate"": 0.0491803279, ""tail_5r_count"": 6, ""tail_5r_rate"": 0.0140515222, ""weak_sample"": false, ""win_rate"": 0.3419203747}",research/state_findings/tier2/l1_h11a_combined_state_findings.json,2026-06-23T01:08:35+00:00
f7af9bb978089fee05a301557aa2df67b79a1c8f,displacement_x_liquidity,extreme_impulse__entry_state_spread_proxy_pctile_b1,,,l1_h11a_volatile,volatile,,430,2.0175887537,2.0442536724,,2.5306632483,5.3409124993,491.2388122194,-4.3751065954,0.0348837209,0.011627907,0.0069767442,4.8663336587,1.1339695632,-2.8344331446,0.0266649188,EXIT_FAILURE_STATE,,"{""avg_cost_drag_r"": 0.0266649188, ""avg_exit_efficiency"": -2.8344331446, ""avg_fee_drag_r"": 0.0266649188, ""avg_mae_r"": 1.1339695632, ""avg_mfe_r"": 4.8663336587, ""avg_r_loss"": -1.0530898344, ""avg_r_win"": 7.2512610641, ""avg_slippage_drag_r"": 0.0133403684, ""avg_spread_drag_r"": null, ""bucket"": ""extreme_impulse__entry_state_spread_proxy_pctile_b1"", ""cost_drag_to_ev_ratio"": 0.0132162309, ""dataset_type"": ""volatile"", ""ev_r_gross"": 2.0442536724, ""ev_r_net"": 2.0175887537, ""experiment_id"": ""b59f82c3-ea8b-4ae2-b31e-b59e5497824e"", ""experiment_root"": ""outputs/tier2/l1_h11a_parallel_vol"", ""finding_score"": 7.7007668033, ""finding_type"": ""EXIT_FAILURE_STATE"", ""hypothesis_id"": ""4f534213-d8ba-48e0-87ce-9b2985954148"", ""hypothesis_name"": ""l1_h11a_volatile"", ""max_r"": 491.2388122194, ""median_mae_r"": 0.8495040886, ""median_mfe_r"": 1.1598570742, ""median_r_net"": -0.4053825059, ""min_r"": -4.3751065954, ""n_trades"": 430, ""p25_r"": -0.9802506888, ""p75_r"": 0.3323380381, ""p95_r"": 2.5306632483, ""p99_r"": 5.3409124993, ""payoff_ratio"": 6.8857003715, ""sample_score"": 6.0661080901, ""state_variable"": ""displacement_x_liquidity"", ""tail_10r_count"": 3, ""tail_10r_rate"": 0.0069767442, ""tail_2r_count"": 38, ""tail_2r_rate"": 0.088372093, ""tail_3r_count"": 15, ""tail_3r_rate"": 0.0348837209, ""tail_5r_count"": 5, ""tail_5r_rate"": 0.011627907, ""weak_sample"": false, ""win_rate"": 0.3697674419}",research/state_findings/tier2/l1_h11a_combined_state_findings.json,2026-06-23T01:08:35+00:00
007af9c8664bd1550c59044fd56153e3be828a75,displacement_x_liquidity,extreme_impulse__entry_state_spread_proxy_pctile_b1,,,l1_h11a_volatile,volatile,,430,2.01758875365093,2.0442536724185416,,2.5306632482812934,5.340912499281703,491.238812219363,-4.375106595389,0.0348837209302325,0.0116279069767441,0.0069767441860465,4.866333658719801,1.1339695631673117,-2.8344331445908626,0.0266649187676116,EXIT_FAILURE_STATE,,"{""avg_cost_drag_r"": 0.0266649187676116, ""avg_exit_efficiency"": -2.8344331445908626, ""avg_fee_drag_r"": 0.0266649187676241, ""avg_mae_r"": 1.1339695631673117, ""avg_mfe_r"": 4.866333658719801, ""avg_r_loss"": -1.0530898344192954, ""avg_r_win"": 7.251261064135403, ""avg_slippage_drag_r"": 0.0133403684431511, ""avg_spread_drag_r"": NaN, ""bucket"": ""extreme_impulse__entry_state_spread_proxy_pctile_b1"", ""cost_drag_to_ev_ratio"": 0.0132162308693285, ""dataset_type"": ""volatile"", ""ev_r_gross"": 2.0442536724185416, ""ev_r_net"": 2.01758875365093, ""experiment_id"": ""b59f82c3-ea8b-4ae2-b31e-b59e5497824e"", ""experiment_root"": ""outputs/tier2/l1_h11a_parallel_vol"", ""finding_score"": 7.700766803310664, ""finding_type"": ""EXIT_FAILURE_STATE"", ""hypothesis_id"": ""4f534213-d8ba-48e0-87ce-9b2985954148"", ""hypothesis_name"": ""l1_h11a_volatile"", ""max_r"": 491.238812219363, ""median_mae_r"": 0.849504088585, ""median_mfe_r"": 1.1598570741619998, ""median_r_net"": -0.405382505896, ""min_r"": -4.375106595389, ""n_trades"": 430, ""p25_r"": -0.98025068877675, ""p75_r"": 0.3323380380505, ""p95_r"": 2.5306632482812934, ""p99_r"": 5.340912499281703, ""payoff_ratio"": 6.885700371548987, ""sample_score"": 6.066108090103747, ""state_variable"": ""displacement_x_liquidity"", ""tail_10r_count"": 3, ""tail_10r_rate"": 0.0069767441860465, ""tail_2r_count"": 38, ""tail_2r_rate"": 0.0883720930232558, ""tail_3r_count"": 15, ""tail_3r_rate"": 0.0348837209302325, ""tail_5r_count"": 5, ""tail_5r_rate"": 0.0116279069767441, ""weak_sample"": false, ""win_rate"": 0.3697674418604651}",research/state_findings/tier2/l1_h11a_combined_state_findings.csv,2026-06-23T01:08:35+00:00
7506ddde20b755e12d3210d0e57bb1b45c054b04,setup_x_csi,quality_filtered_continuation__csi_high,,,l1_h11a_volatile,volatile,,500,1.8240609461,1.8548053149,,4.1223470559,6.8159853393,491.2388122194,-5.67070612,0.072,0.044,0.006,4.5545107426,1.2075439979,-2.9482031141,0.0307443688,EXIT_FAILURE_STATE,,"{""avg_cost_drag_r"": 0.0307443688, ""avg_exit_efficiency"": -2.9482031141, ""avg_fee_drag_r"": 0.0307443688, ""avg_mae_r"": 1.2075439979, ""avg_mfe_r"": 4.5545107426, ""avg_r_loss"": -1.2259710951, ""avg_r_win"": 6.3236131653, ""avg_slippage_drag_r"": 0.0153809398, ""avg_spread_drag_r"": null, ""bucket"": ""quality_filtered_continuation__csi_high"", ""cost_drag_to_ev_ratio"": 0.0168549022, ""dataset_type"": ""volatile"", ""ev_r_gross"": 1.8548053149, ""ev_r_net"": 1.8240609461, ""experiment_id"": ""b59f82c3-ea8b-4ae2-b31e-b59e5497824e"", ""experiment_root"": ""outputs/tier2/l1_h11a_parallel_vol"", ""finding_score"": 7.5027138567, ""finding_type"": ""EXIT_FAILURE_STATE"", ""hypothesis_id"": ""4f534213-d8ba-48e0-87ce-9b2985954148"", ""hypothesis_name"": ""l1_h11a_volatile"", ""max_r"": 491.2388122194, ""median_mae_r"": 0.9412800922, ""median_mfe_r"": 0.9629898874, ""median_r_net"": -0.2780752851, ""min_r"": -5.67070612, ""n_trades"": 500, ""p25_r"": -1.1891199869, ""p75_r"": 0.3960648087, ""p95_r"": 4.1223470559, ""p99_r"": 6.8159853393, ""payoff_ratio"": 5.158044256, ""sample_score"": 6.2166061011, ""state_variable"": ""setup_x_csi"", ""tail_10r_count"": 3, ""tail_10r_rate"": 0.006, ""tail_2r_count"": 53, ""tail_2r_rate"": 0.106, ""tail_3r_count"": 36, ""tail_3r_rate"": 0.072, ""tail_5r_count"": 22, ""tail_5r_rate"": 0.044, ""weak_sample"": false, ""win_rate"": 0.404}",research/state_findings/tier2/l1_h11a_combined_state_findings.json,2026-06-23T01:08:35+00:00
2f4bceb0a339d9999081b8a43f21949475a3b0c1,setup_x_csi,quality_filtered_continuation__csi_high,,,l1_h11a_volatile,volatile,,500,1.8240609460785104,1.85480531491207,,4.122347055946411,6.81598533934239,491.238812219363,-5.670706119951,0.072,0.044,0.006,4.55451074258382,1.207543997949698,-2.948203114114023,0.03074436883356,EXIT_FAILURE_STATE,,"{""avg_cost_drag_r"": 0.03074436883356, ""avg_exit_efficiency"": -2.948203114114023, ""avg_fee_drag_r"": 0.0307443688335943, ""avg_mae_r"": 1.207543997949698, ""avg_mfe_r"": 4.55451074258382, ""avg_r_loss"": -1.225971095144188, ""avg_r_win"": 6.323613165308034, ""avg_slippage_drag_r"": 0.0153809397685978, ""avg_spread_drag_r"": NaN, ""bucket"": ""quality_filtered_continuation__csi_high"", ""cost_drag_to_ev_ratio"": 0.0168549021893464, ""dataset_type"": ""volatile"", ""ev_r_gross"": 1.85480531491207, ""ev_r_net"": 1.8240609460785104, ""experiment_id"": ""b59f82c3-ea8b-4ae2-b31e-b59e5497824e"", ""experiment_root"": ""outputs/tier2/l1_h11a_parallel_vol"", ""finding_score"": 7.502713856697843, ""finding_type"": ""EXIT_FAILURE_STATE"", ""hypothesis_id"": ""4f534213-d8ba-48e0-87ce-9b2985954148"", ""hypothesis_name"": ""l1_h11a_volatile"", ""max_r"": 491.238812219363, ""median_mae_r"": 0.9412800921945, ""median_mfe_r"": 0.9629898873515, ""median_r_net"": -0.2780752851194999, ""min_r"": -5.670706119951, ""n_trades"": 500, ""p25_r"": -1.189119986907, ""p75_r"": 0.396064808731, ""p95_r"": 4.122347055946411, ""p99_r"": 6.81598533934239, ""payoff_ratio"": 5.158044255981668, ""sample_score"": 6.2166061010848646, ""state_variable"": ""setup_x_csi"", ""tail_10r_count"": 3, ""tail_10r_rate"": 0.006, ""tail_2r_count"": 53, ""tail_2r_rate"": 0.106, ""tail_3r_count"": 36, ""tail_3r_rate"": 0.072, ""tail_5r_count"": 22, ""tail_5r_rate"": 0.044, ""weak_sample"": false, ""win_rate"": 0.404}",research/state_findings/tier2/l1_h11a_combined_state_findings.csv,2026-06-23T01:08:35+00:00
a08fd0fbdc2ca4eafe1eadb390b1b9d9ab0f7bf6,csi_x_oi,entry_state_csi_pctile_b0__entry_state_oi_accel_pctile_b2,,,l1_h11a_stable,stable,,33,1.8238241837054547,1.9569916976245756,,19.51010340729,19.51010340729,19.51010340729,-2.298632383357,0.1212121212121212,0.1212121212121212,0.1212121212121212,3.600123678130455,1.005902990075303,-1.3770071277058888,0.1331675139191212,OI_BUILDUP_EDGE_STATE,,"{""avg_cost_drag_r"": 0.1331675139191212, ""avg_exit_efficiency"": -1.3770071277058888, ""avg_fee_drag_r"": 0.1331675139191872, ""avg_mae_r"": 1.005902990075303, ""avg_mfe_r"": 3.600123678130455, ""avg_r_loss"": -1.2761871506061904, ""avg_r_win"": 7.248844018750834, ""avg_slippage_drag_r"": 0.0665832016324542, ""avg_spread_drag_r"": NaN, ""bucket"": ""entry_state_csi_pctile_b0__entry_state_oi_accel_pctile_b2"", ""cost_drag_to_ev_ratio"": 0.0730155434437575, ""dataset_type"": ""stable"", ""ev_r_gross"": 1.9569916976245756, ""ev_r_net"": 1.8238241837054547, ""experiment_id"": ""36021d7e-455c-4270-b3ab-ec633b06cb05"", ""experiment_root"": ""outputs/tier2/l1_h11a_parallel_stable"", ""finding_score"": 6.546696030117832, ""finding_type"": ""OI_BUILDUP_EDGE_STATE"", ""hypothesis_id"": ""4f534213-d8ba-48e0-87ce-9b2985954148"", ""hypothesis_name"": ""l1_h11a_stable"", ""max_r"": 19.51010340729, ""median_mae_r"": 1.096102292844, ""median_mfe_r"": 0.494979116096, ""median_r_net"": -1.051587166664, ""min_r"": -2.298632383357, ""n_trades"": 33, ""p25_r"": -1.192537239895, ""p75_r"": 0.535550376823, ""p95_r"": 19.51010340729, ""p99_r"": 19.51010340729, ""payoff_ratio"": 5.680079144589119, ""sample_score"": 3.5263605246161616, ""state_variable"": ""csi_x_oi"", ""tail_10r_count"": 4, ""tail_10r_rate"": 0.1212121212121212, ""tail_2r_count"": 5, ""tail_2r_rate"": 0.1515151515151515, ""tail_3r_count"": 4, ""tail_3r_rate"": 0.1212121212121212, ""tail_5r_count"": 4, ""tail_5r_rate"": 0.1212121212121212, ""weak_sample"": false, ""win_rate"": 0.3636363636363636}",research/state_findings/tier2/l1_h11a_combined_state_findings.csv,2026-06-23T01:08:35+00:00
641d902d9167899630a66b30f5f73231652e95ee,csi_x_oi,entry_state_csi_pctile_b0__entry_state_oi_accel_pctile_b2,,,l1_h11a_stable,stable,,33,1.8238241837,1.9569916976,,19.5101034073,19.5101034073,19.5101034073,-2.2986323834,0.1212121212,0.1212121212,0.1212121212,3.6001236781,1.0059029901,-1.3770071277,0.1331675139,OI_BUILDUP_EDGE_STATE,,"{""avg_cost_drag_r"": 0.1331675139, ""avg_exit_efficiency"": -1.3770071277, ""avg_fee_drag_r"": 0.1331675139, ""avg_mae_r"": 1.0059029901, ""avg_mfe_r"": 3.6001236781, ""avg_r_loss"": -1.2761871506, ""avg_r_win"": 7.2488440188, ""avg_slippage_drag_r"": 0.0665832016, ""avg_spread_drag_r"": null, ""bucket"": ""entry_state_csi_pctile_b0__entry_state_oi_accel_pctile_b2"", ""cost_drag_to_ev_ratio"": 0.0730155434, ""dataset_type"": ""stable"", ""ev_r_gross"": 1.9569916976, ""ev_r_net"": 1.8238241837, ""experiment_id"": ""36021d7e-455c-4270-b3ab-ec633b06cb05"", ""experiment_root"": ""outputs/tier2/l1_h11a_parallel_stable"", ""finding_score"": 6.5466960301, ""finding_type"": ""OI_BUILDUP_EDGE_STATE"", ""hypothesis_id"": ""4f534213-d8ba-48e0-87ce-9b2985954148"", ""hypothesis_name"": ""l1_h11a_stable"", ""max_r"": 19.5101034073, ""median_mae_r"": 1.0961022928, ""median_mfe_r"": 0.4949791161, ""median_r_net"": -1.0515871667, ""min_r"": -2.2986323834, ""n_trades"": 33, ""p25_r"": -1.1925372399, ""p75_r"": 0.5355503768, ""p95_r"": 19.5101034073, ""p99_r"": 19.5101034073, ""payoff_ratio"": 5.6800791446, ""sample_score"": 3.5263605246, ""state_variable"": ""csi_x_oi"", ""tail_10r_count"": 4, ""tail_10r_rate"": 0.1212121212, ""tail_2r_count"": 5, ""tail_2r_rate"": 0.1515151515, ""tail_3r_count"": 4, ""tail_3r_rate"": 0.1212121212, ""tail_5r_count"": 4, ""tail_5r_rate"": 0.1212121212, ""weak_sample"": false, ""win_rate"": 0.3636363636}",research/state_findings/tier2/l1_h11a_combined_state_findings.json,2026-06-23T01:08:35+00:00
20610c64c5099c8f6effbe7dc0c8addf9216fa18,setup_x_csi,quality_filtered_continuation__csi_high,,,,,,523,1.1933032856026902,,,,,,,,,,,,,,,,"{""bucket"": ""quality_filtered_continuation__csi_high"", ""ev_r_net"": 1.1933032856026902, ""n_datasets"": 2, ""n_hypotheses"": 1, ""n_trades"": 523, ""state_variable"": ""setup_x_csi"", ""tail_5r_count"": 26}",research/state_findings/tier2/l1_h11a_combined_cross_state_aggregate.csv,2026-06-23T01:08:35+00:00
cff4398778f6f1dd14a7d4bfb5a2568c89e45315,csi_x_oi,entry_state_csi_pctile_b0__entry_state_oi_accel_pctile_b2,,,,,,56,0.976066856156162,,,,,,,,,,,,,,,,"{""bucket"": ""entry_state_csi_pctile_b0__entry_state_oi_accel_pctile_b2"", ""ev_r_net"": 0.976066856156162, ""n_datasets"": 2, ""n_hypotheses"": 1, ""n_trades"": 56, ""state_variable"": ""csi_x_oi"", ""tail_5r_count"": 5}",research/state_findings/tier2/l1_h11a_combined_cross_state_aggregate.csv,2026-06-23T01:08:35+00:00
3b6a317c9cb5e6c86e51e4adad1d10691ac5efd5,liquidity_x_funding,entry_state_spread_proxy_pctile_b3__entry_state_funding_pctile_b2,,,l1_h11a_stable,stable,,294,0.9367972267,1.0439870925,,11.5438446374,16.5349677091,24.6569812554,-3.6134599312,0.1768707483,0.1258503401,0.0578231293,3.6613081427,1.2634301499,-3.0721495557,0.1071898658,FUNDING_EXTREME_EDGE_STATE,,"{""avg_cost_drag_r"": 0.1071898658, ""avg_exit_efficiency"": -3.0721495557, ""avg_fee_drag_r"": 0.1071898658, ""avg_mae_r"": 1.2634301499, ""avg_mfe_r"": 3.6613081427, ""avg_r_loss"": -1.477815928, ""avg_r_win"": 4.5896735376, ""avg_slippage_drag_r"": 0.0535986762, ""avg_spread_drag_r"": null, ""bucket"": ""entry_state_spread_proxy_pctile_b3__entry_state_funding_pctile_b2"", ""cost_drag_to_ev_ratio"": 0.1144216302, ""dataset_type"": ""stable"", ""ev_r_gross"": 1.0439870925, ""ev_r_net"": 0.9367972267, ""experiment_id"": ""36021d7e-455c-4270-b3ab-ec633b06cb05"", ""experiment_root"": ""outputs/tier2/l1_h11a_parallel_stable"", ""finding_score"": 5.4882335235, ""finding_type"": ""FUNDING_EXTREME_EDGE_STATE"", ""hypothesis_id"": ""4f534213-d8ba-48e0-87ce-9b2985954148"", ""hypothesis_name"": ""l1_h11a_stable"", ""max_r"": 24.6569812554, ""median_mae_r"": 1.0735264808, ""median_mfe_r"": 1.8004853271, ""median_r_net"": -0.6886358931, ""min_r"": -3.6134599312, ""n_trades"": 294, ""p25_r"": -1.4994384613, ""p75_r"": 0.8168113317, ""p95_r"": 11.5438446374, ""p99_r"": 16.5349677091, ""payoff_ratio"": 3.1057139463, ""sample_score"": 5.6869753563, ""state_variable"": ""liquidity_x_funding"", ""tail_10r_count"": 17, ""tail_10r_rate"": 0.0578231293, ""tail_2r_count"": 64, ""tail_2r_rate"": 0.2176870748, ""tail_3r_count"": 52, ""tail_3r_rate"": 0.1768707483, ""tail_5r_count"": 37, ""tail_5r_rate"": 0.1258503401, ""weak_sample"": false, ""win_rate"": 0.3979591837}",research/state_findings/tier2/l1_h11a_combined_state_findings.json,2026-06-23T01:08:35+00:00
dba51b6ef750674719dbbde9d12664f946fee06c,liquidity_x_funding,entry_state_spread_proxy_pctile_b3__entry_state_funding_pctile_b2,,,l1_h11a_stable,stable,,294,0.9367972266936156,1.043987092517895,,11.543844637400529,16.5349677091432,24.656981255391,-3.613459931183,0.1768707482993197,0.1258503401360544,0.0578231292517006,3.661308142660612,1.263430149911313,-3.07214955568023,0.1071898658242789,FUNDING_EXTREME_EDGE_STATE,,"{""avg_cost_drag_r"": 0.1071898658242789, ""avg_exit_efficiency"": -3.07214955568023, ""avg_fee_drag_r"": 0.1071898658242536, ""avg_mae_r"": 1.263430149911313, ""avg_mfe_r"": 3.661308142660612, ""avg_r_loss"": -1.4778159279725591, ""avg_r_win"": 4.589673537598855, ""avg_slippage_drag_r"": 0.0535986762471307, ""avg_spread_drag_r"": NaN, ""bucket"": ""entry_state_spread_proxy_pctile_b3__entry_state_funding_pctile_b2"", ""cost_drag_to_ev_ratio"": 0.1144216301777502, ""dataset_type"": ""stable"", ""ev_r_gross"": 1.043987092517895, ""ev_r_net"": 0.9367972266936156, ""experiment_id"": ""36021d7e-455c-4270-b3ab-ec633b06cb05"", ""experiment_root"": ""outputs/tier2/l1_h11a_parallel_stable"", ""finding_score"": 5.488233523467654, ""finding_type"": ""FUNDING_EXTREME_EDGE_STATE"", ""hypothesis_id"": ""4f534213-d8ba-48e0-87ce-9b2985954148"", ""hypothesis_name"": ""l1_h11a_stable"", ""max_r"": 24.656981255391, ""median_mae_r"": 1.0735264807535, ""median_mfe_r"": 1.800485327079, ""median_r_net"": -0.68863589308, ""min_r"": -3.613459931183, ""n_trades"": 294, ""p25_r"": -1.4994384613085, ""p75_r"": 0.816811331741, ""p95_r"": 11.543844637400529, ""p99_r"": 16.5349677091432, ""payoff_ratio"": 3.1057139463204364, ""sample_score"": 5.68697535633982, ""state_variable"": ""liquidity_x_funding"", ""tail_10r_count"": 17, ""tail_10r_rate"": 0.0578231292517006, ""tail_2r_count"": 64, ""tail_2r_rate"": 0.2176870748299319, ""tail_3r_count"": 52, ""tail_3r_rate"": 0.1768707482993197, ""tail_5r_count"": 37, ""tail_5r_rate"": 0.1258503401360544, ""weak_sample"": false, ""win_rate"": 0.3979591836734694}",research/state_findings/tier2/l1_h11a_combined_state_findings.csv,2026-06-23T01:08:35+00:00
a55d3ad89c8ce5d5bfe948695efa16c0a15ffd7d,displacement_x_liquidity,extreme_impulse__entry_state_spread_proxy_pctile_b1,,,,,,508,0.8652314074763112,,,,,,,,,,,,,,,,"{""bucket"": ""extreme_impulse__entry_state_spread_proxy_pctile_b1"", ""ev_r_net"": 0.8652314074763112, ""n_datasets"": 2, ""n_hypotheses"": 1, ""n_trades"": 508, ""state_variable"": ""displacement_x_liquidity"", ""tail_5r_count"": 8}",research/state_findings/tier2/l1_h11a_combined_cross_state_aggregate.csv,2026-06-23T01:08:35+00:00
e6d4ed49a325890ca53f6aa11edb13fb73b6db7f,csi_x_funding,entry_state_csi_pctile_b2__entry_state_funding_pctile_b0,,,l1_h11a_volatile,volatile,,887,0.865105520422575,0.8978099834843958,,3.385977736167,7.43543714198404,410.385665919574,-6.284860369792,0.0653889515219842,0.0281848928974069,0.0078917700112739,3.5443646685940173,1.3658990742231838,-4.247065006363932,0.0327044630618207,FUNDING_EXTREME_EDGE_STATE,,"{""avg_cost_drag_r"": 0.0327044630618207, ""avg_exit_efficiency"": -4.247065006363932, ""avg_fee_drag_r"": 0.0327044630618203, ""avg_mae_r"": 1.3658990742231838, ""avg_mfe_r"": 3.5443646685940173, ""avg_r_loss"": -1.2447567562428037, ""avg_r_win"": 4.677546533004636, ""avg_slippage_drag_r"": 0.0163554642918162, ""avg_spread_drag_r"": NaN, ""bucket"": ""entry_state_csi_pctile_b2__entry_state_funding_pctile_b0"", ""cost_drag_to_ev_ratio"": 0.0378040161457364, ""dataset_type"": ""volatile"", ""ev_r_gross"": 0.8978099834843958, ""ev_r_net"": 0.865105520422575, ""experiment_id"": ""b59f82c3-ea8b-4ae2-b31e-b59e5497824e"", ""experiment_root"": ""outputs/tier2/l1_h11a_parallel_vol"", ""finding_score"": 5.917704069982886, ""finding_type"": ""FUNDING_EXTREME_EDGE_STATE"", ""hypothesis_id"": ""4f534213-d8ba-48e0-87ce-9b2985954148"", ""hypothesis_name"": ""l1_h11a_volatile"", ""max_r"": 410.385665919574, ""median_mae_r"": 1.069164015177, ""median_mfe_r"": 1.327643484563, ""median_r_net"": -0.581669419759, ""min_r"": -6.284860369792, ""n_trades"": 887, ""p25_r"": -1.281757195598, ""p75_r"": 0.7254196402565001, ""p95_r"": 3.385977736167, ""p99_r"": 7.43543714198404, ""payoff_ratio"": 3.757799674149532, ""sample_score"": 6.78897174299217, ""state_variable"": ""csi_x_funding"", ""tail_10r_count"": 7, ""tail_10r_rate"": 0.0078917700112739, ""tail_2r_count"": 116, ""tail_2r_rate"": 0.1307779030439684, ""tail_3r_count"": 58, ""tail_3r_rate"": 0.0653889515219842, ""tail_5r_count"": 25, ""tail_5r_rate"": 0.0281848928974069, ""weak_sample"": false, ""win_rate"": 0.3562570462232243}",research/state_findings/tier2/l1_h11a_combined_state_findings.csv,2026-06-23T01:08:35+00:00
5ace38e80c535e1db211d25d1f89906dae65da49,csi_x_funding,entry_state_csi_pctile_b2__entry_state_funding_pctile_b0,,,l1_h11a_volatile,volatile,,887,0.8651055204,0.8978099835,,3.3859777362,7.435437142,410.3856659196,-6.2848603698,0.0653889515,0.0281848929,0.00789177,3.5443646686,1.3658990742,-4.2470650064,0.0327044631,FUNDING_EXTREME_EDGE_STATE,,"{""avg_cost_drag_r"": 0.0327044631, ""avg_exit_efficiency"": -4.2470650064, ""avg_fee_drag_r"": 0.0327044631, ""avg_mae_r"": 1.3658990742, ""avg_mfe_r"": 3.5443646686, ""avg_r_loss"": -1.2447567562, ""avg_r_win"": 4.677546533, ""avg_slippage_drag_r"": 0.0163554643, ""avg_spread_drag_r"": null, ""bucket"": ""entry_state_csi_pctile_b2__entry_state_funding_pctile_b0"", ""cost_drag_to_ev_ratio"": 0.0378040161, ""dataset_type"": ""volatile"", ""ev_r_gross"": 0.8978099835, ""ev_r_net"": 0.8651055204, ""experiment_id"": ""b59f82c3-ea8b-4ae2-b31e-b59e5497824e"", ""experiment_root"": ""outputs/tier2/l1_h11a_parallel_vol"", ""finding_score"": 5.91770407, ""finding_type"": ""FUNDING_EXTREME_EDGE_STATE"", ""hypothesis_id"": ""4f534213-d8ba-48e0-87ce-9b2985954148"", ""hypothesis_name"": ""l1_h11a_volatile"", ""max_r"": 410.3856659196, ""median_mae_r"": 1.0691640152, ""median_mfe_r"": 1.3276434846, ""median_r_net"": -0.5816694198, ""min_r"": -6.2848603698, ""n_trades"": 887, ""p25_r"": -1.2817571956, ""p75_r"": 0.7254196403, ""p95_r"": 3.3859777362, ""p99_r"": 7.435437142, ""payoff_ratio"": 3.7577996741, ""sample_score"": 6.788971743, ""state_variable"": ""csi_x_funding"", ""tail_10r_count"": 7, ""tail_10r_rate"": 0.00789177, ""tail_2r_count"": 116, ""tail_2r_rate"": 0.130777903, ""tail_3r_count"": 58, ""tail_3r_rate"": 0.0653889515, ""tail_5r_count"": 25, ""tail_5r_rate"": 0.0281848929, ""weak_sample"": false, ""win_rate"": 0.3562570462}",research/state_findings/tier2/l1_h11a_combined_state_findings.json,2026-06-23T01:08:35+00:00
b180beb520bc404b291e62f7e010604ac0ca7479,funding_x_oi,entry_state_funding_pctile_b0__entry_state_oi_accel_pctile_b2,,,l1_h11a_stable,stable,,100,0.8466781663204901,0.98474195062326,,9.152686595980468,28.664174200438,28.664174200438,-3.195704753429,0.09,0.08,0.05,3.29076205215808,1.3474020309523496,-4.62704395930581,0.13806378430277,FUNDING_EXTREME_EDGE_STATE,,"{""avg_cost_drag_r"": 0.13806378430277, ""avg_exit_efficiency"": -4.62704395930581, ""avg_fee_drag_r"": 0.1380637843027287, ""avg_mae_r"": 1.3474020309523496, ""avg_mfe_r"": 3.29076205215808, ""avg_r_loss"": -1.4275161284634286, ""avg_r_win"": 6.1531315208163, ""avg_slippage_drag_r"": 0.0690370914254506, ""avg_spread_drag_r"": NaN, ""bucket"": ""entry_state_funding_pctile_b0__entry_state_oi_accel_pctile_b2"", ""cost_drag_to_ev_ratio"": 0.163065246978991, ""dataset_type"": ""stable"", ""ev_r_gross"": 0.98474195062326, ""ev_r_net"": 0.8466781663204901, ""experiment_id"": ""36021d7e-455c-4270-b3ab-ec633b06cb05"", ""experiment_root"": ""outputs/tier2/l1_h11a_parallel_stable"", ""finding_score"": 3.963489884395845, ""finding_type"": ""FUNDING_EXTREME_EDGE_STATE"", ""hypothesis_id"": ""4f534213-d8ba-48e0-87ce-9b2985954148"", ""hypothesis_name"": ""l1_h11a_stable"", ""max_r"": 28.664174200438, ""median_mae_r"": 1.251693454337, ""median_mfe_r"": 1.2984601606865, ""median_r_net"": -0.898252337701, ""min_r"": -3.195704753429, ""n_trades"": 100, ""p25_r"": -1.33497875017825, ""p75_r"": 0.26044032884375, ""p95_r"": 9.152686595980468, ""p99_r"": 28.664174200438, ""payoff_ratio"": 4.310376182887335, ""sample_score"": 4.61512051684126, ""state_variable"": ""funding_x_oi"", ""tail_10r_count"": 5, ""tail_10r_rate"": 0.05, ""tail_2r_count"": 13, ""tail_2r_rate"": 0.13, ""tail_3r_count"": 9, ""tail_3r_rate"": 0.09, ""tail_5r_count"": 8, ""tail_5r_rate"": 0.08, ""weak_sample"": false, ""win_rate"": 0.3}",research/state_findings/tier2/l1_h11a_combined_state_findings.csv,2026-06-23T01:08:35+00:00
e5608db12832ea41e24b8844aac9388b28eb3990,funding_x_oi,entry_state_funding_pctile_b0__entry_state_oi_accel_pctile_b2,,,l1_h11a_stable,stable,,100,0.8466781663,0.9847419506,,9.152686596,28.6641742004,28.6641742004,-3.1957047534,0.09,0.08,0.05,3.2907620522,1.347402031,-4.6270439593,0.1380637843,FUNDING_EXTREME_EDGE_STATE,,"{""avg_cost_drag_r"": 0.1380637843, ""avg_exit_efficiency"": -4.6270439593, ""avg_fee_drag_r"": 0.1380637843, ""avg_mae_r"": 1.347402031, ""avg_mfe_r"": 3.2907620522, ""avg_r_loss"": -1.4275161285, ""avg_r_win"": 6.1531315208, ""avg_slippage_drag_r"": 0.0690370914, ""avg_spread_drag_r"": null, ""bucket"": ""entry_state_funding_pctile_b0__entry_state_oi_accel_pctile_b2"", ""cost_drag_to_ev_ratio"": 0.163065247, ""dataset_type"": ""stable"", ""ev_r_gross"": 0.9847419506, ""ev_r_net"": 0.8466781663, ""experiment_id"": ""36021d7e-455c-4270-b3ab-ec633b06cb05"", ""experiment_root"": ""outputs/tier2/l1_h11a_parallel_stable"", ""finding_score"": 3.9634898844, ""finding_type"": ""FUNDING_EXTREME_EDGE_STATE"", ""hypothesis_id"": ""4f534213-d8ba-48e0-87ce-9b2985954148"", ""hypothesis_name"": ""l1_h11a_stable"", ""max_r"": 28.6641742004, ""median_mae_r"": 1.2516934543, ""median_mfe_r"": 1.2984601607, ""median_r_net"": -0.8982523377, ""min_r"": -3.1957047534, ""n_trades"": 100, ""p25_r"": -1.3349787502, ""p75_r"": 0.2604403288, ""p95_r"": 9.152686596, ""p99_r"": 28.6641742004, ""payoff_ratio"": 4.3103761829, ""sample_score"": 4.6151205168, ""state_variable"": ""funding_x_oi"", ""tail_10r_count"": 5, ""tail_10r_rate"": 0.05, ""tail_2r_count"": 13, ""tail_2r_rate"": 0.13, ""tail_3r_count"": 9, ""tail_3r_rate"": 0.09, ""tail_5r_count"": 8, ""tail_5r_rate"": 0.08, ""weak_sample"": false, ""win_rate"": 0.3}",research/state_findings/tier2/l1_h11a_combined_state_findings.json,2026-06-23T01:08:35+00:00
206981dc1798d7d24535e9728df07cd1a3c38488,csi_x_funding,entry_state_csi_pctile_b3__entry_state_funding_pctile_b3,,,l1_h11a_volatile,volatile,,1090,0.8432986305,0.8760933256,,4.0294890393,11.576766163,491.2388122194,-9.9762449944,0.0706422018,0.0431192661,0.0137614679,3.5520875949,1.3579044007,-6.3287988294,0.0327946951,FUNDING_EXTREME_EDGE_STATE,,"{""avg_cost_drag_r"": 0.0327946951, ""avg_exit_efficiency"": -6.3287988294, ""avg_fee_drag_r"": 0.0327946951, ""avg_mae_r"": 1.3579044007, ""avg_mfe_r"": 3.5520875949, ""avg_r_loss"": -1.2482378358, ""avg_r_win"": 4.766998967, ""avg_slippage_drag_r"": 0.0164009962, ""avg_spread_drag_r"": null, ""bucket"": ""entry_state_csi_pctile_b3__entry_state_funding_pctile_b3"", ""cost_drag_to_ev_ratio"": 0.0388885905, ""dataset_type"": ""volatile"", ""ev_r_gross"": 0.8760933256, ""ev_r_net"": 0.8432986305, ""experiment_id"": ""b59f82c3-ea8b-4ae2-b31e-b59e5497824e"", ""experiment_root"": ""outputs/tier2/l1_h11a_parallel_vol"", ""finding_score"": 5.9607904329, ""finding_type"": ""FUNDING_EXTREME_EDGE_STATE"", ""hypothesis_id"": ""4f534213-d8ba-48e0-87ce-9b2985954148"", ""hypothesis_name"": ""l1_h11a_volatile"", ""max_r"": 491.2388122194, ""median_mae_r"": 1.0806066012, ""median_mfe_r"": 1.2580985065, ""median_r_net"": -0.5028055228, ""min_r"": -9.9762449944, ""n_trades"": 1090, ""p25_r"": -1.3180341479, ""p75_r"": 0.3661692952, ""p95_r"": 4.0294890393, ""p99_r"": 11.576766163, ""payoff_ratio"": 3.8189829135, ""sample_score"": 6.9948499858, ""state_variable"": ""csi_x_funding"", ""tail_10r_count"": 15, ""tail_10r_rate"": 0.0137614679, ""tail_2r_count"": 111, ""tail_2r_rate"": 0.1018348624, ""tail_3r_count"": 77, ""tail_3r_rate"": 0.0706422018, ""tail_5r_count"": 47, ""tail_5r_rate"": 0.0431192661, ""weak_sample"": false, ""win_rate"": 0.347706422}",research/state_findings/tier2/l1_h11a_combined_state_findings.json,2026-06-23T01:08:35+00:00
056c49a601005acc178065083a800ca443cb0b78,csi_x_funding,entry_state_csi_pctile_b3__entry_state_funding_pctile_b3,,,l1_h11a_volatile,volatile,,1090,0.8432986304804945,0.8760933255700597,,4.029489039278,11.57676616303196,491.238812219363,-9.976244994392,0.0706422018348623,0.0431192660550458,0.0137614678899082,3.5520875948981465,1.3579044006822956,-6.3287988293681865,0.0327946950895651,FUNDING_EXTREME_EDGE_STATE,,"{""avg_cost_drag_r"": 0.0327946950895651, ""avg_exit_efficiency"": -6.3287988293681865, ""avg_fee_drag_r"": 0.03279469508958, ""avg_mae_r"": 1.3579044006822956, ""avg_mfe_r"": 3.5520875948981465, ""avg_r_loss"": -1.2482378358229522, ""avg_r_win"": 4.766998967002264, ""avg_slippage_drag_r"": 0.016400996195879, ""avg_spread_drag_r"": NaN, ""bucket"": ""entry_state_csi_pctile_b3__entry_state_funding_pctile_b3"", ""cost_drag_to_ev_ratio"": 0.0388885904758073, ""dataset_type"": ""volatile"", ""ev_r_gross"": 0.8760933255700597, ""ev_r_net"": 0.8432986304804945, ""experiment_id"": ""b59f82c3-ea8b-4ae2-b31e-b59e5497824e"", ""experiment_root"": ""outputs/tier2/l1_h11a_parallel_vol"", ""finding_score"": 5.9607904328972285, ""finding_type"": ""FUNDING_EXTREME_EDGE_STATE"", ""hypothesis_id"": ""4f534213-d8ba-48e0-87ce-9b2985954148"", ""hypothesis_name"": ""l1_h11a_volatile"", ""max_r"": 491.238812219363, ""median_mae_r"": 1.080606601226, ""median_mfe_r"": 1.258098506494, ""median_r_net"": -0.502805522788, ""min_r"": -9.976244994392, ""n_trades"": 1090, ""p25_r"": -1.318034147922, ""p75_r"": 0.3661692951612499, ""p95_r"": 4.029489039278, ""p99_r"": 11.57676616303196, ""payoff_ratio"": 3.8189829135081648, ""sample_score"": 6.994849985833071, ""state_variable"": ""csi_x_funding"", ""tail_10r_count"": 15, ""tail_10r_rate"": 0.0137614678899082, ""tail_2r_count"": 111, ""tail_2r_rate"": 0.1018348623853211, ""tail_3r_count"": 77, ""tail_3r_rate"": 0.0706422018348623, ""tail_5r_count"": 47, ""tail_5r_rate"": 0.0431192660550458, ""weak_sample"": false, ""win_rate"": 0.3477064220183486}",research/state_findings/tier2/l1_h11a_combined_state_findings.csv,2026-06-23T01:08:35+00:00
552e6294bfe9df89a4d52594c3de522654c94ae4,funding_x_oi,entry_state_funding_pctile_b3__nan,,,l1_h11a_volatile,volatile,,1308,0.7307419315436491,0.7639052174177028,,3.8962302002272975,11.57676614599687,491.238812219363,-9.976244994392,0.0718654434250764,0.0382262996941896,0.0129969418960244,3.3443121264642763,1.316253989683993,-7.309748751878761,0.0331632858740535,FUNDING_EXTREME_EDGE_STATE,,"{""avg_cost_drag_r"": 0.0331632858740535, ""avg_exit_efficiency"": -7.309748751878761, ""avg_fee_drag_r"": 0.0331632858740591, ""avg_mae_r"": 1.316253989683993, ""avg_mfe_r"": 3.3443121264642763, ""avg_r_loss"": -1.2360699421745664, ""avg_r_win"": 4.332306531469212, ""avg_slippage_drag_r"": 0.0165846068464905, ""avg_spread_drag_r"": NaN, ""bucket"": ""entry_state_funding_pctile_b3__nan"", ""cost_drag_to_ev_ratio"": 0.0453830339310049, ""dataset_type"": ""volatile"", ""ev_r_gross"": 0.7639052174177028, ""ev_r_net"": 0.7307419315436491, ""experiment_id"": ""b59f82c3-ea8b-4ae2-b31e-b59e5497824e"", ""experiment_root"": ""outputs/tier2/l1_h11a_parallel_vol"", ""finding_score"": 5.302125934195718, ""finding_type"": ""FUNDING_EXTREME_EDGE_STATE"", ""hypothesis_id"": ""4f534213-d8ba-48e0-87ce-9b2985954148"", ""hypothesis_name"": ""l1_h11a_volatile"", ""max_r"": 491.238812219363, ""median_mae_r"": 1.063663838262, ""median_mfe_r"": 1.258098506494, ""median_r_net"": -0.502805522788, ""min_r"": -9.976244994392, ""n_trades"": 1308, ""p25_r"": -1.25723313647625, ""p75_r"": 0.420674364403, ""p95_r"": 3.8962302002272975, ""p99_r"": 11.57676614599687, ""payoff_ratio"": 3.5049040379119365, ""sample_score"": 7.1770187659099, ""state_variable"": ""funding_x_oi"", ""tail_10r_count"": 17, ""tail_10r_rate"": 0.0129969418960244, ""tail_2r_count"": 142, ""tail_2r_rate"": 0.1085626911314984, ""tail_3r_count"": 94, ""tail_3r_rate"": 0.0718654434250764, ""tail_5r_count"": 50, ""tail_5r_rate"": 0.0382262996941896, ""weak_sample"": false, ""win_rate"": 0.3532110091743119}",research/state_findings/tier2/l1_h11a_combined_state_findings.csv,2026-06-23T01:08:35+00:00
eb14d0dfa01ac1ad92945d3aa4827c8c4d7a32d0,funding_x_oi,entry_state_funding_pctile_b3__nan,,,l1_h11a_volatile,volatile,,1308,0.7307419315,0.7639052174,,3.8962302002,11.576766146,491.2388122194,-9.9762449944,0.0718654434,0.0382262997,0.0129969419,3.3443121265,1.3162539897,-7.3097487519,0.0331632859,FUNDING_EXTREME_EDGE_STATE,,"{""avg_cost_drag_r"": 0.0331632859, ""avg_exit_efficiency"": -7.3097487519, ""avg_fee_drag_r"": 0.0331632859, ""avg_mae_r"": 1.3162539897, ""avg_mfe_r"": 3.3443121265, ""avg_r_loss"": -1.2360699422, ""avg_r_win"": 4.3323065315, ""avg_slippage_drag_r"": 0.0165846068, ""avg_spread_drag_r"": null, ""bucket"": ""entry_state_funding_pctile_b3__nan"", ""cost_drag_to_ev_ratio"": 0.0453830339, ""dataset_type"": ""volatile"", ""ev_r_gross"": 0.7639052174, ""ev_r_net"": 0.7307419315, ""experiment_id"": ""b59f82c3-ea8b-4ae2-b31e-b59e5497824e"", ""experiment_root"": ""outputs/tier2/l1_h11a_parallel_vol"", ""finding_score"": 5.3021259342, ""finding_type"": ""FUNDING_EXTREME_EDGE_STATE"", ""hypothesis_id"": ""4f534213-d8ba-48e0-87ce-9b2985954148"", ""hypothesis_name"": ""l1_h11a_volatile"", ""max_r"": 491.2388122194, ""median_mae_r"": 1.0636638383, ""median_mfe_r"": 1.2580985065, ""median_r_net"": -0.5028055228, ""min_r"": -9.9762449944, ""n_trades"": 1308, ""p25_r"": -1.2572331365, ""p75_r"": 0.4206743644, ""p95_r"": 3.8962302002, ""p99_r"": 11.576766146, ""payoff_ratio"": 3.5049040379, ""sample_score"": 7.1770187659, ""state_variable"": ""funding_x_oi"", ""tail_10r_count"": 17, ""tail_10r_rate"": 0.0129969419, ""tail_2r_count"": 142, ""tail_2r_rate"": 0.1085626911, ""tail_3r_count"": 94, ""tail_3r_rate"": 0.0718654434, ""tail_5r_count"": 50, ""tail_5r_rate"": 0.0382262997, ""weak_sample"": false, ""win_rate"": 0.3532110092}",research/state_findings/tier2/l1_h11a_combined_state_findings.json,2026-06-23T01:08:35+00:00
513de3a0fe099af7d585af6f2846bbcf50805ce2,entry_state_funding_z,entry_state_funding_z_b3,,,l1_h11a_volatile,volatile,,1266,0.7276638678,0.7606840325,,3.8974202904,11.5767661645,491.2388122194,-9.9762449944,0.070300158,0.0402843602,0.0134281201,3.3915777548,1.3461673969,-7.4440570953,0.0330201647,FUNDING_EXTREME_EDGE_STATE,,"{""avg_cost_drag_r"": 0.0330201647, ""avg_exit_efficiency"": -7.4440570953, ""avg_fee_drag_r"": 0.0330201647, ""avg_mae_r"": 1.3461673969, ""avg_mfe_r"": 3.3915777548, ""avg_r_loss"": -1.2631091771, ""avg_r_win"": 4.4648878112, ""avg_slippage_drag_r"": 0.0165132305, ""avg_spread_drag_r"": null, ""bucket"": ""entry_state_funding_z_b3"", ""cost_drag_to_ev_ratio"": 0.0453783212, ""dataset_type"": ""volatile"", ""ev_r_gross"": 0.7606840325, ""ev_r_net"": 0.7276638678, ""experiment_id"": ""b59f82c3-ea8b-4ae2-b31e-b59e5497824e"", ""experiment_root"": ""outputs/tier2/l1_h11a_parallel_vol"", ""finding_score"": 5.2576513185, ""finding_type"": ""FUNDING_EXTREME_EDGE_STATE"", ""hypothesis_id"": ""4f534213-d8ba-48e0-87ce-9b2985954148"", ""hypothesis_name"": ""l1_h11a_volatile"", ""max_r"": 491.2388122194, ""median_mae_r"": 1.0796899923, ""median_mfe_r"": 1.243621789, ""median_r_net"": -0.5481056329, ""min_r"": -9.9762449944, ""n_trades"": 1266, ""p25_r"": -1.3180266608, ""p75_r"": 0.3960648087, ""p95_r"": 3.8974202904, ""p99_r"": 11.5767661645, ""payoff_ratio"": 3.5348391825, ""sample_score"": 7.1444071803, ""state_variable"": ""entry_state_funding_z"", ""tail_10r_count"": 17, ""tail_10r_rate"": 0.0134281201, ""tail_2r_count"": 135, ""tail_2r_rate"": 0.1066350711, ""tail_3r_count"": 89, ""tail_3r_rate"": 0.070300158, ""tail_5r_count"": 51, ""tail_5r_rate"": 0.0402843602, ""weak_sample"": false, ""win_rate"": 0.3475513428}",research/state_findings/tier2/l1_h11a_combined_state_findings.json,2026-06-23T01:08:35+00:00
56cf4001e0a38a0cab40041e2de070d8447d4327,entry_state_funding_z,entry_state_funding_z_b3,,,l1_h11a_volatile,volatile,,1266,0.7276638677628364,0.7606840324581446,,3.8974202903995,11.5767661645286,491.238812219363,-9.976244994392,0.0703001579778831,0.0402843601895734,0.0134281200631911,3.39157775478517,1.346167396916493,-7.444057095288378,0.033020164695308,FUNDING_EXTREME_EDGE_STATE,,"{""avg_cost_drag_r"": 0.033020164695308, ""avg_exit_efficiency"": -7.444057095288378, ""avg_fee_drag_r"": 0.0330201646953166, ""avg_mae_r"": 1.346167396916493, ""avg_mfe_r"": 3.39157775478517, ""avg_r_loss"": -1.26310917714186, ""avg_r_win"": 4.464887811152107, ""avg_slippage_drag_r"": 0.0165132304612074, ""avg_spread_drag_r"": NaN, ""bucket"": ""entry_state_funding_z_b3"", ""cost_drag_to_ev_ratio"": 0.0453783211702221, ""dataset_type"": ""volatile"", ""ev_r_gross"": 0.7606840324581446, ""ev_r_net"": 0.7276638677628364, ""experiment_id"": ""b59f82c3-ea8b-4ae2-b31e-b59e5497824e"", ""experiment_root"": ""outputs/tier2/l1_h11a_parallel_vol"", ""finding_score"": 5.25765131853592, ""finding_type"": ""FUNDING_EXTREME_EDGE_STATE"", ""hypothesis_id"": ""4f534213-d8ba-48e0-87ce-9b2985954148"", ""hypothesis_name"": ""l1_h11a_volatile"", ""max_r"": 491.238812219363, ""median_mae_r"": 1.079689992323, ""median_mfe_r"": 1.2436217890045, ""median_r_net"": -0.548105632871, ""min_r"": -9.976244994392, ""n_trades"": 1266, ""p25_r"": -1.318026660843, ""p75_r"": 0.396064808731, ""p95_r"": 3.8974202903995, ""p99_r"": 11.5767661645286, ""payoff_ratio"": 3.534839182512452, ""sample_score"": 7.144407180321139, ""state_variable"": ""entry_state_funding_z"", ""tail_10r_count"": 17, ""tail_10r_rate"": 0.0134281200631911, ""tail_2r_count"": 135, ""tail_2r_rate"": 0.1066350710900474, ""tail_3r_count"": 89, ""tail_3r_rate"": 0.0703001579778831, ""tail_5r_count"": 51, ""tail_5r_rate"": 0.0402843601895734, ""weak_sample"": false, ""win_rate"": 0.3475513428120063}",research/state_findings/tier2/l1_h11a_combined_state_findings.csv,2026-06-23T01:08:35+00:00
8935ee7334a699a9b3addb60678dd0c9330e2ded,csi_x_basis,entry_state_csi_pctile_b0__entry_state_basis_pctile_b3,,,l1_h11a_volatile,volatile,,284,0.6991349480280387,0.7323424607843311,,4.492542603694928,9.09988840759368,221.33349731097,-3.807678541153,0.0669014084507042,0.0387323943661971,0.0105633802816901,4.576661500426007,1.3881627644242889,-81.09259306919692,0.0332075127562922,BASIS_PREMIUM_EDGE_STATE,,"{""avg_cost_drag_r"": 0.0332075127562922, ""avg_exit_efficiency"": -81.09259306919692, ""avg_fee_drag_r"": 0.0332075127563086, ""avg_mae_r"": 1.3881627644242889, ""avg_mfe_r"": 4.576661500426007, ""avg_r_loss"": -1.1569164941921617, ""avg_r_win"": 4.572633610052804, ""avg_slippage_drag_r"": 0.0166021421353914, ""avg_spread_drag_r"": NaN, ""bucket"": ""entry_state_csi_pctile_b0__entry_state_basis_pctile_b3"", ""cost_drag_to_ev_ratio"": 0.047498001422982, ""dataset_type"": ""volatile"", ""ev_r_gross"": 0.7323424607843311, ""ev_r_net"": 0.6991349480280387, ""experiment_id"": ""b59f82c3-ea8b-4ae2-b31e-b59e5497824e"", ""experiment_root"": ""outputs/tier2/l1_h11a_parallel_vol"", ""finding_score"": 4.0074320714895775, ""finding_type"": ""BASIS_PREMIUM_EDGE_STATE"", ""hypothesis_id"": ""4f534213-d8ba-48e0-87ce-9b2985954148"", ""hypothesis_name"": ""l1_h11a_volatile"", ""max_r"": 221.33349731097, ""median_mae_r"": 1.0471096915035, ""median_mfe_r"": 1.3234642285415, ""median_r_net"": -0.510066549884, ""min_r"": -3.807678541153, ""n_trades"": 284, ""p25_r"": -1.325727560774, ""p75_r"": 0.395693909956, ""p95_r"": 4.492542603694928, ""p99_r"": 9.09988840759368, ""payoff_ratio"": 3.9524318591772953, ""sample_score"": 5.652489180268651, ""state_variable"": ""csi_x_basis"", ""tail_10r_count"": 3, ""tail_10r_rate"": 0.0105633802816901, ""tail_2r_count"": 30, ""tail_2r_rate"": 0.1056338028169014, ""tail_3r_count"": 19, ""tail_3r_rate"": 0.0669014084507042, ""tail_5r_count"": 11, ""tail_5r_rate"": 0.0387323943661971, ""weak_sample"": false, ""win_rate"": 0.323943661971831}",research/state_findings/tier2/l1_h11a_combined_state_findings.csv,2026-06-23T01:08:35+00:00
2eff0d5429ffbdb6c91213ea17081cb3bcf1563c,csi_x_basis,entry_state_csi_pctile_b0__entry_state_basis_pctile_b3,,,l1_h11a_volatile,volatile,,284,0.699134948,0.7323424608,,4.4925426037,9.0998884076,221.333497311,-3.8076785412,0.0669014085,0.0387323944,0.0105633803,4.5766615004,1.3881627644,-81.0925930692,0.0332075128,BASIS_PREMIUM_EDGE_STATE,,"{""avg_cost_drag_r"": 0.0332075128, ""avg_exit_efficiency"": -81.0925930692, ""avg_fee_drag_r"": 0.0332075128, ""avg_mae_r"": 1.3881627644, ""avg_mfe_r"": 4.5766615004, ""avg_r_loss"": -1.1569164942, ""avg_r_win"": 4.5726336101, ""avg_slippage_drag_r"": 0.0166021421, ""avg_spread_drag_r"": null, ""bucket"": ""entry_state_csi_pctile_b0__entry_state_basis_pctile_b3"", ""cost_drag_to_ev_ratio"": 0.0474980014, ""dataset_type"": ""volatile"", ""ev_r_gross"": 0.7323424608, ""ev_r_net"": 0.699134948, ""experiment_id"": ""b59f82c3-ea8b-4ae2-b31e-b59e5497824e"", ""experiment_root"": ""outputs/tier2/l1_h11a_parallel_vol"", ""finding_score"": 4.0074320715, ""finding_type"": ""BASIS_PREMIUM_EDGE_STATE"", ""hypothesis_id"": ""4f534213-d8ba-48e0-87ce-9b2985954148"", ""hypothesis_name"": ""l1_h11a_volatile"", ""max_r"": 221.333497311, ""median_mae_r"": 1.0471096915, ""median_mfe_r"": 1.3234642285, ""median_r_net"": -0.5100665499, ""min_r"": -3.8076785412, ""n_trades"": 284, ""p25_r"": -1.3257275608, ""p75_r"": 0.39569391, ""p95_r"": 4.4925426037, ""p99_r"": 9.0998884076, ""payoff_ratio"": 3.9524318592, ""sample_score"": 5.6524891803, ""state_variable"": ""csi_x_basis"", ""tail_10r_count"": 3, ""tail_10r_rate"": 0.0105633803, ""tail_2r_count"": 30, ""tail_2r_rate"": 0.1056338028, ""tail_3r_count"": 19, ""tail_3r_rate"": 0.0669014085, ""tail_5r_count"": 11, ""tail_5r_rate"": 0.0387323944, ""weak_sample"": false, ""win_rate"": 0.323943662}",research/state_findings/tier2/l1_h11a_combined_state_findings.json,2026-06-23T01:08:35+00:00
4c7d21cf671d8dc4b45542641d46542422fc68da,liquidity_x_funding,entry_state_spread_proxy_pctile_b1__entry_state_funding_pctile_b3,,,,,,1073,0.6590809417625374,,,,,,,,,,,,,,,,"{""bucket"": ""entry_state_spread_proxy_pctile_b1__entry_state_funding_pctile_b3"", ""ev_r_net"": 0.6590809417625374, ""n_datasets"": 2, ""n_hypotheses"": 1, ""n_trades"": 1073, ""state_variable"": ""liquidity_x_funding"", ""tail_5r_count"": 19}",research/state_findings/tier2/l1_h11a_combined_cross_state_aggregate.csv,2026-06-23T01:08:35+00:00
180465fe9548ff7a53195326440ebf25115db866,entry_state_funding_pctile,entry_state_funding_pctile_b3,,,l1_h11a_volatile,volatile,,1378,0.658272167,0.6909810764,,3.8884946141,11.5767659825,491.2388122194,-9.9762449944,0.0711175617,0.0370101597,0.0123367199,3.2621487588,1.3290493135,-7.090127183,0.0327089094,FUNDING_EXTREME_EDGE_STATE,,"{""avg_cost_drag_r"": 0.0327089094, ""avg_exit_efficiency"": -7.090127183, ""avg_fee_drag_r"": 0.0327089094, ""avg_mae_r"": 1.3290493135, ""avg_mfe_r"": 3.2621487588, ""avg_r_loss"": -1.2477023019, ""avg_r_win"": 4.2240327358, ""avg_slippage_drag_r"": 0.0163572253, ""avg_spread_drag_r"": null, ""bucket"": ""entry_state_funding_pctile_b3"", ""cost_drag_to_ev_ratio"": 0.049689036, ""dataset_type"": ""volatile"", ""ev_r_gross"": 0.6909810764, ""ev_r_net"": 0.658272167, ""experiment_id"": ""b59f82c3-ea8b-4ae2-b31e-b59e5497824e"", ""experiment_root"": ""outputs/tier2/l1_h11a_parallel_vol"", ""finding_score"": 4.8149389436, ""finding_type"": ""FUNDING_EXTREME_EDGE_STATE"", ""hypothesis_id"": ""4f534213-d8ba-48e0-87ce-9b2985954148"", ""hypothesis_name"": ""l1_h11a_volatile"", ""max_r"": 491.2388122194, ""median_mae_r"": 1.0664412193, ""median_mfe_r"": 1.2580985065, ""median_r_net"": -0.5045177319, ""min_r"": -9.9762449944, ""n_trades"": 1378, ""p25_r"": -1.2754132149, ""p75_r"": 0.3962476354, ""p95_r"": 3.8884946141, ""p99_r"": 11.5767659825, ""payoff_ratio"": 3.3854491809, ""sample_score"": 7.2291138778, ""state_variable"": ""entry_state_funding_pctile"", ""tail_10r_count"": 17, ""tail_10r_rate"": 0.0123367199, ""tail_2r_count"": 147, ""tail_2r_rate"": 0.1066763425, ""tail_3r_count"": 98, ""tail_3r_rate"": 0.0711175617, ""tail_5r_count"": 51, ""tail_5r_rate"": 0.0370101597, ""weak_sample"": false, ""win_rate"": 0.3483309144}",research/state_findings/tier2/l1_h11a_combined_state_findings.json,2026-06-23T01:08:35+00:00
1ef0d99a6928035a91bfdeff2b632b6d79fd6ed7,entry_state_funding_regime,funding_very_positive,,,l1_h11a_volatile,volatile,,1378,0.658272167,0.6909810764,,3.8884946141,11.5767659825,491.2388122194,-9.9762449944,0.0711175617,0.0370101597,0.0123367199,3.2621487588,1.3290493135,-7.090127183,0.0327089094,FUNDING_EXTREME_EDGE_STATE,,"{""avg_cost_drag_r"": 0.0327089094, ""avg_exit_efficiency"": -7.090127183, ""avg_fee_drag_r"": 0.0327089094, ""avg_mae_r"": 1.3290493135, ""avg_mfe_r"": 3.2621487588, ""avg_r_loss"": -1.2477023019, ""avg_r_win"": 4.2240327358, ""avg_slippage_drag_r"": 0.0163572253, ""avg_spread_drag_r"": null, ""bucket"": ""funding_very_positive"", ""cost_drag_to_ev_ratio"": 0.049689036, ""dataset_type"": ""volatile"", ""ev_r_gross"": 0.6909810764, ""ev_r_net"": 0.658272167, ""experiment_id"": ""b59f82c3-ea8b-4ae2-b31e-b59e5497824e"", ""experiment_root"": ""outputs/tier2/l1_h11a_parallel_vol"", ""finding_score"": 4.8149389436, ""finding_type"": ""FUNDING_EXTREME_EDGE_STATE"", ""hypothesis_id"": ""4f534213-d8ba-48e0-87ce-9b2985954148"", ""hypothesis_name"": ""l1_h11a_volatile"", ""max_r"": 491.2388122194, ""median_mae_r"": 1.0664412193, ""median_mfe_r"": 1.2580985065, ""median_r_net"": -0.5045177319, ""min_r"": -9.9762449944, ""n_trades"": 1378, ""p25_r"": -1.2754132149, ""p75_r"": 0.3962476354, ""p95_r"": 3.8884946141, ""p99_r"": 11.5767659825, ""payoff_ratio"": 3.3854491809, ""sample_score"": 7.2291138778, ""state_variable"": ""entry_state_funding_regime"", ""tail_10r_count"": 17, ""tail_10r_rate"": 0.0123367199, ""tail_2r_count"": 147, ""tail_2r_rate"": 0.1066763425, ""tail_3r_count"": 98, ""tail_3r_rate"": 0.0711175617, ""tail_5r_count"": 51, ""tail_5r_rate"": 0.0370101597, ""weak_sample"": false, ""win_rate"": 0.3483309144}",research/state_findings/tier2/l1_h11a_combined_state_findings.json,2026-06-23T01:08:35+00:00
787366551d34360b92c12025821bcee2fa709d13,entry_state_funding_pctile,entry_state_funding_pctile_b3,,,l1_h11a_volatile,volatile,,1378,0.6582721669967133,0.6909810764026663,,3.888494614108,11.57676598250557,491.238812219363,-9.976244994392,0.0711175616835994,0.037010159651669,0.0123367198838896,3.262148758807379,1.329049313544257,-7.090127183007901,0.0327089094059528,FUNDING_EXTREME_EDGE_STATE,,"{""avg_cost_drag_r"": 0.0327089094059528, ""avg_exit_efficiency"": -7.090127183007901, ""avg_fee_drag_r"": 0.0327089094059612, ""avg_mae_r"": 1.329049313544257, ""avg_mfe_r"": 3.262148758807379, ""avg_r_loss"": -1.2477023018648676, ""avg_r_win"": 4.224032735825253, ""avg_slippage_drag_r"": 0.0163572252660146, ""avg_spread_drag_r"": NaN, ""bucket"": ""entry_state_funding_pctile_b3"", ""cost_drag_to_ev_ratio"": 0.0496890360034258, ""dataset_type"": ""volatile"", ""ev_r_gross"": 0.6909810764026663, ""ev_r_net"": 0.6582721669967133, ""experiment_id"": ""b59f82c3-ea8b-4ae2-b31e-b59e5497824e"", ""experiment_root"": ""outputs/tier2/l1_h11a_parallel_vol"", ""finding_score"": 4.814938943591503, ""finding_type"": ""FUNDING_EXTREME_EDGE_STATE"", ""hypothesis_id"": ""4f534213-d8ba-48e0-87ce-9b2985954148"", ""hypothesis_name"": ""l1_h11a_volatile"", ""max_r"": 491.238812219363, ""median_mae_r"": 1.0664412193225, ""median_mfe_r"": 1.258098506494, ""median_r_net"": -0.504517731946, ""min_r"": -9.976244994392, ""n_trades"": 1378, ""p25_r"": -1.27541321488925, ""p75_r"": 0.39624763535275, ""p95_r"": 3.888494614108, ""p99_r"": 11.57676598250557, ""payoff_ratio"": 3.38544918087579, ""sample_score"": 7.229113877793302, ""state_variable"": ""entry_state_funding_pctile"", ""tail_10r_count"": 17, ""tail_10r_rate"": 0.0123367198838896, ""tail_2r_count"": 147, ""tail_2r_rate"": 0.1066763425253991, ""tail_3r_count"": 98, ""tail_3r_rate"": 0.0711175616835994, ""tail_5r_count"": 51, ""tail_5r_rate"": 0.037010159651669, ""weak_sample"": false, ""win_rate"": 0.3483309143686502}",research/state_findings/tier2/l1_h11a_combined_state_findings.csv,2026-06-23T01:08:35+00:00
0ee809e131b00407930ec4c930742e1f53b3a8dc,entry_state_funding_regime,funding_very_positive,,,l1_h11a_volatile,volatile,,1378,0.6582721669967133,0.6909810764026663,,3.888494614108,11.57676598250557,491.238812219363,-9.976244994392,0.0711175616835994,0.037010159651669,0.0123367198838896,3.262148758807379,1.329049313544257,-7.090127183007901,0.0327089094059528,FUNDING_EXTREME_EDGE_STATE,,"{""avg_cost_drag_r"": 0.0327089094059528, ""avg_exit_efficiency"": -7.090127183007901, ""avg_fee_drag_r"": 0.0327089094059612, ""avg_mae_r"": 1.329049313544257, ""avg_mfe_r"": 3.262148758807379, ""avg_r_loss"": -1.2477023018648676, ""avg_r_win"": 4.224032735825253, ""avg_slippage_drag_r"": 0.0163572252660146, ""avg_spread_drag_r"": NaN, ""bucket"": ""funding_very_positive"", ""cost_drag_to_ev_ratio"": 0.0496890360034258, ""dataset_type"": ""volatile"", ""ev_r_gross"": 0.6909810764026663, ""ev_r_net"": 0.6582721669967133, ""experiment_id"": ""b59f82c3-ea8b-4ae2-b31e-b59e5497824e"", ""experiment_root"": ""outputs/tier2/l1_h11a_parallel_vol"", ""finding_score"": 4.814938943591503, ""finding_type"": ""FUNDING_EXTREME_EDGE_STATE"", ""hypothesis_id"": ""4f534213-d8ba-48e0-87ce-9b2985954148"", ""hypothesis_name"": ""l1_h11a_volatile"", ""max_r"": 491.238812219363, ""median_mae_r"": 1.0664412193225, ""median_mfe_r"": 1.258098506494, ""median_r_net"": -0.504517731946, ""min_r"": -9.976244994392, ""n_trades"": 1378, ""p25_r"": -1.27541321488925, ""p75_r"": 0.39624763535275, ""p95_r"": 3.888494614108, ""p99_r"": 11.57676598250557, ""payoff_ratio"": 3.38544918087579, ""sample_score"": 7.229113877793302, ""state_variable"": ""entry_state_funding_regime"", ""tail_10r_count"": 17, ""tail_10r_rate"": 0.0123367198838896, ""tail_2r_count"": 147, ""tail_2r_rate"": 0.1066763425253991, ""tail_3r_count"": 98, ""tail_3r_rate"": 0.0711175616835994, ""tail_5r_count"": 51, ""tail_5r_rate"": 0.037010159651669, ""weak_sample"": false, ""win_rate"": 0.3483309143686502}",research/state_findings/tier2/l1_h11a_combined_state_findings.csv,2026-06-23T01:08:35+00:00
6705d19705bf40c6b503c27ebb3329fe781b4ae1,csi_x_liquidity,entry_state_csi_pctile_b0__entry_state_spread_proxy_pctile_b2,,,l1_h11a_volatile,volatile,,884,0.635283346,0.668661629,,3.7464596424,11.1180014261,193.2985984637,-9.3361651935,0.0656108597,0.0350678733,0.0113122172,3.4399838437,1.3278636167,-5.2001208928,0.033378283,EXIT_FAILURE_STATE,,"{""avg_cost_drag_r"": 0.033378283, ""avg_exit_efficiency"": -5.2001208928, ""avg_fee_drag_r"": 0.033378283, ""avg_mae_r"": 1.3278636167, ""avg_mfe_r"": 3.4399838437, ""avg_r_loss"": -1.259777423, ""avg_r_win"": 4.659776357, ""avg_slippage_drag_r"": 0.0166883435, ""avg_spread_drag_r"": null, ""bucket"": ""entry_state_csi_pctile_b0__entry_state_spread_proxy_pctile_b2"", ""cost_drag_to_ev_ratio"": 0.0525407808, ""dataset_type"": ""volatile"", ""ev_r_gross"": 0.668661629, ""ev_r_net"": 0.635283346, ""experiment_id"": ""b59f82c3-ea8b-4ae2-b31e-b59e5497824e"", ""experiment_root"": ""outputs/tier2/l1_h11a_parallel_vol"", ""finding_score"": 8.6401047365, ""finding_type"": ""EXIT_FAILURE_STATE"", ""hypothesis_id"": ""4f534213-d8ba-48e0-87ce-9b2985954148"", ""hypothesis_name"": ""l1_h11a_volatile"", ""max_r"": 193.2985984637, ""median_mae_r"": 1.1332652073, ""median_mfe_r"": 1.2135943532, ""median_r_net"": -0.6328623721, ""min_r"": -9.3361651935, ""n_trades"": 884, ""p25_r"": -1.3966022261, ""p75_r"": 0.4614535308, ""p95_r"": 3.7464596424, ""p99_r"": 11.1180014261, ""payoff_ratio"": 3.6988886069, ""sample_score"": 6.785587645, ""state_variable"": ""csi_x_liquidity"", ""tail_10r_count"": 10, ""tail_10r_rate"": 0.0113122172, ""tail_2r_count"": 83, ""tail_2r_rate"": 0.0938914027, ""tail_3r_count"": 58, ""tail_3r_rate"": 0.0656108597, ""tail_5r_count"": 31, ""tail_5r_rate"": 0.0350678733, ""weak_sample"": false, ""win_rate"": 0.3201357466}",research/state_findings/tier2/l1_h11a_combined_state_findings.json,2026-06-23T01:08:35+00:00
405f4adb6eefaed574feefd6184f1722d2c13314,csi_x_liquidity,entry_state_csi_pctile_b0__entry_state_spread_proxy_pctile_b2,,,l1_h11a_volatile,volatile,,884,0.6352833459847715,0.6686616290074402,,3.746459642400072,11.118001426142133,193.298598463744,-9.336165193477,0.0656108597285067,0.0350678733031674,0.0113122171945701,3.4399838436769348,1.3278636166909694,-5.200120892821174,0.0333782830226685,EXIT_FAILURE_STATE,,"{""avg_cost_drag_r"": 0.0333782830226685, ""avg_exit_efficiency"": -5.200120892821174, ""avg_fee_drag_r"": 0.0333782830226661, ""avg_mae_r"": 1.3278636166909694, ""avg_mfe_r"": 3.4399838436769348, ""avg_r_loss"": -1.2597774229521148, ""avg_r_win"": 4.659776357048618, ""avg_slippage_drag_r"": 0.0166883434572122, ""avg_spread_drag_r"": NaN, ""bucket"": ""entry_state_csi_pctile_b0__entry_state_spread_proxy_pctile_b2"", ""cost_drag_to_ev_ratio"": 0.0525407807927467, ""dataset_type"": ""volatile"", ""ev_r_gross"": 0.6686616290074402, ""ev_r_net"": 0.6352833459847715, ""experiment_id"": ""b59f82c3-ea8b-4ae2-b31e-b59e5497824e"", ""experiment_root"": ""outputs/tier2/l1_h11a_parallel_vol"", ""finding_score"": 8.64010473649811, ""finding_type"": ""EXIT_FAILURE_STATE"", ""hypothesis_id"": ""4f534213-d8ba-48e0-87ce-9b2985954148"", ""hypothesis_name"": ""l1_h11a_volatile"", ""max_r"": 193.298598463744, ""median_mae_r"": 1.1332652072529998, ""median_mfe_r"": 1.213594353189, ""median_r_net"": -0.632862372059, ""min_r"": -9.336165193477, ""n_trades"": 884, ""p25_r"": -1.396602226118, ""p75_r"": 0.461453530816, ""p95_r"": 3.746459642400072, ""p99_r"": 11.118001426142133, ""payoff_ratio"": 3.6988886069485782, ""sample_score"": 6.785587645007929, ""state_variable"": ""csi_x_liquidity"", ""tail_10r_count"": 10, ""tail_10r_rate"": 0.0113122171945701, ""tail_2r_count"": 83, ""tail_2r_rate"": 0.0938914027149321, ""tail_3r_count"": 58, ""tail_3r_rate"": 0.0656108597285067, ""tail_5r_count"": 31, ""tail_5r_rate"": 0.0350678733031674, ""weak_sample"": false, ""win_rate"": 0.3201357466063348}",research/state_findings/tier2/l1_h11a_combined_state_findings.csv,2026-06-23T01:08:35+00:00
1cb6ca0ef74f114a46db2be8a9bd5cc18f10b7e0,displacement_x_oi,extreme_impulse__entry_state_oi_accel_pctile_b2,,,l1_h11a_volatile,volatile,,30,0.6273127743357334,0.6471526757912666,,2.461816481188,11.666995370943171,15.426857170984,-3.59310044121,0.0333333333333333,0.0333333333333333,0.0333333333333333,3.2003495426594,0.8572386979724,-1.9318519131342,0.0198399014555333,OI_BUILDUP_EDGE_STATE,,"{""avg_cost_drag_r"": 0.0198399014555333, ""avg_exit_efficiency"": -1.9318519131342, ""avg_fee_drag_r"": 0.0198399014555693, ""avg_mae_r"": 0.8572386979724, ""avg_mfe_r"": 3.2003495426594, ""avg_r_loss"": -0.961538033596, ""avg_r_win"": 2.216163582267467, ""avg_slippage_drag_r"": 0.0099141989256496, ""avg_spread_drag_r"": NaN, ""bucket"": ""extreme_impulse__entry_state_oi_accel_pctile_b2"", ""cost_drag_to_ev_ratio"": 0.031626809252437, ""dataset_type"": ""volatile"", ""ev_r_gross"": 0.6471526757912666, ""ev_r_net"": 0.6273127743357334, ""experiment_id"": ""b59f82c3-ea8b-4ae2-b31e-b59e5497824e"", ""experiment_root"": ""outputs/tier2/l1_h11a_parallel_vol"", ""finding_score"": 2.19426408955122, ""finding_type"": ""OI_BUILDUP_EDGE_STATE"", ""hypothesis_id"": ""4f534213-d8ba-48e0-87ce-9b2985954148"", ""hypothesis_name"": ""l1_h11a_volatile"", ""max_r"": 15.426857170984, ""median_mae_r"": 0.5084341896985001, ""median_mfe_r"": 2.1716620039935, ""median_r_net"": -0.068841520963, ""min_r"": -3.59310044121, ""n_trades"": 30, ""p25_r"": -0.76813357926075, ""p75_r"": 0.77170659084675, ""p95_r"": 2.461816481188, ""p99_r"": 11.666995370943171, ""payoff_ratio"": 2.304811151337786, ""sample_score"": 3.4339872044851463, ""state_variable"": ""displacement_x_oi"", ""tail_10r_count"": 1, ""tail_10r_rate"": 0.0333333333333333, ""tail_2r_count"": 6, ""tail_2r_rate"": 0.2, ""tail_3r_count"": 1, ""tail_3r_rate"": 0.0333333333333333, ""tail_5r_count"": 1, ""tail_5r_rate"": 0.0333333333333333, ""weak_sample"": false, ""win_rate"": 0.5}",research/state_findings/tier2/l1_h11a_combined_state_findings.csv,2026-06-23T01:08:35+00:00
96da1993f088978f3e480dd06dc3479ed661e3c3,displacement_x_oi,extreme_impulse__entry_state_oi_accel_pctile_b2,,,l1_h11a_volatile,volatile,,30,0.6273127743,0.6471526758,,2.4618164812,11.6669953709,15.426857171,-3.5931004412,0.0333333333,0.0333333333,0.0333333333,3.2003495427,0.857238698,-1.9318519131,0.0198399015,OI_BUILDUP_EDGE_STATE,,"{""avg_cost_drag_r"": 0.0198399015, ""avg_exit_efficiency"": -1.9318519131, ""avg_fee_drag_r"": 0.0198399015, ""avg_mae_r"": 0.857238698, ""avg_mfe_r"": 3.2003495427, ""avg_r_loss"": -0.9615380336, ""avg_r_win"": 2.2161635823, ""avg_slippage_drag_r"": 0.0099141989, ""avg_spread_drag_r"": null, ""bucket"": ""extreme_impulse__entry_state_oi_accel_pctile_b2"", ""cost_drag_to_ev_ratio"": 0.0316268093, ""dataset_type"": ""volatile"", ""ev_r_gross"": 0.6471526758, ""ev_r_net"": 0.6273127743, ""experiment_id"": ""b59f82c3-ea8b-4ae2-b31e-b59e5497824e"", ""experiment_root"": ""outputs/tier2/l1_h11a_parallel_vol"", ""finding_score"": 2.1942640896, ""finding_type"": ""OI_BUILDUP_EDGE_STATE"", ""hypothesis_id"": ""4f534213-d8ba-48e0-87ce-9b2985954148"", ""hypothesis_name"": ""l1_h11a_volatile"", ""max_r"": 15.426857171, ""median_mae_r"": 0.5084341897, ""median_mfe_r"": 2.171662004, ""median_r_net"": -0.068841521, ""min_r"": -3.5931004412, ""n_trades"": 30, ""p25_r"": -0.7681335793, ""p75_r"": 0.7717065908, ""p95_r"": 2.4618164812, ""p99_r"": 11.6669953709, ""payoff_ratio"": 2.3048111513, ""sample_score"": 3.4339872045, ""state_variable"": ""displacement_x_oi"", ""tail_10r_count"": 1, ""tail_10r_rate"": 0.0333333333, ""tail_2r_count"": 6, ""tail_2r_rate"": 0.2, ""tail_3r_count"": 1, ""tail_3r_rate"": 0.0333333333, ""tail_5r_count"": 1, ""tail_5r_rate"": 0.0333333333, ""weak_sample"": false, ""win_rate"": 0.5}",research/state_findings/tier2/l1_h11a_combined_state_findings.json,2026-06-23T01:08:35+00:00
a06a672f5344e000d1587ab51394a6c6e14de36f,funding_x_oi,entry_state_funding_pctile_b3__entry_state_oi_accel_pctile_b2,,,l1_h11a_volatile,volatile,,11,0.6088223840411818,0.6272409606824546,,3.908451900772,4.1237866018384,4.177620277105,-1.904796166557,0.1818181818181818,0.0,0.0,3.172177582449727,0.9123262941447272,-0.6810144608042727,0.0184185766412727,FRAGILE_STATE,,"{""avg_cost_drag_r"": 0.0184185766412727, ""avg_exit_efficiency"": -0.6810144608042727, ""avg_fee_drag_r"": 0.0184185766412831, ""avg_mae_r"": 0.9123262941447272, ""avg_mfe_r"": 3.172177582449727, ""avg_r_loss"": -0.661840399371, ""avg_r_win"": 2.1336177241358003, ""avg_slippage_drag_r"": 0.0092124509992206, ""avg_spread_drag_r"": NaN, ""bucket"": ""entry_state_funding_pctile_b3__entry_state_oi_accel_pctile_b2"", ""cost_drag_to_ev_ratio"": 0.0302527914939915, ""dataset_type"": ""volatile"", ""ev_r_gross"": 0.6272409606824546, ""ev_r_net"": 0.6088223840411818, ""experiment_id"": ""b59f82c3-ea8b-4ae2-b31e-b59e5497824e"", ""experiment_root"": ""outputs/tier2/l1_h11a_parallel_vol"", ""finding_score"": 1.594566593232171, ""finding_type"": ""FRAGILE_STATE"", ""hypothesis_id"": ""4f534213-d8ba-48e0-87ce-9b2985954148"", ""hypothesis_name"": ""l1_h11a_volatile"", ""max_r"": 4.177620277105, ""median_mae_r"": 0.65207681447, ""median_mfe_r"": 2.465114809899, ""median_r_net"": -0.093152958759, ""min_r"": -1.904796166557, ""n_trades"": 11, ""p25_r"": -0.3247668312745, ""p75_r"": 1.38986484498, ""p95_r"": 3.908451900772, ""p99_r"": 4.1237866018384, ""payoff_ratio"": 3.223764711497739, ""sample_score"": 2.4849066497880004, ""state_variable"": ""funding_x_oi"", ""tail_10r_count"": 0, ""tail_10r_rate"": 0.0, ""tail_2r_count"": 3, ""tail_2r_rate"": 0.2727272727272727, ""tail_3r_count"": 2, ""tail_3r_rate"": 0.1818181818181818, ""tail_5r_count"": 0, ""tail_5r_rate"": 0.0, ""weak_sample"": true, ""win_rate"": 0.4545454545454545}",research/state_findings/tier2/l1_h11a_combined_state_findings.csv,2026-06-23T01:08:35+00:00
87a2a355d0004bdd8bc335e7585665956648ac93,funding_x_oi,entry_state_funding_pctile_b3__entry_state_oi_accel_pctile_b2,,,l1_h11a_volatile,volatile,,11,0.608822384,0.6272409607,,3.9084519008,4.1237866018,4.1776202771,-1.9047961666,0.1818181818,0.0,0.0,3.1721775824,0.9123262941,-0.6810144608,0.0184185766,FRAGILE_STATE,,"{""avg_cost_drag_r"": 0.0184185766, ""avg_exit_efficiency"": -0.6810144608, ""avg_fee_drag_r"": 0.0184185766, ""avg_mae_r"": 0.9123262941, ""avg_mfe_r"": 3.1721775824, ""avg_r_loss"": -0.6618403994, ""avg_r_win"": 2.1336177241, ""avg_slippage_drag_r"": 0.009212451, ""avg_spread_drag_r"": null, ""bucket"": ""entry_state_funding_pctile_b3__entry_state_oi_accel_pctile_b2"", ""cost_drag_to_ev_ratio"": 0.0302527915, ""dataset_type"": ""volatile"", ""ev_r_gross"": 0.6272409607, ""ev_r_net"": 0.608822384, ""experiment_id"": ""b59f82c3-ea8b-4ae2-b31e-b59e5497824e"", ""experiment_root"": ""outputs/tier2/l1_h11a_parallel_vol"", ""finding_score"": 1.5945665932, ""finding_type"": ""FRAGILE_STATE"", ""hypothesis_id"": ""4f534213-d8ba-48e0-87ce-9b2985954148"", ""hypothesis_name"": ""l1_h11a_volatile"", ""max_r"": 4.1776202771, ""median_mae_r"": 0.6520768145, ""median_mfe_r"": 2.4651148099, ""median_r_net"": -0.0931529588, ""min_r"": -1.9047961666, ""n_trades"": 11, ""p25_r"": -0.3247668313, ""p75_r"": 1.389864845, ""p95_r"": 3.9084519008, ""p99_r"": 4.1237866018, ""payoff_ratio"": 3.2237647115, ""sample_score"": 2.4849066498, ""state_variable"": ""funding_x_oi"", ""tail_10r_count"": 0, ""tail_10r_rate"": 0.0, ""tail_2r_count"": 3, ""tail_2r_rate"": 0.2727272727, ""tail_3r_count"": 2, ""tail_3r_rate"": 0.1818181818, ""tail_5r_count"": 0, ""tail_5r_rate"": 0.0, ""weak_sample"": true, ""win_rate"": 0.4545454545}",research/state_findings/tier2/l1_h11a_combined_state_findings.json,2026-06-23T01:08:35+00:00
02abb7c2b75883ba0f90b1028f07930dd8027524,vol_x_liquidity,entry_state_vol_pctile_b3__entry_state_spread_proxy_pctile_b1,,,l1_h11a_volatile,volatile,,1015,0.5978506961,0.632945443,,3.7694317155,5.861272204,491.2388122194,-15.0183100224,0.0640394089,0.0344827586,0.0049261084,3.5134078099,1.430917553,-9.6506772773,0.035094747,EXIT_FAILURE_STATE,,"{""avg_cost_drag_r"": 0.035094747, ""avg_exit_efficiency"": -9.6506772773, ""avg_fee_drag_r"": 0.035094747, ""avg_mae_r"": 1.430917553, ""avg_mfe_r"": 3.5134078099, ""avg_r_loss"": -1.4152937249, ""avg_r_win"": 4.9502563912, ""avg_slippage_drag_r"": 0.0175485335, ""avg_spread_drag_r"": null, ""bucket"": ""entry_state_vol_pctile_b3__entry_state_spread_proxy_pctile_b1"", ""cost_drag_to_ev_ratio"": 0.058701524, ""dataset_type"": ""volatile"", ""ev_r_gross"": 0.632945443, ""ev_r_net"": 0.5978506961, ""experiment_id"": ""b59f82c3-ea8b-4ae2-b31e-b59e5497824e"", ""experiment_root"": ""outputs/tier2/l1_h11a_parallel_vol"", ""finding_score"": 13.1640850872, ""finding_type"": ""EXIT_FAILURE_STATE"", ""hypothesis_id"": ""4f534213-d8ba-48e0-87ce-9b2985954148"", ""hypothesis_name"": ""l1_h11a_volatile"", ""max_r"": 491.2388122194, ""median_mae_r"": 1.1089954737, ""median_mfe_r"": 1.1089483967, ""median_r_net"": -0.6656481668, ""min_r"": -15.0183100224, ""n_trades"": 1015, ""p25_r"": -1.2773093641, ""p75_r"": 0.3805571328, ""p95_r"": 3.7694317155, ""p99_r"": 5.861272204, ""payoff_ratio"": 3.4976883626, ""sample_score"": 6.9236286281, ""state_variable"": ""vol_x_liquidity"", ""tail_10r_count"": 5, ""tail_10r_rate"": 0.0049261084, ""tail_2r_count"": 111, ""tail_2r_rate"": 0.1093596059, ""tail_3r_count"": 65, ""tail_3r_rate"": 0.0640394089, ""tail_5r_count"": 35, ""tail_5r_rate"": 0.0344827586, ""weak_sample"": false, ""win_rate"": 0.3162561576}",research/state_findings/tier2/l1_h11a_combined_state_findings.json,2026-06-23T01:08:35+00:00
cfa57ecf120fb58e13a8b905033ece0e007c77ca,vol_x_liquidity,entry_state_vol_pctile_b3__entry_state_spread_proxy_pctile_b1,,,l1_h11a_volatile,volatile,,1015,0.5978506960621714,0.6329454430373272,,3.7694317155402826,5.861272204038,491.238812219363,-15.018310022403,0.064039408866995,0.0344827586206896,0.0049261083743842,3.5134078098995447,1.4309175530139913,-9.650677277311797,0.0350947469751556,EXIT_FAILURE_STATE,,"{""avg_cost_drag_r"": 0.0350947469751556, ""avg_exit_efficiency"": -9.650677277311797, ""avg_fee_drag_r"": 0.0350947469751431, ""avg_mae_r"": 1.4309175530139913, ""avg_mfe_r"": 3.5134078098995447, ""avg_r_loss"": -1.4152937248929556, ""avg_r_win"": 4.950256391211261, ""avg_slippage_drag_r"": 0.0175485334930353, ""avg_spread_drag_r"": NaN, ""bucket"": ""entry_state_vol_pctile_b3__entry_state_spread_proxy_pctile_b1"", ""cost_drag_to_ev_ratio"": 0.0587015239863601, ""dataset_type"": ""volatile"", ""ev_r_gross"": 0.6329454430373272, ""ev_r_net"": 0.5978506960621714, ""experiment_id"": ""b59f82c3-ea8b-4ae2-b31e-b59e5497824e"", ""experiment_root"": ""outputs/tier2/l1_h11a_parallel_vol"", ""finding_score"": 13.16408508721134, ""finding_type"": ""EXIT_FAILURE_STATE"", ""hypothesis_id"": ""4f534213-d8ba-48e0-87ce-9b2985954148"", ""hypothesis_name"": ""l1_h11a_volatile"", ""max_r"": 491.238812219363, ""median_mae_r"": 1.10899547372, ""median_mfe_r"": 1.108948396735, ""median_r_net"": -0.665648166809, ""min_r"": -15.018310022403, ""n_trades"": 1015, ""p25_r"": -1.277309364076, ""p75_r"": 0.3805571328315, ""p95_r"": 3.7694317155402826, ""p99_r"": 5.861272204038, ""payoff_ratio"": 3.497688362594605, ""sample_score"": 6.923628628138427, ""state_variable"": ""vol_x_liquidity"", ""tail_10r_count"": 5, ""tail_10r_rate"": 0.0049261083743842, ""tail_2r_count"": 111, ""tail_2r_rate"": 0.10935960591133, ""tail_3r_count"": 65, ""tail_3r_rate"": 0.064039408866995, ""tail_5r_count"": 35, ""tail_5r_rate"": 0.0344827586206896, ""weak_sample"": false, ""win_rate"": 0.316256157635468}",research/state_findings/tier2/l1_h11a_combined_state_findings.csv,2026-06-23T01:08:35+00:00
fdae245b8f20353e004837fcfef93a8a53900da4,funding_x_basis,entry_state_funding_pctile_b3__entry_state_basis_pctile_b0,,,,,,930,0.5651513933970004,,,,,,,,,,,,,,,,"{""bucket"": ""entry_state_funding_pctile_b3__entry_state_basis_pctile_b0"", ""ev_r_net"": 0.5651513933970004, ""n_datasets"": 2, ""n_hypotheses"": 1, ""n_trades"": 930, ""state_variable"": ""funding_x_basis"", ""tail_5r_count"": 33}",research/state_findings/tier2/l1_h11a_combined_cross_state_aggregate.csv,2026-06-23T01:08:35+00:00
158b57c70d4337d72df69251baf599291f277151,setup_x_csi,quality_filtered_continuation__csi_high,,,l1_h11a_stable,stable,,23,0.5625456251268697,0.7165178432740871,,5.8148255181907,5.83366080199992,5.833660802025,-3.036284018428,0.3478260869565217,0.1739130434782608,0.0,3.5841646113865218,1.3981253883098694,-1.7792585131370868,0.1539722181472174,FRAGILE_STATE,,"{""avg_cost_drag_r"": 0.1539722181472174, ""avg_exit_efficiency"": -1.7792585131370868, ""avg_fee_drag_r"": 0.1539722181473407, ""avg_mae_r"": 1.3981253883098694, ""avg_mfe_r"": 3.5841646113865218, ""avg_r_loss"": -1.7335968001328663, ""avg_r_win"": 4.867812672488875, ""avg_slippage_drag_r"": 0.0770091821024966, ""avg_spread_drag_r"": NaN, ""bucket"": ""quality_filtered_continuation__csi_high"", ""cost_drag_to_ev_ratio"": 0.2737061871425849, ""dataset_type"": ""stable"", ""ev_r_gross"": 0.7165178432740871, ""ev_r_net"": 0.5625456251268697, ""experiment_id"": ""36021d7e-455c-4270-b3ab-ec633b06cb05"", ""experiment_root"": ""outputs/tier2/l1_h11a_parallel_stable"", ""finding_score"": 2.0586402565628408, ""finding_type"": ""FRAGILE_STATE"", ""hypothesis_id"": ""4f534213-d8ba-48e0-87ce-9b2985954148"", ""hypothesis_name"": ""l1_h11a_stable"", ""max_r"": 5.833660802025, ""median_mae_r"": 1.294026615508, ""median_mfe_r"": 0.836950938824, ""median_r_net"": -1.35011908502, ""min_r"": -3.036284018428, ""n_trades"": 23, ""p25_r"": -1.7665656972, ""p75_r"": 3.996140963625, ""p95_r"": 5.8148255181907, ""p99_r"": 5.83366080199992, ""payoff_ratio"": 2.807926659829896, ""sample_score"": 3.1780538303479458, ""state_variable"": ""setup_x_csi"", ""tail_10r_count"": 0, ""tail_10r_rate"": 0.0, ""tail_2r_count"": 8, ""tail_2r_rate"": 0.3478260869565217, ""tail_3r_count"": 8, ""tail_3r_rate"": 0.3478260869565217, ""tail_5r_count"": 4, ""tail_5r_rate"": 0.1739130434782608, ""weak_sample"": false, ""win_rate"": 0.3478260869565217}",research/state_findings/tier2/l1_h11a_combined_state_findings.csv,2026-06-23T01:08:35+00:00
b794350adbbafa124bd2a5c829ebaababbf97d35,setup_x_csi,quality_filtered_continuation__csi_high,,,l1_h11a_stable,stable,,23,0.5625456251,0.7165178433,,5.8148255182,5.833660802,5.833660802,-3.0362840184,0.347826087,0.1739130435,0.0,3.5841646114,1.3981253883,-1.7792585131,0.1539722181,FRAGILE_STATE,,"{""avg_cost_drag_r"": 0.1539722181, ""avg_exit_efficiency"": -1.7792585131, ""avg_fee_drag_r"": 0.1539722181, ""avg_mae_r"": 1.3981253883, ""avg_mfe_r"": 3.5841646114, ""avg_r_loss"": -1.7335968001, ""avg_r_win"": 4.8678126725, ""avg_slippage_drag_r"": 0.0770091821, ""avg_spread_drag_r"": null, ""bucket"": ""quality_filtered_continuation__csi_high"", ""cost_drag_to_ev_ratio"": 0.2737061871, ""dataset_type"": ""stable"", ""ev_r_gross"": 0.7165178433, ""ev_r_net"": 0.5625456251, ""experiment_id"": ""36021d7e-455c-4270-b3ab-ec633b06cb05"", ""experiment_root"": ""outputs/tier2/l1_h11a_parallel_stable"", ""finding_score"": 2.0586402566, ""finding_type"": ""FRAGILE_STATE"", ""hypothesis_id"": ""4f534213-d8ba-48e0-87ce-9b2985954148"", ""hypothesis_name"": ""l1_h11a_stable"", ""max_r"": 5.833660802, ""median_mae_r"": 1.2940266155, ""median_mfe_r"": 0.8369509388, ""median_r_net"": -1.350119085, ""min_r"": -3.0362840184, ""n_trades"": 23, ""p25_r"": -1.7665656972, ""p75_r"": 3.9961409636, ""p95_r"": 5.8148255182, ""p99_r"": 5.833660802, ""payoff_ratio"": 2.8079266598, ""sample_score"": 3.1780538303, ""state_variable"": ""setup_x_csi"", ""tail_10r_count"": 0, ""tail_10r_rate"": 0.0, ""tail_2r_count"": 8, ""tail_2r_rate"": 0.347826087, ""tail_3r_count"": 8, ""tail_3r_rate"": 0.347826087, ""tail_5r_count"": 4, ""tail_5r_rate"": 0.1739130435, ""weak_sample"": false, ""win_rate"": 0.347826087}",research/state_findings/tier2/l1_h11a_combined_state_findings.json,2026-06-23T01:08:35+00:00
52c406c7b9e71315f1aff4884ab00f55d3000c95,csi_x_vol,entry_state_csi_pctile_b2__entry_state_vol_pctile_b0,,,l1_h11a_volatile,volatile,,932,0.5137834222491244,0.5453489505440763,,3.4507122707824984,14.24377138331466,399.030517392628,-6.284860369792,0.0665236051502145,0.0321888412017167,0.0150214592274678,3.1932398760537954,1.2568868776889772,-6.598415416668423,0.0315655282949517,EXIT_FAILURE_STATE,,"{""avg_cost_drag_r"": 0.0315655282949517, ""avg_exit_efficiency"": -6.598415416668423, ""avg_fee_drag_r"": 0.0315655282949634, ""avg_mae_r"": 1.2568868776889772, ""avg_mfe_r"": 3.1932398760537954, ""avg_r_loss"": -1.1724141317516776, ""avg_r_win"": 3.723337021920433, ""avg_slippage_drag_r"": 0.0157816903207561, ""avg_spread_drag_r"": NaN, ""bucket"": ""entry_state_csi_pctile_b2__entry_state_vol_pctile_b0"", ""cost_drag_to_ev_ratio"": 0.0614374207652931, ""dataset_type"": ""volatile"", ""ev_r_gross"": 0.5453489505440763, ""ev_r_net"": 0.5137834222491244, ""experiment_id"": ""b59f82c3-ea8b-4ae2-b31e-b59e5497824e"", ""experiment_root"": ""outputs/tier2/l1_h11a_parallel_vol"", ""finding_score"": 9.791655292722218, ""finding_type"": ""EXIT_FAILURE_STATE"", ""hypothesis_id"": ""4f534213-d8ba-48e0-87ce-9b2985954148"", ""hypothesis_name"": ""l1_h11a_volatile"", ""max_r"": 399.030517392628, ""median_mae_r"": 1.095606033496, ""median_mfe_r"": 1.3009206420735, ""median_r_net"": -0.580791432426, ""min_r"": -6.284860369792, ""n_trades"": 932, ""p25_r"": -1.200088145699, ""p75_r"": 0.511222017884, ""p95_r"": 3.4507122707824984, ""p99_r"": 14.24377138331466, ""payoff_ratio"": 3.175786542556834, ""sample_score"": 6.838405200847344, ""state_variable"": ""csi_x_vol"", ""tail_10r_count"": 14, ""tail_10r_rate"": 0.0150214592274678, ""tail_2r_count"": 115, ""tail_2r_rate"": 0.1233905579399141, ""tail_3r_count"": 62, ""tail_3r_rate"": 0.0665236051502145, ""tail_5r_count"": 30, ""tail_5r_rate"": 0.0321888412017167, ""weak_sample"": false, ""win_rate"": 0.3444206008583691}",research/state_findings/tier2/l1_h11a_combined_state_findings.csv,2026-06-23T01:08:35+00:00
cae74efee957a28381384cd17150cb23451df5a4,csi_x_vol,entry_state_csi_pctile_b2__entry_state_vol_pctile_b0,,,l1_h11a_volatile,volatile,,932,0.5137834222,0.5453489505,,3.4507122708,14.2437713833,399.0305173926,-6.2848603698,0.0665236052,0.0321888412,0.0150214592,3.1932398761,1.2568868777,-6.5984154167,0.0315655283,EXIT_FAILURE_STATE,,"{""avg_cost_drag_r"": 0.0315655283, ""avg_exit_efficiency"": -6.5984154167, ""avg_fee_drag_r"": 0.0315655283, ""avg_mae_r"": 1.2568868777, ""avg_mfe_r"": 3.1932398761, ""avg_r_loss"": -1.1724141318, ""avg_r_win"": 3.7233370219, ""avg_slippage_drag_r"": 0.0157816903, ""avg_spread_drag_r"": null, ""bucket"": ""entry_state_csi_pctile_b2__entry_state_vol_pctile_b0"", ""cost_drag_to_ev_ratio"": 0.0614374208, ""dataset_type"": ""volatile"", ""ev_r_gross"": 0.5453489505, ""ev_r_net"": 0.5137834222, ""experiment_id"": ""b59f82c3-ea8b-4ae2-b31e-b59e5497824e"", ""experiment_root"": ""outputs/tier2/l1_h11a_parallel_vol"", ""finding_score"": 9.7916552927, ""finding_type"": ""EXIT_FAILURE_STATE"", ""hypothesis_id"": ""4f534213-d8ba-48e0-87ce-9b2985954148"", ""hypothesis_name"": ""l1_h11a_volatile"", ""max_r"": 399.0305173926, ""median_mae_r"": 1.0956060335, ""median_mfe_r"": 1.3009206421, ""median_r_net"": -0.5807914324, ""min_r"": -6.2848603698, ""n_trades"": 932, ""p25_r"": -1.2000881457, ""p75_r"": 0.5112220179, ""p95_r"": 3.4507122708, ""p99_r"": 14.2437713833, ""payoff_ratio"": 3.1757865426, ""sample_score"": 6.8384052008, ""state_variable"": ""csi_x_vol"", ""tail_10r_count"": 14, ""tail_10r_rate"": 0.0150214592, ""tail_2r_count"": 115, ""tail_2r_rate"": 0.1233905579, ""tail_3r_count"": 62, ""tail_3r_rate"": 0.0665236052, ""tail_5r_count"": 30, ""tail_5r_rate"": 0.0321888412, ""weak_sample"": false, ""win_rate"": 0.3444206009}",research/state_findings/tier2/l1_h11a_combined_state_findings.json,2026-06-23T01:08:35+00:00
b5b8495bbe1c1077e2a25db9c2f5d989b9083ddf,csi_x_funding,entry_state_csi_pctile_b2__entry_state_funding_pctile_b0,,,,,,1957,0.4699673488482408,,,,,,,,,,,,,,,,"{""bucket"": ""entry_state_csi_pctile_b2__entry_state_funding_pctile_b0"", ""ev_r_net"": 0.4699673488482408, ""n_datasets"": 2, ""n_hypotheses"": 1, ""n_trades"": 1957, ""state_variable"": ""csi_x_funding"", ""tail_5r_count"": 65}",research/state_findings/tier2/l1_h11a_combined_cross_state_aggregate.csv,2026-06-23T01:08:35+00:00
81f1d92f9c3f22ad1ae030e60e323abfa0c60d6e,displacement_x_liquidity,strong_impulse__entry_state_spread_proxy_pctile_b0,,,l1_h11a_volatile,volatile,,15,0.4624063822,0.4932518816,,4.2201186088,4.2201186088,4.2201186088,-1.7460053367,0.1333333333,0.0,0.0,2.9217793736,0.8021286784,-10.0473203604,0.0308454994,FRAGILE_STATE,,"{""avg_cost_drag_r"": 0.0308454994, ""avg_exit_efficiency"": -10.0473203604, ""avg_fee_drag_r"": 0.0308454994, ""avg_mae_r"": 0.8021286784, ""avg_mfe_r"": 2.9217793736, ""avg_r_loss"": -0.6753106246, ""avg_r_win"": 2.7378403957, ""avg_slippage_drag_r"": 0.0154129235, ""avg_spread_drag_r"": null, ""bucket"": ""strong_impulse__entry_state_spread_proxy_pctile_b0"", ""cost_drag_to_ev_ratio"": 0.0667064743, ""dataset_type"": ""volatile"", ""ev_r_gross"": 0.4932518816, ""ev_r_net"": 0.4624063822, ""experiment_id"": ""b59f82c3-ea8b-4ae2-b31e-b59e5497824e"", ""experiment_root"": ""outputs/tier2/l1_h11a_parallel_vol"", ""finding_score"": 1.3333066372, ""finding_type"": ""FRAGILE_STATE"", ""hypothesis_id"": ""4f534213-d8ba-48e0-87ce-9b2985954148"", ""hypothesis_name"": ""l1_h11a_volatile"", ""max_r"": 4.2201186088, ""median_mae_r"": 0.6672565502, ""median_mfe_r"": 3.0427161977, ""median_r_net"": -0.3649448175, ""min_r"": -1.7460053367, ""n_trades"": 15, ""p25_r"": -0.4326089123, ""p75_r"": 1.1396341153, ""p95_r"": 4.2201186088, ""p99_r"": 4.2201186088, ""payoff_ratio"": 4.0541941677, ""sample_score"": 2.7725887222, ""state_variable"": ""displacement_x_liquidity"", ""tail_10r_count"": 0, ""tail_10r_rate"": 0.0, ""tail_2r_count"": 3, ""tail_2r_rate"": 0.2, ""tail_3r_count"": 2, ""tail_3r_rate"": 0.1333333333, ""tail_5r_count"": 0, ""tail_5r_rate"": 0.0, ""weak_sample"": true, ""win_rate"": 0.3333333333}",research/state_findings/tier2/l1_h11a_combined_state_findings.json,2026-06-23T01:08:35+00:00
6e91b53889a5300b44bf70137cca10935f5220b4,displacement_x_liquidity,strong_impulse__entry_state_spread_proxy_pctile_b0,,,,,,15,0.4624063821594666,,,,,,,,,,,,,,,,"{""bucket"": ""strong_impulse__entry_state_spread_proxy_pctile_b0"", ""ev_r_net"": 0.4624063821594666, ""n_datasets"": 1, ""n_hypotheses"": 1, ""n_trades"": 15, ""state_variable"": ""displacement_x_liquidity"", ""tail_5r_count"": 0}",research/state_findings/tier2/l1_h11a_combined_cross_state_aggregate.csv,2026-06-23T01:08:35+00:00
5771d07c403cf8597466d8cbefddb969c0182f61,displacement_x_liquidity,strong_impulse__entry_state_spread_proxy_pctile_b0,,,l1_h11a_volatile,volatile,,15,0.4624063821594666,0.4932518815872,,4.22011860882,4.22011860882,4.22011860882,-1.746005336697,0.1333333333333333,0.0,0.0,2.921779373643333,0.8021286784446667,-10.047320360445667,0.0308454994277333,FRAGILE_STATE,,"{""avg_cost_drag_r"": 0.0308454994277333, ""avg_exit_efficiency"": -10.047320360445667, ""avg_fee_drag_r"": 0.0308454994279552, ""avg_mae_r"": 0.8021286784446667, ""avg_mfe_r"": 2.921779373643333, ""avg_r_loss"": -0.6753106246067, ""avg_r_win"": 2.7378403956918, ""avg_slippage_drag_r"": 0.0154129234808492, ""avg_spread_drag_r"": NaN, ""bucket"": ""strong_impulse__entry_state_spread_proxy_pctile_b0"", ""cost_drag_to_ev_ratio"": 0.066706474256871, ""dataset_type"": ""volatile"", ""ev_r_gross"": 0.4932518815872, ""ev_r_net"": 0.4624063821594666, ""experiment_id"": ""b59f82c3-ea8b-4ae2-b31e-b59e5497824e"", ""experiment_root"": ""outputs/tier2/l1_h11a_parallel_vol"", ""finding_score"": 1.3333066372198354, ""finding_type"": ""FRAGILE_STATE"", ""hypothesis_id"": ""4f534213-d8ba-48e0-87ce-9b2985954148"", ""hypothesis_name"": ""l1_h11a_volatile"", ""max_r"": 4.22011860882, ""median_mae_r"": 0.66725655019, ""median_mfe_r"": 3.042716197706, ""median_r_net"": -0.364944817548, ""min_r"": -1.746005336697, ""n_trades"": 15, ""p25_r"": -0.432608912252, ""p75_r"": 1.1396341152995, ""p95_r"": 4.22011860882, ""p99_r"": 4.22011860882, ""payoff_ratio"": 4.0541941677377205, ""sample_score"": 2.772588722239781, ""state_variable"": ""displacement_x_liquidity"", ""tail_10r_count"": 0, ""tail_10r_rate"": 0.0, ""tail_2r_count"": 3, ""tail_2r_rate"": 0.2, ""tail_3r_count"": 2, ""tail_3r_rate"": 0.1333333333333333, ""tail_5r_count"": 0, ""tail_5r_rate"": 0.0, ""weak_sample"": true, ""win_rate"": 0.3333333333333333}",research/state_findings/tier2/l1_h11a_combined_state_findings.csv,2026-06-23T01:08:35+00:00
09139b327e2aa1db1d3fba77152dd5a3943c5147,liquidity_x_funding,entry_state_spread_proxy_pctile_b2__entry_state_funding_pctile_b0,,,l1_h11a_volatile,volatile,,810,0.4600948382221111,0.4920900976662778,,3.925759148891149,7.43543777957176,399.030517392628,-10.423768000982,0.0839506172839506,0.0308641975308641,0.0086419753086419,3.048597426008681,1.2743726541149247,-2.83746104300731,0.0319952594441666,FUNDING_EXTREME_EDGE_STATE,,"{""avg_cost_drag_r"": 0.0319952594441666, ""avg_exit_efficiency"": -2.83746104300731, ""avg_fee_drag_r"": 0.0319952594441663, ""avg_mae_r"": 1.2743726541149247, ""avg_mfe_r"": 3.048597426008681, ""avg_r_loss"": -1.2291728864265057, ""avg_r_win"": 3.764647759432544, ""avg_slippage_drag_r"": 0.016001035235647, ""avg_spread_drag_r"": NaN, ""bucket"": ""entry_state_spread_proxy_pctile_b2__entry_state_funding_pctile_b0"", ""cost_drag_to_ev_ratio"": 0.0695405746515263, ""dataset_type"": ""volatile"", ""ev_r_gross"": 0.4920900976662778, ""ev_r_net"": 0.4600948382221111, ""experiment_id"": ""b59f82c3-ea8b-4ae2-b31e-b59e5497824e"", ""experiment_root"": ""outputs/tier2/l1_h11a_parallel_vol"", ""finding_score"": 3.138680433177323, ""finding_type"": ""FUNDING_EXTREME_EDGE_STATE"", ""hypothesis_id"": ""4f534213-d8ba-48e0-87ce-9b2985954148"", ""hypothesis_name"": ""l1_h11a_volatile"", ""max_r"": 399.030517392628, ""median_mae_r"": 1.098520804092, ""median_mfe_r"": 1.2437926590025, ""median_r_net"": -0.6054149555705, ""min_r"": -10.423768000982, ""n_trades"": 810, ""p25_r"": -1.29338434287, ""p75_r"": 0.602393394924, ""p95_r"": 3.925759148891149, ""p99_r"": 7.43543777957176, ""payoff_ratio"": 3.0627487809117397, ""sample_score"": 6.698268054115413, ""state_variable"": ""liquidity_x_funding"", ""tail_10r_count"": 7, ""tail_10r_rate"": 0.0086419753086419, ""tail_2r_count"": 91, ""tail_2r_rate"": 0.1123456790123456, ""tail_3r_count"": 68, ""tail_3r_rate"": 0.0839506172839506, ""tail_5r_count"": 25, ""tail_5r_rate"": 0.0308641975308641, ""weak_sample"": false, ""win_rate"": 0.3382716049382716}",research/state_findings/tier2/l1_h11a_combined_state_findings.csv,2026-06-23T01:08:35+00:00
f43f5156ae9bfa11507b3d2836c41cf558d2972e,liquidity_x_funding,entry_state_spread_proxy_pctile_b2__entry_state_funding_pctile_b0,,,l1_h11a_volatile,volatile,,810,0.4600948382,0.4920900977,,3.9257591489,7.4354377796,399.0305173926,-10.423768001,0.0839506173,0.0308641975,0.0086419753,3.048597426,1.2743726541,-2.837461043,0.0319952594,FUNDING_EXTREME_EDGE_STATE,,"{""avg_cost_drag_r"": 0.0319952594, ""avg_exit_efficiency"": -2.837461043, ""avg_fee_drag_r"": 0.0319952594, ""avg_mae_r"": 1.2743726541, ""avg_mfe_r"": 3.048597426, ""avg_r_loss"": -1.2291728864, ""avg_r_win"": 3.7646477594, ""avg_slippage_drag_r"": 0.0160010352, ""avg_spread_drag_r"": null, ""bucket"": ""entry_state_spread_proxy_pctile_b2__entry_state_funding_pctile_b0"", ""cost_drag_to_ev_ratio"": 0.0695405747, ""dataset_type"": ""volatile"", ""ev_r_gross"": 0.4920900977, ""ev_r_net"": 0.4600948382, ""experiment_id"": ""b59f82c3-ea8b-4ae2-b31e-b59e5497824e"", ""experiment_root"": ""outputs/tier2/l1_h11a_parallel_vol"", ""finding_score"": 3.1386804332, ""finding_type"": ""FUNDING_EXTREME_EDGE_STATE"", ""hypothesis_id"": ""4f534213-d8ba-48e0-87ce-9b2985954148"", ""hypothesis_name"": ""l1_h11a_volatile"", ""max_r"": 399.0305173926, ""median_mae_r"": 1.0985208041, ""median_mfe_r"": 1.243792659, ""median_r_net"": -0.6054149556, ""min_r"": -10.423768001, ""n_trades"": 810, ""p25_r"": -1.2933843429, ""p75_r"": 0.6023933949, ""p95_r"": 3.9257591489, ""p99_r"": 7.4354377796, ""payoff_ratio"": 3.0627487809, ""sample_score"": 6.6982680541, ""state_variable"": ""liquidity_x_funding"", ""tail_10r_count"": 7, ""tail_10r_rate"": 0.0086419753, ""tail_2r_count"": 91, ""tail_2r_rate"": 0.112345679, ""tail_3r_count"": 68, ""tail_3r_rate"": 0.0839506173, ""tail_5r_count"": 25, ""tail_5r_rate"": 0.0308641975, ""weak_sample"": false, ""win_rate"": 0.3382716049}",research/state_findings/tier2/l1_h11a_combined_state_findings.json,2026-06-23T01:08:35+00:00
25bb3535bdb2cf15b98b991798d51bf95b28f939,entry_state_oi_level,entry_state_oi_level_b1,,,l1_h11a_stable,stable,,604,0.4469921824093857,0.5661924805449636,,5.39839129888646,28.66400220124678,35.916869111459,-4.150112887928,0.0711920529801324,0.0546357615894039,0.0380794701986755,2.7560270994172136,1.25998287481549,-8.596062307509428,0.1192002981355778,OI_BUILDUP_EDGE_STATE,,"{""avg_cost_drag_r"": 0.1192002981355778, ""avg_exit_efficiency"": -8.596062307509428, ""avg_fee_drag_r"": 0.119200298135554, ""avg_mae_r"": 1.25998287481549, ""avg_mfe_r"": 2.7560270994172136, ""avg_r_loss"": -1.31038287462526, ""avg_r_win"": 4.427209203477044, ""avg_slippage_drag_r"": 0.0596061210078505, ""avg_spread_drag_r"": NaN, ""bucket"": ""entry_state_oi_level_b1"", ""cost_drag_to_ev_ratio"": 0.2666719974677456, ""dataset_type"": ""stable"", ""ev_r_gross"": 0.5661924805449636, ""ev_r_net"": 0.4469921824093857, ""experiment_id"": ""36021d7e-455c-4270-b3ab-ec633b06cb05"", ""experiment_root"": ""outputs/tier2/l1_h11a_parallel_stable"", ""finding_score"": 2.893718686297592, ""finding_type"": ""OI_BUILDUP_EDGE_STATE"", ""hypothesis_id"": ""4f534213-d8ba-48e0-87ce-9b2985954148"", ""hypothesis_name"": ""l1_h11a_stable"", ""max_r"": 35.916869111459, ""median_mae_r"": 1.120999340762, ""median_mfe_r"": 1.302493728888, ""median_r_net"": -0.8109318121795, ""min_r"": -4.150112887928, ""n_trades"": 604, ""p25_r"": -1.451386545404, ""p75_r"": 0.322440657276, ""p95_r"": 5.39839129888646, ""p99_r"": 28.66400220124678, ""payoff_ratio"": 3.3785615557156348, ""sample_score"": 6.405228458030842, ""state_variable"": ""entry_state_oi_level"", ""tail_10r_count"": 23, ""tail_10r_rate"": 0.0380794701986755, ""tail_2r_count"": 59, ""tail_2r_rate"": 0.097682119205298, ""tail_3r_count"": 43, ""tail_3r_rate"": 0.0711920529801324, ""tail_5r_count"": 33, ""tail_5r_rate"": 0.0546357615894039, ""weak_sample"": false, ""win_rate"": 0.3062913907284768}",research/state_findings/tier2/l1_h11a_combined_state_findings.csv,2026-06-23T01:08:35+00:00
26395e5dc15f22e3c41e5d7d23f7302aee1781ec,entry_state_oi_level,entry_state_oi_level_b1,,,l1_h11a_stable,stable,,604,0.4469921824,0.5661924805,,5.3983912989,28.6640022012,35.9168691115,-4.1501128879,0.071192053,0.0546357616,0.0380794702,2.7560270994,1.2599828748,-8.5960623075,0.1192002981,OI_BUILDUP_EDGE_STATE,,"{""avg_cost_drag_r"": 0.1192002981, ""avg_exit_efficiency"": -8.5960623075, ""avg_fee_drag_r"": 0.1192002981, ""avg_mae_r"": 1.2599828748, ""avg_mfe_r"": 2.7560270994, ""avg_r_loss"": -1.3103828746, ""avg_r_win"": 4.4272092035, ""avg_slippage_drag_r"": 0.059606121, ""avg_spread_drag_r"": null, ""bucket"": ""entry_state_oi_level_b1"", ""cost_drag_to_ev_ratio"": 0.2666719975, ""dataset_type"": ""stable"", ""ev_r_gross"": 0.5661924805, ""ev_r_net"": 0.4469921824, ""experiment_id"": ""36021d7e-455c-4270-b3ab-ec633b06cb05"", ""experiment_root"": ""outputs/tier2/l1_h11a_parallel_stable"", ""finding_score"": 2.8937186863, ""finding_type"": ""OI_BUILDUP_EDGE_STATE"", ""hypothesis_id"": ""4f534213-d8ba-48e0-87ce-9b2985954148"", ""hypothesis_name"": ""l1_h11a_stable"", ""max_r"": 35.9168691115, ""median_mae_r"": 1.1209993408, ""median_mfe_r"": 1.3024937289, ""median_r_net"": -0.8109318122, ""min_r"": -4.1501128879, ""n_trades"": 604, ""p25_r"": -1.4513865454, ""p75_r"": 0.3224406573, ""p95_r"": 5.3983912989, ""p99_r"": 28.6640022012, ""payoff_ratio"": 3.3785615557, ""sample_score"": 6.405228458, ""state_variable"": ""entry_state_oi_level"", ""tail_10r_count"": 23, ""tail_10r_rate"": 0.0380794702, ""tail_2r_count"": 59, ""tail_2r_rate"": 0.0976821192, ""tail_3r_count"": 43, ""tail_3r_rate"": 0.071192053, ""tail_5r_count"": 33, ""tail_5r_rate"": 0.0546357616, ""weak_sample"": false, ""win_rate"": 0.3062913907}",research/state_findings/tier2/l1_h11a_combined_state_findings.json,2026-06-23T01:08:35+00:00
7eddc1132f027a6d01ba6ffd9dc07b87878ae830,funding_x_oi,entry_state_funding_pctile_b3__entry_state_oi_accel_pctile_b2,,,,,,35,0.4322410495375909,,,,,,,,,,,,,,,,"{""bucket"": ""entry_state_funding_pctile_b3__entry_state_oi_accel_pctile_b2"", ""ev_r_net"": 0.4322410495375909, ""n_datasets"": 2, ""n_hypotheses"": 1, ""n_trades"": 35, ""state_variable"": ""funding_x_oi"", ""tail_5r_count"": 0}",research/state_findings/tier2/l1_h11a_combined_cross_state_aggregate.csv,2026-06-23T01:08:35+00:00
7725070c9ca190d8a3ef0b36d11f62dfb73b91c2,entry_state_funding_raw,entry_state_funding_raw_b1,,,l1_h11a_volatile,volatile,,3609,0.4260572453248795,0.4615046532913859,,3.9575820538664,8.995516178821,410.385665919574,-13.413984803025,0.0745358825159323,0.0318647824882238,0.0088667220836796,2.969888030589867,1.2855213851013814,-9.12451701919118,0.0354474079665065,FUNDING_EXTREME_EDGE_STATE,,"{""avg_cost_drag_r"": 0.0354474079665065, ""avg_exit_efficiency"": -9.12451701919118, ""avg_fee_drag_r"": 0.0354474079665127, ""avg_mae_r"": 1.2855213851013814, ""avg_mfe_r"": 2.969888030589867, ""avg_r_loss"": -1.2442855206980483, ""avg_r_win"": 3.775087537234296, ""avg_slippage_drag_r"": 0.0177232322712585, ""avg_spread_drag_r"": NaN, ""bucket"": ""entry_state_funding_raw_b1"", ""cost_drag_to_ev_ratio"": 0.0831986977230652, ""dataset_type"": ""volatile"", ""ev_r_gross"": 0.4615046532913859, ""ev_r_net"": 0.4260572453248795, ""experiment_id"": ""b59f82c3-ea8b-4ae2-b31e-b59e5497824e"", ""experiment_root"": ""outputs/tier2/l1_h11a_parallel_vol"", ""finding_score"": 3.54144120259182, ""finding_type"": ""FUNDING_EXTREME_EDGE_STATE"", ""hypothesis_id"": ""4f534213-d8ba-48e0-87ce-9b2985954148"", ""hypothesis_name"": ""l1_h11a_volatile"", ""max_r"": 410.385665919574, ""median_mae_r"": 1.112709170414, ""median_mfe_r"": 1.159230552295, ""median_r_net"": -0.640198585912, ""min_r"": -13.413984803025, ""n_trades"": 3609, ""p25_r"": -1.331618068774, ""p75_r"": 0.461453530816, ""p95_r"": 3.9575820538664, ""p99_r"": 8.995516178821, ""payoff_ratio"": 3.0339399393769844, ""sample_score"": 8.191463051326927, ""state_variable"": ""entry_state_funding_raw"", ""tail_10r_count"": 32, ""tail_10r_rate"": 0.0088667220836796, ""tail_2r_count"": 421, ""tail_2r_rate"": 0.1166528124134109, ""tail_3r_count"": 269, ""tail_3r_rate"": 0.0745358825159323, ""tail_5r_count"": 115, ""tail_5r_rate"": 0.0318647824882238, ""weak_sample"": false, ""win_rate"": 0.3327791632031033}",research/state_findings/tier2/l1_h11a_combined_state_findings.csv,2026-06-23T01:08:35+00:00
bfad5b77acdc9d533bb6c7d1ea199a6aab302440,entry_state_funding_raw,entry_state_funding_raw_b1,,,l1_h11a_volatile,volatile,,3609,0.4260572453,0.4615046533,,3.9575820539,8.9955161788,410.3856659196,-13.413984803,0.0745358825,0.0318647825,0.0088667221,2.9698880306,1.2855213851,-9.1245170192,0.035447408,FUNDING_EXTREME_EDGE_STATE,,"{""avg_cost_drag_r"": 0.035447408, ""avg_exit_efficiency"": -9.1245170192, ""avg_fee_drag_r"": 0.035447408, ""avg_mae_r"": 1.2855213851, ""avg_mfe_r"": 2.9698880306, ""avg_r_loss"": -1.2442855207, ""avg_r_win"": 3.7750875372, ""avg_slippage_drag_r"": 0.0177232323, ""avg_spread_drag_r"": null, ""bucket"": ""entry_state_funding_raw_b1"", ""cost_drag_to_ev_ratio"": 0.0831986977, ""dataset_type"": ""volatile"", ""ev_r_gross"": 0.4615046533, ""ev_r_net"": 0.4260572453, ""experiment_id"": ""b59f82c3-ea8b-4ae2-b31e-b59e5497824e"", ""experiment_root"": ""outputs/tier2/l1_h11a_parallel_vol"", ""finding_score"": 3.5414412026, ""finding_type"": ""FUNDING_EXTREME_EDGE_STATE"", ""hypothesis_id"": ""4f534213-d8ba-48e0-87ce-9b2985954148"", ""hypothesis_name"": ""l1_h11a_volatile"", ""max_r"": 410.3856659196, ""median_mae_r"": 1.1127091704, ""median_mfe_r"": 1.1592305523, ""median_r_net"": -0.6401985859, ""min_r"": -13.413984803, ""n_trades"": 3609, ""p25_r"": -1.3316180688, ""p75_r"": 0.4614535308, ""p95_r"": 3.9575820539, ""p99_r"": 8.9955161788, ""payoff_ratio"": 3.0339399394, ""sample_score"": 8.1914630513, ""state_variable"": ""entry_state_funding_raw"", ""tail_10r_count"": 32, ""tail_10r_rate"": 0.0088667221, ""tail_2r_count"": 421, ""tail_2r_rate"": 0.1166528124, ""tail_3r_count"": 269, ""tail_3r_rate"": 0.0745358825, ""tail_5r_count"": 115, ""tail_5r_rate"": 0.0318647825, ""weak_sample"": false, ""win_rate"": 0.3327791632}",research/state_findings/tier2/l1_h11a_combined_state_findings.json,2026-06-23T01:08:35+00:00
55df2fc003c065b5a420d3a3cda3702e41eb960c,liquidity_x_funding,entry_state_spread_proxy_pctile_b0__entry_state_funding_pctile_b2,,,l1_h11a_volatile,volatile,,530,0.4206598458404584,0.4550437280847886,,4.3549457906384506,36.912369542529,36.912369542529,-3.492097451955,0.0754716981132075,0.0433962264150943,0.0169811320754716,2.828161539665195,1.147729161632379,-3.135423213326284,0.0343838822443301,FUNDING_EXTREME_EDGE_STATE,,"{""avg_cost_drag_r"": 0.0343838822443301, ""avg_exit_efficiency"": -3.135423213326284, ""avg_fee_drag_r"": 0.034383882244319, ""avg_mae_r"": 1.147729161632379, ""avg_mfe_r"": 2.828161539665195, ""avg_r_loss"": -1.140562133247086, ""avg_r_win"": 3.1246319333322883, ""avg_slippage_drag_r"": 0.0171951702340041, ""avg_spread_drag_r"": NaN, ""bucket"": ""entry_state_spread_proxy_pctile_b0__entry_state_funding_pctile_b2"", ""cost_drag_to_ev_ratio"": 0.0817379709147965, ""dataset_type"": ""volatile"", ""ev_r_gross"": 0.4550437280847886, ""ev_r_net"": 0.4206598458404584, ""experiment_id"": ""b59f82c3-ea8b-4ae2-b31e-b59e5497824e"", ""experiment_root"": ""outputs/tier2/l1_h11a_parallel_vol"", ""finding_score"": 2.7034805588907305, ""finding_type"": ""FUNDING_EXTREME_EDGE_STATE"", ""hypothesis_id"": ""4f534213-d8ba-48e0-87ce-9b2985954148"", ""hypothesis_name"": ""l1_h11a_volatile"", ""max_r"": 36.912369542529, ""median_mae_r"": 1.001743464225, ""median_mfe_r"": 1.31853886383, ""median_r_net"": -0.5649959787684999, ""min_r"": -3.492097451955, ""n_trades"": 530, ""p25_r"": -1.2250839777692502, ""p75_r"": 0.600138933444, ""p95_r"": 4.3549457906384506, ""p99_r"": 36.912369542529, ""payoff_ratio"": 2.7395543322455564, ""sample_score"": 6.274762021241939, ""state_variable"": ""liquidity_x_funding"", ""tail_10r_count"": 9, ""tail_10r_rate"": 0.0169811320754716, ""tail_2r_count"": 69, ""tail_2r_rate"": 0.130188679245283, ""tail_3r_count"": 40, ""tail_3r_rate"": 0.0754716981132075, ""tail_5r_count"": 23, ""tail_5r_rate"": 0.0433962264150943, ""weak_sample"": false, ""win_rate"": 0.3660377358490566}",research/state_findings/tier2/l1_h11a_combined_state_findings.csv,2026-06-23T01:08:35+00:00
600f86f807f32dab3f7d12806bc55b87d612faf2,liquidity_x_funding,entry_state_spread_proxy_pctile_b0__entry_state_funding_pctile_b2,,,l1_h11a_volatile,volatile,,530,0.4206598458,0.4550437281,,4.3549457906,36.9123695425,36.9123695425,-3.492097452,0.0754716981,0.0433962264,0.0169811321,2.8281615397,1.1477291616,-3.1354232133,0.0343838822,FUNDING_EXTREME_EDGE_STATE,,"{""avg_cost_drag_r"": 0.0343838822, ""avg_exit_efficiency"": -3.1354232133, ""avg_fee_drag_r"": 0.0343838822, ""avg_mae_r"": 1.1477291616, ""avg_mfe_r"": 2.8281615397, ""avg_r_loss"": -1.1405621332, ""avg_r_win"": 3.1246319333, ""avg_slippage_drag_r"": 0.0171951702, ""avg_spread_drag_r"": null, ""bucket"": ""entry_state_spread_proxy_pctile_b0__entry_state_funding_pctile_b2"", ""cost_drag_to_ev_ratio"": 0.0817379709, ""dataset_type"": ""volatile"", ""ev_r_gross"": 0.4550437281, ""ev_r_net"": 0.4206598458, ""experiment_id"": ""b59f82c3-ea8b-4ae2-b31e-b59e5497824e"", ""experiment_root"": ""outputs/tier2/l1_h11a_parallel_vol"", ""finding_score"": 2.7034805589, ""finding_type"": ""FUNDING_EXTREME_EDGE_STATE"", ""hypothesis_id"": ""4f534213-d8ba-48e0-87ce-9b2985954148"", ""hypothesis_name"": ""l1_h11a_volatile"", ""max_r"": 36.9123695425, ""median_mae_r"": 1.0017434642, ""median_mfe_r"": 1.3185388638, ""median_r_net"": -0.5649959788, ""min_r"": -3.492097452, ""n_trades"": 530, ""p25_r"": -1.2250839778, ""p75_r"": 0.6001389334, ""p95_r"": 4.3549457906, ""p99_r"": 36.9123695425, ""payoff_ratio"": 2.7395543322, ""sample_score"": 6.2747620212, ""state_variable"": ""liquidity_x_funding"", ""tail_10r_count"": 9, ""tail_10r_rate"": 0.0169811321, ""tail_2r_count"": 69, ""tail_2r_rate"": 0.1301886792, ""tail_3r_count"": 40, ""tail_3r_rate"": 0.0754716981, ""tail_5r_count"": 23, ""tail_5r_rate"": 0.0433962264, ""weak_sample"": false, ""win_rate"": 0.3660377358}",research/state_findings/tier2/l1_h11a_combined_state_findings.json,2026-06-23T01:08:35+00:00
76d8c3cbc3230dafdb8cbdeae19fa5214b4f9a20,liquidity_x_funding,entry_state_spread_proxy_pctile_b2__entry_state_funding_pctile_b0,,,,,,1741,0.417398371557236,,,,,,,,,,,,,,,,"{""bucket"": ""entry_state_spread_proxy_pctile_b2__entry_state_funding_pctile_b0"", ""ev_r_net"": 0.417398371557236, ""n_datasets"": 2, ""n_hypotheses"": 1, ""n_trades"": 1741, ""state_variable"": ""liquidity_x_funding"", ""tail_5r_count"": 103}",research/state_findings/tier2/l1_h11a_combined_cross_state_aggregate.csv,2026-06-23T01:08:35+00:00
ed156bbdd7baae4ffd21037ed1767cc2a2222d99,csi_x_liquidity,entry_state_csi_pctile_b3__entry_state_spread_proxy_pctile_b1,,,l1_h11a_volatile,volatile,,1314,0.4041956449,0.4376409228,,2.9700438903,5.7564034816,491.2388122194,-4.7844357662,0.0502283105,0.0167427702,0.0060882801,2.9661183464,1.3297943082,-5.0583786824,0.0334452779,EXIT_FAILURE_STATE,,"{""avg_cost_drag_r"": 0.0334452779, ""avg_exit_efficiency"": -5.0583786824, ""avg_fee_drag_r"": 0.0334452779, ""avg_mae_r"": 1.3297943082, ""avg_mfe_r"": 2.9661183464, ""avg_r_loss"": -1.2467065349, ""avg_r_win"": 4.2451553999, ""avg_slippage_drag_r"": 0.0167215254, ""avg_spread_drag_r"": null, ""bucket"": ""entry_state_csi_pctile_b3__entry_state_spread_proxy_pctile_b1"", ""cost_drag_to_ev_ratio"": 0.0827452703, ""dataset_type"": ""volatile"", ""ev_r_gross"": 0.4376409228, ""ev_r_net"": 0.4041956449, ""experiment_id"": ""b59f82c3-ea8b-4ae2-b31e-b59e5497824e"", ""experiment_root"": ""outputs/tier2/l1_h11a_parallel_vol"", ""finding_score"": 8.0244970288, ""finding_type"": ""EXIT_FAILURE_STATE"", ""hypothesis_id"": ""4f534213-d8ba-48e0-87ce-9b2985954148"", ""hypothesis_name"": ""l1_h11a_volatile"", ""max_r"": 491.2388122194, ""median_mae_r"": 1.0919620383, ""median_mfe_r"": 1.2335100546, ""median_r_net"": -0.6435741935, ""min_r"": -4.7844357662, ""n_trades"": 1314, ""p25_r"": -1.3097185778, ""p75_r"": 0.2886001456, ""p95_r"": 2.9700438903, ""p99_r"": 5.7564034816, ""payoff_ratio"": 3.4050959717, ""sample_score"": 7.1815919446, ""state_variable"": ""csi_x_liquidity"", ""tail_10r_count"": 8, ""tail_10r_rate"": 0.0060882801, ""tail_2r_count"": 134, ""tail_2r_rate"": 0.101978691, ""tail_3r_count"": 66, ""tail_3r_rate"": 0.0502283105, ""tail_5r_count"": 22, ""tail_5r_rate"": 0.0167427702, ""weak_sample"": false, ""win_rate"": 0.300608828}",research/state_findings/tier2/l1_h11a_combined_state_findings.json,2026-06-23T01:08:35+00:00
d0d9781e7a4ae9331d92eb2b7c9d08c8d51b6b2a,csi_x_liquidity,entry_state_csi_pctile_b3__entry_state_spread_proxy_pctile_b1,,,l1_h11a_volatile,volatile,,1314,0.4041956448832191,0.4376409227825638,,2.970043890321544,5.75640348156452,491.238812219363,-4.784435766197,0.0502283105022831,0.0167427701674277,0.0060882800608828,2.966118346355598,1.3297943081831247,-5.058378682401462,0.0334452778993447,EXIT_FAILURE_STATE,,"{""avg_cost_drag_r"": 0.0334452778993447, ""avg_exit_efficiency"": -5.058378682401462, ""avg_fee_drag_r"": 0.0334452778993494, ""avg_mae_r"": 1.3297943081831247, ""avg_mfe_r"": 2.966118346355598, ""avg_r_loss"": -1.2467065349233757, ""avg_r_win"": 4.245155399926917, ""avg_slippage_drag_r"": 0.016721525408466, ""avg_spread_drag_r"": NaN, ""bucket"": ""entry_state_csi_pctile_b3__entry_state_spread_proxy_pctile_b1"", ""cost_drag_to_ev_ratio"": 0.082745270323256, ""dataset_type"": ""volatile"", ""ev_r_gross"": 0.4376409227825638, ""ev_r_net"": 0.4041956448832191, ""experiment_id"": ""b59f82c3-ea8b-4ae2-b31e-b59e5497824e"", ""experiment_root"": ""outputs/tier2/l1_h11a_parallel_vol"", ""finding_score"": 8.02449702875706, ""finding_type"": ""EXIT_FAILURE_STATE"", ""hypothesis_id"": ""4f534213-d8ba-48e0-87ce-9b2985954148"", ""hypothesis_name"": ""l1_h11a_volatile"", ""max_r"": 491.238812219363, ""median_mae_r"": 1.0919620383335, ""median_mfe_r"": 1.233510054619, ""median_r_net"": -0.643574193525, ""min_r"": -4.784435766197, ""n_trades"": 1314, ""p25_r"": -1.30971857777025, ""p75_r"": 0.288600145648, ""p95_r"": 2.970043890321544, ""p99_r"": 5.75640348156452, ""payoff_ratio"": 3.4050959716737434, ""sample_score"": 7.181591944611865, ""state_variable"": ""csi_x_liquidity"", ""tail_10r_count"": 8, ""tail_10r_rate"": 0.0060882800608828, ""tail_2r_count"": 134, ""tail_2r_rate"": 0.1019786910197869, ""tail_3r_count"": 66, ""tail_3r_rate"": 0.0502283105022831, ""tail_5r_count"": 22, ""tail_5r_rate"": 0.0167427701674277, ""weak_sample"": false, ""win_rate"": 0.3006088280060883}",research/state_findings/tier2/l1_h11a_combined_state_findings.csv,2026-06-23T01:08:35+00:00
4f4ba7f05814f6bf42e5597192ff8b292bc228bd,funding_x_oi,entry_state_funding_pctile_b0__entry_state_oi_accel_pctile_b2,,,,,,138,0.3857278716964029,,,,,,,,,,,,,,,,"{""bucket"": ""entry_state_funding_pctile_b0__entry_state_oi_accel_pctile_b2"", ""ev_r_net"": 0.3857278716964029, ""n_datasets"": 2, ""n_hypotheses"": 1, ""n_trades"": 138, ""state_variable"": ""funding_x_oi"", ""tail_5r_count"": 9}",research/state_findings/tier2/l1_h11a_combined_cross_state_aggregate.csv,2026-06-23T01:08:35+00:00
9e08d9f83f7e5f3a1a27e2e65ab898ed22e27bdd,displacement_x_liquidity,strong_impulse__entry_state_spread_proxy_pctile_b1,,,l1_h11a_volatile,volatile,,546,0.3791316835,0.4098610953,,4.4737631778,12.7241105631,39.5454348172,-3.7419327669,0.0824175824,0.043956044,0.021978022,2.5957819541,1.1129943368,-4.3046801568,0.0307294118,EXIT_FAILURE_STATE,,"{""avg_cost_drag_r"": 0.0307294118, ""avg_exit_efficiency"": -4.3046801568, ""avg_fee_drag_r"": 0.0307294118, ""avg_mae_r"": 1.1129943368, ""avg_mfe_r"": 2.5957819541, ""avg_r_loss"": -1.0140858408, ""avg_r_win"": 2.9070315214, ""avg_slippage_drag_r"": 0.0153635623, ""avg_spread_drag_r"": null, ""bucket"": ""strong_impulse__entry_state_spread_proxy_pctile_b1"", ""cost_drag_to_ev_ratio"": 0.0810520808, ""dataset_type"": ""volatile"", ""ev_r_gross"": 0.4098610953, ""ev_r_net"": 0.3791316835, ""experiment_id"": ""b59f82c3-ea8b-4ae2-b31e-b59e5497824e"", ""experiment_root"": ""outputs/tier2/l1_h11a_parallel_vol"", ""finding_score"": 6.9004621109, ""finding_type"": ""EXIT_FAILURE_STATE"", ""hypothesis_id"": ""4f534213-d8ba-48e0-87ce-9b2985954148"", ""hypothesis_name"": ""l1_h11a_volatile"", ""max_r"": 39.5454348172, ""median_mae_r"": 0.8909889594, ""median_mfe_r"": 1.1098127277, ""median_r_net"": -0.4302716761, ""min_r"": -3.7419327669, ""n_trades"": 546, ""p25_r"": -1.0205958556, ""p75_r"": 0.4346783512, ""p95_r"": 4.4737631778, ""p99_r"": 12.7241105631, ""payoff_ratio"": 2.8666523131, ""sample_score"": 6.3044488024, ""state_variable"": ""displacement_x_liquidity"", ""tail_10r_count"": 12, ""tail_10r_rate"": 0.021978022, ""tail_2r_count"": 56, ""tail_2r_rate"": 0.1025641026, ""tail_3r_count"": 45, ""tail_3r_rate"": 0.0824175824, ""tail_5r_count"": 24, ""tail_5r_rate"": 0.043956044, ""weak_sample"": false, ""win_rate"": 0.3553113553}",research/state_findings/tier2/l1_h11a_combined_state_findings.json,2026-06-23T01:08:35+00:00
0d9d6989549077d82514f24e6d1925a4e31a731f,displacement_x_liquidity,strong_impulse__entry_state_spread_proxy_pctile_b1,,,l1_h11a_volatile,volatile,,546,0.3791316834630495,0.4098610953060714,,4.473763177792,12.724110563101547,39.545434817156,-3.741932766944,0.0824175824175824,0.0439560439560439,0.0219780219780219,2.5957819540909965,1.1129943368256647,-4.304680156849668,0.0307294118430219,EXIT_FAILURE_STATE,,"{""avg_cost_drag_r"": 0.0307294118430219, ""avg_exit_efficiency"": -4.304680156849668, ""avg_fee_drag_r"": 0.030729411843021, ""avg_mae_r"": 1.1129943368256647, ""avg_mfe_r"": 2.5957819540909965, ""avg_r_loss"": -1.0140858408457183, ""avg_r_win"": 2.907031521384113, ""avg_slippage_drag_r"": 0.0153635622623188, ""avg_spread_drag_r"": NaN, ""bucket"": ""strong_impulse__entry_state_spread_proxy_pctile_b1"", ""cost_drag_to_ev_ratio"": 0.0810520808029933, ""dataset_type"": ""volatile"", ""ev_r_gross"": 0.4098610953060714, ""ev_r_net"": 0.3791316834630495, ""experiment_id"": ""b59f82c3-ea8b-4ae2-b31e-b59e5497824e"", ""experiment_root"": ""outputs/tier2/l1_h11a_parallel_vol"", ""finding_score"": 6.900462110940664, ""finding_type"": ""EXIT_FAILURE_STATE"", ""hypothesis_id"": ""4f534213-d8ba-48e0-87ce-9b2985954148"", ""hypothesis_name"": ""l1_h11a_volatile"", ""max_r"": 39.545434817156, ""median_mae_r"": 0.8909889593945, ""median_mfe_r"": 1.1098127277224998, ""median_r_net"": -0.430271676101, ""min_r"": -3.741932766944, ""n_trades"": 546, ""p25_r"": -1.020595855585, ""p75_r"": 0.43467835123, ""p95_r"": 4.473763177792, ""p99_r"": 12.724110563101547, ""payoff_ratio"": 2.8666523131411954, ""sample_score"": 6.304448802421981, ""state_variable"": ""displacement_x_liquidity"", ""tail_10r_count"": 12, ""tail_10r_rate"": 0.0219780219780219, ""tail_2r_count"": 56, ""tail_2r_rate"": 0.1025641025641025, ""tail_3r_count"": 45, ""tail_3r_rate"": 0.0824175824175824, ""tail_5r_count"": 24, ""tail_5r_rate"": 0.0439560439560439, ""weak_sample"": false, ""win_rate"": 0.3553113553113553}",research/state_findings/tier2/l1_h11a_combined_state_findings.csv,2026-06-23T01:08:35+00:00
7b3df3c5ebef57dc542b39a07c998982a5c447fd,liquidity_x_funding,entry_state_spread_proxy_pctile_b2__entry_state_funding_pctile_b0,,,l1_h11a_stable,stable,,931,0.3747019049,0.4922607443,,6.4710789712,11.4502089891,28.6641742004,-4.9368810905,0.1428571429,0.0837808808,0.0107411386,3.1454261315,1.2221648879,-3.9719584327,0.1175588394,FUNDING_EXTREME_EDGE_STATE,,"{""avg_cost_drag_r"": 0.1175588394, ""avg_exit_efficiency"": -3.9719584327, ""avg_fee_drag_r"": 0.1175588394, ""avg_mae_r"": 1.2221648879, ""avg_mfe_r"": 3.1454261315, ""avg_r_loss"": -1.3745235143, ""avg_r_win"": 3.651800144, ""avg_slippage_drag_r"": 0.0587820298, ""avg_spread_drag_r"": null, ""bucket"": ""entry_state_spread_proxy_pctile_b2__entry_state_funding_pctile_b0"", ""cost_drag_to_ev_ratio"": 0.3137396364, ""dataset_type"": ""stable"", ""ev_r_gross"": 0.4922607443, ""ev_r_net"": 0.3747019049, ""experiment_id"": ""36021d7e-455c-4270-b3ab-ec633b06cb05"", ""experiment_root"": ""outputs/tier2/l1_h11a_parallel_stable"", ""finding_score"": 2.6583916626, ""finding_type"": ""FUNDING_EXTREME_EDGE_STATE"", ""hypothesis_id"": ""4f534213-d8ba-48e0-87ce-9b2985954148"", ""hypothesis_name"": ""l1_h11a_stable"", ""max_r"": 28.6641742004, ""median_mae_r"": 1.1179313072, ""median_mfe_r"": 1.3681706519, ""median_r_net"": -0.8042929007, ""min_r"": -4.9368810905, ""n_trades"": 931, ""p25_r"": -1.5793486881, ""p75_r"": 0.9405713611, ""p95_r"": 6.4710789712, ""p99_r"": 11.4502089891, ""payoff_ratio"": 2.6567753159, ""sample_score"": 6.8373328147, ""state_variable"": ""liquidity_x_funding"", ""tail_10r_count"": 10, ""tail_10r_rate"": 0.0107411386, ""tail_2r_count"": 180, ""tail_2r_rate"": 0.1933404941, ""tail_3r_count"": 133, ""tail_3r_rate"": 0.1428571429, ""tail_5r_count"": 78, ""tail_5r_rate"": 0.0837808808, ""weak_sample"": false, ""win_rate"": 0.3480128894}",research/state_findings/tier2/l1_h11a_combined_state_findings.json,2026-06-23T01:08:35+00:00
f0315248540987a60b569fd652fc52cb56982f33,liquidity_x_funding,entry_state_spread_proxy_pctile_b2__entry_state_funding_pctile_b0,,,l1_h11a_stable,stable,,931,0.3747019048923609,0.4922607442800366,,6.471078971227,11.450208989068004,28.664174200438,-4.936881090463,0.1428571428571428,0.0837808807733619,0.0107411385606874,3.145426131513993,1.2221648878601472,-3.971958432690208,0.1175588393876756,FUNDING_EXTREME_EDGE_STATE,,"{""avg_cost_drag_r"": 0.1175588393876756, ""avg_exit_efficiency"": -3.971958432690208, ""avg_fee_drag_r"": 0.1175588393876712, ""avg_mae_r"": 1.2221648878601472, ""avg_mfe_r"": 3.145426131513993, ""avg_r_loss"": -1.3745235143265335, ""avg_r_win"": 3.6518001439845498, ""avg_slippage_drag_r"": 0.0587820298087945, ""avg_spread_drag_r"": NaN, ""bucket"": ""entry_state_spread_proxy_pctile_b2__entry_state_funding_pctile_b0"", ""cost_drag_to_ev_ratio"": 0.3137396363689325, ""dataset_type"": ""stable"", ""ev_r_gross"": 0.4922607442800366, ""ev_r_net"": 0.3747019048923609, ""experiment_id"": ""36021d7e-455c-4270-b3ab-ec633b06cb05"", ""experiment_root"": ""outputs/tier2/l1_h11a_parallel_stable"", ""finding_score"": 2.658391662553834, ""finding_type"": ""FUNDING_EXTREME_EDGE_STATE"", ""hypothesis_id"": ""4f534213-d8ba-48e0-87ce-9b2985954148"", ""hypothesis_name"": ""l1_h11a_stable"", ""max_r"": 28.664174200438, ""median_mae_r"": 1.117931307232, ""median_mfe_r"": 1.368170651934, ""median_r_net"": -0.804292900741, ""min_r"": -4.936881090463, ""n_trades"": 931, ""p25_r"": -1.579348688121, ""p75_r"": 0.9405713610535, ""p95_r"": 6.471078971227, ""p99_r"": 11.450208989068004, ""payoff_ratio"": 2.656775315898323, ""sample_score"": 6.837332814685591, ""state_variable"": ""liquidity_x_funding"", ""tail_10r_count"": 10, ""tail_10r_rate"": 0.0107411385606874, ""tail_2r_count"": 180, ""tail_2r_rate"": 0.1933404940923738, ""tail_3r_count"": 133, ""tail_3r_rate"": 0.1428571428571428, ""tail_5r_count"": 78, ""tail_5r_rate"": 0.0837808807733619, ""weak_sample"": false, ""win_rate"": 0.3480128893662728}",research/state_findings/tier2/l1_h11a_combined_state_findings.csv,2026-06-23T01:08:35+00:00
6640d9b24172b708d27754afe9bdc489c208018c,entry_state_crowding_proxy_pctile,entry_state_crowding_proxy_pctile_b1,,,l1_h11a_volatile,volatile,,4770,0.3739809857,0.4037771,,3.8491780291,10.0566904446,410.3856659196,-10.423768001,0.0725366876,0.0329140461,0.0100628931,3.0027807063,1.2588952586,-3.727300403,0.0297961143,EXIT_FAILURE_STATE,,"{""avg_cost_drag_r"": 0.0297961143, ""avg_exit_efficiency"": -3.727300403, ""avg_fee_drag_r"": 0.0297961143, ""avg_mae_r"": 1.2588952586, ""avg_mfe_r"": 3.0027807063, ""avg_r_loss"": -1.2447810346, ""avg_r_win"": 3.3816388795, ""avg_slippage_drag_r"": 0.0148996229, ""avg_spread_drag_r"": null, ""bucket"": ""entry_state_crowding_proxy_pctile_b1"", ""cost_drag_to_ev_ratio"": 0.0796728053, ""dataset_type"": ""volatile"", ""ev_r_gross"": 0.4037771, ""ev_r_net"": 0.3739809857, ""experiment_id"": ""b59f82c3-ea8b-4ae2-b31e-b59e5497824e"", ""experiment_root"": ""outputs/tier2/l1_h11a_parallel_vol"", ""finding_score"": 6.7300811092, ""finding_type"": ""EXIT_FAILURE_STATE"", ""hypothesis_id"": ""4f534213-d8ba-48e0-87ce-9b2985954148"", ""hypothesis_name"": ""l1_h11a_volatile"", ""max_r"": 410.3856659196, ""median_mae_r"": 1.0459605883, ""median_mfe_r"": 1.1829941923, ""median_r_net"": -0.594925955, ""min_r"": -10.423768001, ""n_trades"": 4770, ""p25_r"": -1.2734416144, ""p75_r"": 0.5966243013, ""p95_r"": 3.8491780291, ""p99_r"": 10.0566904446, ""payoff_ratio"": 2.7166536006, ""sample_score"": 8.4703112055, ""state_variable"": ""entry_state_crowding_proxy_pctile"", ""tail_10r_count"": 48, ""tail_10r_rate"": 0.0100628931, ""tail_2r_count"": 551, ""tail_2r_rate"": 0.1155136268, ""tail_3r_count"": 346, ""tail_3r_rate"": 0.0725366876, ""tail_5r_count"": 157, ""tail_5r_rate"": 0.0329140461, ""weak_sample"": false, ""win_rate"": 0.3498951782}",research/state_findings/tier2/l1_h11a_combined_state_findings.json,2026-06-23T01:08:35+00:00
e2b24f325493f61bb22501e7eb534de568c1c2ca,entry_state_crowding_proxy_pctile,entry_state_crowding_proxy_pctile_b1,,,l1_h11a_volatile,volatile,,4770,0.3739809856978695,0.4037770999574438,,3.849178029142655,10.056690444634954,410.385665919574,-10.423768000982,0.0725366876310272,0.0329140461215932,0.010062893081761,3.0027807062704164,1.2588952585975974,-3.727300402965668,0.0297961142595742,EXIT_FAILURE_STATE,,"{""avg_cost_drag_r"": 0.0297961142595742, ""avg_exit_efficiency"": -3.727300402965668, ""avg_fee_drag_r"": 0.0297961142595663, ""avg_mae_r"": 1.2588952585975974, ""avg_mfe_r"": 3.0027807062704164, ""avg_r_loss"": -1.2447810345597838, ""avg_r_win"": 3.381638879537883, ""avg_slippage_drag_r"": 0.0148996229258965, ""avg_spread_drag_r"": NaN, ""bucket"": ""entry_state_crowding_proxy_pctile_b1"", ""cost_drag_to_ev_ratio"": 0.0796728053004432, ""dataset_type"": ""volatile"", ""ev_r_gross"": 0.4037770999574438, ""ev_r_net"": 0.3739809856978695, ""experiment_id"": ""b59f82c3-ea8b-4ae2-b31e-b59e5497824e"", ""experiment_root"": ""outputs/tier2/l1_h11a_parallel_vol"", ""finding_score"": 6.730081109236084, ""finding_type"": ""EXIT_FAILURE_STATE"", ""hypothesis_id"": ""4f534213-d8ba-48e0-87ce-9b2985954148"", ""hypothesis_name"": ""l1_h11a_volatile"", ""max_r"": 410.385665919574, ""median_mae_r"": 1.045960588274, ""median_mfe_r"": 1.182994192321, ""median_r_net"": -0.594925954999, ""min_r"": -10.423768000982, ""n_trades"": 4770, ""p25_r"": -1.27344161444725, ""p75_r"": 0.596624301333, ""p95_r"": 3.849178029142655, ""p99_r"": 10.056690444634954, ""payoff_ratio"": 2.716653600634105, ""sample_score"": 8.470311205516108, ""state_variable"": ""entry_state_crowding_proxy_pctile"", ""tail_10r_count"": 48, ""tail_10r_rate"": 0.010062893081761, ""tail_2r_count"": 551, ""tail_2r_rate"": 0.1155136268343815, ""tail_3r_count"": 346, ""tail_3r_rate"": 0.0725366876310272, ""tail_5r_count"": 157, ""tail_5r_rate"": 0.0329140461215932, ""weak_sample"": false, ""win_rate"": 0.349895178197065}",research/state_findings/tier2/l1_h11a_combined_state_findings.csv,2026-06-23T01:08:35+00:00
5f322bcf1569f69b51c48dc3ca6e606298762b74,entry_state_funding_regime,funding_negative,,,l1_h11a_volatile,volatile,,1863,0.3439540376,0.3754392207,,3.6531720748,8.647229858,410.3856659196,-10.423768001,0.0735373054,0.0257648953,0.0053676865,2.7620709556,1.2836785498,-3.6355177632,0.0314851831,FUNDING_EXTREME_EDGE_STATE,,"{""avg_cost_drag_r"": 0.0314851831, ""avg_exit_efficiency"": -3.6355177632, ""avg_fee_drag_r"": 0.0314851831, ""avg_mae_r"": 1.2836785498, ""avg_mfe_r"": 2.7620709556, ""avg_r_loss"": -1.2693252298, ""avg_r_win"": 3.150585469, ""avg_slippage_drag_r"": 0.0157440418, ""avg_spread_drag_r"": null, ""bucket"": ""funding_negative"", ""cost_drag_to_ev_ratio"": 0.0915389257, ""dataset_type"": ""volatile"", ""ev_r_gross"": 0.3754392207, ""ev_r_net"": 0.3439540376, ""experiment_id"": ""b59f82c3-ea8b-4ae2-b31e-b59e5497824e"", ""experiment_root"": ""outputs/tier2/l1_h11a_parallel_vol"", ""finding_score"": 2.6369299559, ""finding_type"": ""FUNDING_EXTREME_EDGE_STATE"", ""hypothesis_id"": ""4f534213-d8ba-48e0-87ce-9b2985954148"", ""hypothesis_name"": ""l1_h11a_volatile"", ""max_r"": 410.3856659196, ""median_mae_r"": 1.0691640152, ""median_mfe_r"": 1.2117659344, ""median_r_net"": -0.608877035, ""min_r"": -10.423768001, ""n_trades"": 1863, ""p25_r"": -1.2694183155, ""p75_r"": 0.693680632, ""p95_r"": 3.6531720748, ""p99_r"": 8.647229858, ""payoff_ratio"": 2.4820947343, ""sample_score"": 7.5304799952, ""state_variable"": ""entry_state_funding_regime"", ""tail_10r_count"": 10, ""tail_10r_rate"": 0.0053676865, ""tail_2r_count"": 228, ""tail_2r_rate"": 0.1223832528, ""tail_3r_count"": 137, ""tail_3r_rate"": 0.0735373054, ""tail_5r_count"": 48, ""tail_5r_rate"": 0.0257648953, ""weak_sample"": false, ""win_rate"": 0.3650026838}",research/state_findings/tier2/l1_h11a_combined_state_findings.json,2026-06-23T01:08:35+00:00
9d7f32723fb099d6daa084dfcbc265b3de3469e4,entry_state_funding_regime,funding_negative,,,l1_h11a_volatile,volatile,,1863,0.3439540375948438,0.3754392207034546,,3.6531720748134,8.64722985804042,410.385665919574,-10.423768000982,0.0735373054213633,0.0257648953301127,0.0053676865271068,2.762070955648839,1.283678549820995,-3.635517763229748,0.0314851831086108,FUNDING_EXTREME_EDGE_STATE,,"{""avg_cost_drag_r"": 0.0314851831086108, ""avg_exit_efficiency"": -3.635517763229748, ""avg_fee_drag_r"": 0.0314851831086063, ""avg_mae_r"": 1.283678549820995, ""avg_mfe_r"": 2.762070955648839, ""avg_r_loss"": -1.2693252298026634, ""avg_r_win"": 3.150585468964331, ""avg_slippage_drag_r"": 0.0157440418495099, ""avg_spread_drag_r"": NaN, ""bucket"": ""funding_negative"", ""cost_drag_to_ev_ratio"": 0.0915389257494293, ""dataset_type"": ""volatile"", ""ev_r_gross"": 0.3754392207034546, ""ev_r_net"": 0.3439540375948438, ""experiment_id"": ""b59f82c3-ea8b-4ae2-b31e-b59e5497824e"", ""experiment_root"": ""outputs/tier2/l1_h11a_parallel_vol"", ""finding_score"": 2.636929955878392, ""finding_type"": ""FUNDING_EXTREME_EDGE_STATE"", ""hypothesis_id"": ""4f534213-d8ba-48e0-87ce-9b2985954148"", ""hypothesis_name"": ""l1_h11a_volatile"", ""max_r"": 410.385665919574, ""median_mae_r"": 1.069164015177, ""median_mfe_r"": 1.211765934356, ""median_r_net"": -0.608877034976, ""min_r"": -10.423768000982, ""n_trades"": 1863, ""p25_r"": -1.269418315499, ""p75_r"": 0.69368063196, ""p95_r"": 3.6531720748134, ""p99_r"": 8.64722985804042, ""payoff_ratio"": 2.4820947342661257, ""sample_score"": 7.530479995245536, ""state_variable"": ""entry_state_funding_regime"", ""tail_10r_count"": 10, ""tail_10r_rate"": 0.0053676865271068, ""tail_2r_count"": 228, ""tail_2r_rate"": 0.1223832528180354, ""tail_3r_count"": 137, ""tail_3r_rate"": 0.0735373054213633, ""tail_5r_count"": 48, ""tail_5r_rate"": 0.0257648953301127, ""weak_sample"": false, ""win_rate"": 0.3650026838432635}",research/state_findings/tier2/l1_h11a_combined_state_findings.csv,2026-06-23T01:08:35+00:00
08d8a08cfb240de04ca8c6d8f6aacfb638592501,vol_x_liquidity,entry_state_vol_pctile_b0__entry_state_spread_proxy_pctile_b2,,,l1_h11a_volatile,volatile,,1615,0.33409558,0.3667305482,,4.1501140753,9.8946916367,399.0305173926,-16.993546427,0.0730650155,0.0377708978,0.0099071207,3.1198446256,1.3206596273,-57.2330498525,0.0326349682,EXIT_FAILURE_STATE,,"{""avg_cost_drag_r"": 0.0326349682, ""avg_exit_efficiency"": -57.2330498525, ""avg_fee_drag_r"": 0.0326349682, ""avg_mae_r"": 1.3206596273, ""avg_mfe_r"": 3.1198446256, ""avg_r_loss"": -1.2626138533, ""avg_r_win"": 3.5127300998, ""avg_slippage_drag_r"": 0.0163187499, ""avg_spread_drag_r"": null, ""bucket"": ""entry_state_vol_pctile_b0__entry_state_spread_proxy_pctile_b2"", ""cost_drag_to_ev_ratio"": 0.0976815324, ""dataset_type"": ""volatile"", ""ev_r_gross"": 0.3667305482, ""ev_r_net"": 0.33409558, ""experiment_id"": ""b59f82c3-ea8b-4ae2-b31e-b59e5497824e"", ""experiment_root"": ""outputs/tier2/l1_h11a_parallel_vol"", ""finding_score"": 60.3528944781, ""finding_type"": ""EXIT_FAILURE_STATE"", ""hypothesis_id"": ""4f534213-d8ba-48e0-87ce-9b2985954148"", ""hypothesis_name"": ""l1_h11a_volatile"", ""max_r"": 399.0305173926, ""median_mae_r"": 1.0747425525, ""median_mfe_r"": 1.3476818436, ""median_r_net"": -0.6164310057, ""min_r"": -16.993546427, ""n_trades"": 1615, ""p25_r"": -1.2941110994, ""p75_r"": 0.470456827, ""p95_r"": 4.1501140753, ""p99_r"": 9.8946916367, ""payoff_ratio"": 2.7821095822, ""sample_score"": 7.3877092391, ""state_variable"": ""vol_x_liquidity"", ""tail_10r_count"": 16, ""tail_10r_rate"": 0.0099071207, ""tail_2r_count"": 175, ""tail_2r_rate"": 0.1083591331, ""tail_3r_count"": 118, ""tail_3r_rate"": 0.0730650155, ""tail_5r_count"": 61, ""tail_5r_rate"": 0.0377708978, ""weak_sample"": false, ""win_rate"": 0.3343653251}",research/state_findings/tier2/l1_h11a_combined_state_findings.json,2026-06-23T01:08:35+00:00
900c5b0668ae4e0eb92c8172abfab7bf09ca1d5a,vol_x_liquidity,entry_state_vol_pctile_b0__entry_state_spread_proxy_pctile_b2,,,l1_h11a_volatile,volatile,,1615,0.3340955799561603,0.3667305481854216,,4.150114075264497,9.894691636656784,399.030517392628,-16.993546426977,0.0730650154798761,0.0377708978328173,0.009907120743034,3.1198446255848045,1.320659627311621,-57.23304985250464,0.0326349682292613,EXIT_FAILURE_STATE,,"{""avg_cost_drag_r"": 0.0326349682292613, ""avg_exit_efficiency"": -57.23304985250464, ""avg_fee_drag_r"": 0.0326349682292635, ""avg_mae_r"": 1.320659627311621, ""avg_mfe_r"": 3.1198446255848045, ""avg_r_loss"": -1.262613853279419, ""avg_r_win"": 3.512730099823287, ""avg_slippage_drag_r"": 0.0163187498593233, ""avg_spread_drag_r"": NaN, ""bucket"": ""entry_state_vol_pctile_b0__entry_state_spread_proxy_pctile_b2"", ""cost_drag_to_ev_ratio"": 0.0976815324331546, ""dataset_type"": ""volatile"", ""ev_r_gross"": 0.3667305481854216, ""ev_r_net"": 0.3340955799561603, ""experiment_id"": ""b59f82c3-ea8b-4ae2-b31e-b59e5497824e"", ""experiment_root"": ""outputs/tier2/l1_h11a_parallel_vol"", ""finding_score"": 60.35289447808944, ""finding_type"": ""EXIT_FAILURE_STATE"", ""hypothesis_id"": ""4f534213-d8ba-48e0-87ce-9b2985954148"", ""hypothesis_name"": ""l1_h11a_volatile"", ""max_r"": 399.030517392628, ""median_mae_r"": 1.074742552488, ""median_mfe_r"": 1.347681843552, ""median_r_net"": -0.616431005663, ""min_r"": -16.993546426977, ""n_trades"": 1615, ""p25_r"": -1.2941110993735, ""p75_r"": 0.470456826984, ""p95_r"": 4.150114075264497, ""p99_r"": 9.894691636656784, ""payoff_ratio"": 2.7821095821969504, ""sample_score"": 7.38770923908104, ""state_variable"": ""vol_x_liquidity"", ""tail_10r_count"": 16, ""tail_10r_rate"": 0.009907120743034, ""tail_2r_count"": 175, ""tail_2r_rate"": 0.1083591331269349, ""tail_3r_count"": 118, ""tail_3r_rate"": 0.0730650154798761, ""tail_5r_count"": 61, ""tail_5r_rate"": 0.0377708978328173, ""weak_sample"": false, ""win_rate"": 0.3343653250773993}",research/state_findings/tier2/l1_h11a_combined_exit_failure_states.csv,2026-06-23T01:08:35+00:00
0e98e0801e81897732c30f33e13d14e24b40b37b,vol_x_liquidity,entry_state_vol_pctile_b0__entry_state_spread_proxy_pctile_b2,,,l1_h11a_volatile,volatile,,1615,0.3340955799561603,0.3667305481854216,,4.150114075264497,9.894691636656784,399.030517392628,-16.993546426977,0.0730650154798761,0.0377708978328173,0.009907120743034,3.1198446255848045,1.320659627311621,-57.23304985250464,0.0326349682292613,EXIT_FAILURE_STATE,,"{""avg_cost_drag_r"": 0.0326349682292613, ""avg_exit_efficiency"": -57.23304985250464, ""avg_fee_drag_r"": 0.0326349682292635, ""avg_mae_r"": 1.320659627311621, ""avg_mfe_r"": 3.1198446255848045, ""avg_r_loss"": -1.262613853279419, ""avg_r_win"": 3.512730099823287, ""avg_slippage_drag_r"": 0.0163187498593233, ""avg_spread_drag_r"": NaN, ""bucket"": ""entry_state_vol_pctile_b0__entry_state_spread_proxy_pctile_b2"", ""cost_drag_to_ev_ratio"": 0.0976815324331546, ""dataset_type"": ""volatile"", ""ev_r_gross"": 0.3667305481854216, ""ev_r_net"": 0.3340955799561603, ""experiment_id"": ""b59f82c3-ea8b-4ae2-b31e-b59e5497824e"", ""experiment_root"": ""outputs/tier2/l1_h11a_parallel_vol"", ""finding_score"": 60.35289447808944, ""finding_type"": ""EXIT_FAILURE_STATE"", ""hypothesis_id"": ""4f534213-d8ba-48e0-87ce-9b2985954148"", ""hypothesis_name"": ""l1_h11a_volatile"", ""max_r"": 399.030517392628, ""median_mae_r"": 1.074742552488, ""median_mfe_r"": 1.347681843552, ""median_r_net"": -0.616431005663, ""min_r"": -16.993546426977, ""n_trades"": 1615, ""p25_r"": -1.2941110993735, ""p75_r"": 0.470456826984, ""p95_r"": 4.150114075264497, ""p99_r"": 9.894691636656784, ""payoff_ratio"": 2.7821095821969504, ""sample_score"": 7.38770923908104, ""state_variable"": ""vol_x_liquidity"", ""tail_10r_count"": 16, ""tail_10r_rate"": 0.009907120743034, ""tail_2r_count"": 175, ""tail_2r_rate"": 0.1083591331269349, ""tail_3r_count"": 118, ""tail_3r_rate"": 0.0730650154798761, ""tail_5r_count"": 61, ""tail_5r_rate"": 0.0377708978328173, ""weak_sample"": false, ""win_rate"": 0.3343653250773993}",research/state_findings/tier2/l1_h11a_combined_state_findings.csv,2026-06-23T01:08:35+00:00
ac88221ea4f8f01b2d757755afeb728500af533d,funding_x_basis,entry_state_funding_pctile_b2__entry_state_basis_pctile_b0,,,l1_h11a_volatile,volatile,,674,0.3181718884039615,0.3507880357043308,,4.354945790827,19.47686239953001,36.912369542529,-4.127699999159,0.0741839762611275,0.0474777448071216,0.0148367952522255,2.883763423119994,1.2386649055445935,-6.104100480708086,0.0326161473003694,FUNDING_EXTREME_EDGE_STATE,,"{""avg_cost_drag_r"": 0.0326161473003694, ""avg_exit_efficiency"": -6.104100480708086, ""avg_fee_drag_r"": 0.0326161473003607, ""avg_mae_r"": 1.2386649055445935, ""avg_mfe_r"": 2.883763423119994, ""avg_r_loss"": -1.2096734528490165, ""avg_r_win"": 3.0280539545769383, ""avg_slippage_drag_r"": 0.0163134635856816, ""avg_spread_drag_r"": NaN, ""bucket"": ""entry_state_funding_pctile_b2__entry_state_basis_pctile_b0"", ""cost_drag_to_ev_ratio"": 0.1025110906685725, ""dataset_type"": ""volatile"", ""ev_r_gross"": 0.3507880357043308, ""ev_r_net"": 0.3181718884039615, ""experiment_id"": ""b59f82c3-ea8b-4ae2-b31e-b59e5497824e"", ""experiment_root"": ""outputs/tier2/l1_h11a_parallel_vol"", ""finding_score"": 2.1410600985516672, ""finding_type"": ""FUNDING_EXTREME_EDGE_STATE"", ""hypothesis_id"": ""4f534213-d8ba-48e0-87ce-9b2985954148"", ""hypothesis_name"": ""l1_h11a_volatile"", ""max_r"": 36.912369542529, ""median_mae_r"": 1.025083157021, ""median_mfe_r"": 1.346036505428, ""median_r_net"": -0.544082872803, ""min_r"": -4.127699999159, ""n_trades"": 674, ""p25_r"": -1.319100779193, ""p75_r"": 0.717021692505, ""p95_r"": 4.354945790827, ""p99_r"": 19.47686239953001, ""payoff_ratio"": 2.503199477053317, ""sample_score"": 6.51471269087253, ""state_variable"": ""funding_x_basis"", ""tail_10r_count"": 10, ""tail_10r_rate"": 0.0148367952522255, ""tail_2r_count"": 76, ""tail_2r_rate"": 0.1127596439169139, ""tail_3r_count"": 50, ""tail_3r_rate"": 0.0741839762611275, ""tail_5r_count"": 32, ""tail_5r_rate"": 0.0474777448071216, ""weak_sample"": false, ""win_rate"": 0.3605341246290801}",research/state_findings/tier2/l1_h11a_combined_state_findings.csv,2026-06-23T01:08:35+00:00
357a1dcf9f450c91493f026a51e5bfb32628e5bb,funding_x_basis,entry_state_funding_pctile_b2__entry_state_basis_pctile_b0,,,l1_h11a_volatile,volatile,,674,0.3181718884,0.3507880357,,4.3549457908,19.4768623995,36.9123695425,-4.1276999992,0.0741839763,0.0474777448,0.0148367953,2.8837634231,1.2386649055,-6.1041004807,0.0326161473,FUNDING_EXTREME_EDGE_STATE,,"{""avg_cost_drag_r"": 0.0326161473, ""avg_exit_efficiency"": -6.1041004807, ""avg_fee_drag_r"": 0.0326161473, ""avg_mae_r"": 1.2386649055, ""avg_mfe_r"": 2.8837634231, ""avg_r_loss"": -1.2096734528, ""avg_r_win"": 3.0280539546, ""avg_slippage_drag_r"": 0.0163134636, ""avg_spread_drag_r"": null, ""bucket"": ""entry_state_funding_pctile_b2__entry_state_basis_pctile_b0"", ""cost_drag_to_ev_ratio"": 0.1025110907, ""dataset_type"": ""volatile"", ""ev_r_gross"": 0.3507880357, ""ev_r_net"": 0.3181718884, ""experiment_id"": ""b59f82c3-ea8b-4ae2-b31e-b59e5497824e"", ""experiment_root"": ""outputs/tier2/l1_h11a_parallel_vol"", ""finding_score"": 2.1410600986, ""finding_type"": ""FUNDING_EXTREME_EDGE_STATE"", ""hypothesis_id"": ""4f534213-d8ba-48e0-87ce-9b2985954148"", ""hypothesis_name"": ""l1_h11a_volatile"", ""max_r"": 36.9123695425, ""median_mae_r"": 1.025083157, ""median_mfe_r"": 1.3460365054, ""median_r_net"": -0.5440828728, ""min_r"": -4.1276999992, ""n_trades"": 674, ""p25_r"": -1.3191007792, ""p75_r"": 0.7170216925, ""p95_r"": 4.3549457908, ""p99_r"": 19.4768623995, ""payoff_ratio"": 2.5031994771, ""sample_score"": 6.5147126909, ""state_variable"": ""funding_x_basis"", ""tail_10r_count"": 10, ""tail_10r_rate"": 0.0148367953, ""tail_2r_count"": 76, ""tail_2r_rate"": 0.1127596439, ""tail_3r_count"": 50, ""tail_3r_rate"": 0.0741839763, ""tail_5r_count"": 32, ""tail_5r_rate"": 0.0474777448, ""weak_sample"": false, ""win_rate"": 0.3605341246}",research/state_findings/tier2/l1_h11a_combined_state_findings.json,2026-06-23T01:08:35+00:00
0e99b661d90d3e142e4b3fd6a8828bbffce5a461,liquidity_x_funding,entry_state_spread_proxy_pctile_b3__entry_state_funding_pctile_b2,,,,,,561,0.3100877432607704,,,,,,,,,,,,,,,,"{""bucket"": ""entry_state_spread_proxy_pctile_b3__entry_state_funding_pctile_b2"", ""ev_r_net"": 0.3100877432607704, ""n_datasets"": 2, ""n_hypotheses"": 1, ""n_trades"": 561, ""state_variable"": ""liquidity_x_funding"", ""tail_5r_count"": 41}",research/state_findings/tier2/l1_h11a_combined_cross_state_aggregate.csv,2026-06-23T01:08:35+00:00
7db3f49545ea3c291b2563059f6d5fc498a67a06,vol_x_liquidity,entry_state_vol_pctile_b3__entry_state_spread_proxy_pctile_b1,,,,,,1829,0.29858463032816,,,,,,,,,,,,,,,,"{""bucket"": ""entry_state_vol_pctile_b3__entry_state_spread_proxy_pctile_b1"", ""ev_r_net"": 0.29858463032816, ""n_datasets"": 2, ""n_hypotheses"": 1, ""n_trades"": 1829, ""state_variable"": ""vol_x_liquidity"", ""tail_5r_count"": 71}",research/state_findings/tier2/l1_h11a_combined_cross_state_aggregate.csv,2026-06-23T01:08:35+00:00
9904c7ff2e1b9169b99899e42f6508da371d061a,csi_x_vol,entry_state_csi_pctile_b0__entry_state_vol_pctile_b3,,,l1_h11a_stable,stable,,143,0.2943410110307972,0.3877368622900279,,3.007855753477201,27.724773967099345,27.73171903314,-3.354653497885,0.0559440559440559,0.0489510489510489,0.0349650349650349,2.702379897324168,1.2820592484524196,-2.4102436117346886,0.0933958512592307,EXIT_FAILURE_STATE,,"{""avg_cost_drag_r"": 0.0933958512592307, ""avg_exit_efficiency"": -2.4102436117346886, ""avg_fee_drag_r"": 0.0933958512592334, ""avg_mae_r"": 1.2820592484524196, ""avg_mfe_r"": 2.702379897324168, ""avg_r_loss"": -1.2511244904331151, ""avg_r_win"": 4.415582348267898, ""avg_slippage_drag_r"": 0.0467108273997031, ""avg_spread_drag_r"": NaN, ""bucket"": ""entry_state_csi_pctile_b0__entry_state_vol_pctile_b3"", ""cost_drag_to_ev_ratio"": 0.3173049210239299, ""dataset_type"": ""stable"", ""ev_r_gross"": 0.3877368622900279, ""ev_r_net"": 0.2943410110307972, ""experiment_id"": ""36021d7e-455c-4270-b3ab-ec633b06cb05"", ""experiment_root"": ""outputs/tier2/l1_h11a_parallel_stable"", ""finding_score"": 5.1126235090588565, ""finding_type"": ""EXIT_FAILURE_STATE"", ""hypothesis_id"": ""4f534213-d8ba-48e0-87ce-9b2985954148"", ""hypothesis_name"": ""l1_h11a_stable"", ""max_r"": 27.73171903314, ""median_mae_r"": 0.909834747867, ""median_mfe_r"": 1.534551440056, ""median_r_net"": -0.562234982955, ""min_r"": -3.354653497885, ""n_trades"": 143, ""p25_r"": -1.881348152853, ""p75_r"": 0.672178983519, ""p95_r"": 3.007855753477201, ""p99_r"": 27.724773967099345, ""payoff_ratio"": 3.5292909554822227, ""sample_score"": 4.969813299576001, ""state_variable"": ""csi_x_vol"", ""tail_10r_count"": 5, ""tail_10r_rate"": 0.0349650349650349, ""tail_2r_count"": 24, ""tail_2r_rate"": 0.1678321678321678, ""tail_3r_count"": 8, ""tail_3r_rate"": 0.0559440559440559, ""tail_5r_count"": 7, ""tail_5r_rate"": 0.0489510489510489, ""weak_sample"": false, ""win_rate"": 0.2727272727272727}",research/state_findings/tier2/l1_h11a_combined_state_findings.csv,2026-06-23T01:08:35+00:00
9703842d3860f5f9a04394ac0392f73269d8d46a,csi_x_vol,entry_state_csi_pctile_b0__entry_state_vol_pctile_b3,,,l1_h11a_stable,stable,,143,0.294341011,0.3877368623,,3.0078557535,27.7247739671,27.7317190331,-3.3546534979,0.0559440559,0.048951049,0.034965035,2.7023798973,1.2820592485,-2.4102436117,0.0933958513,EXIT_FAILURE_STATE,,"{""avg_cost_drag_r"": 0.0933958513, ""avg_exit_efficiency"": -2.4102436117, ""avg_fee_drag_r"": 0.0933958513, ""avg_mae_r"": 1.2820592485, ""avg_mfe_r"": 2.7023798973, ""avg_r_loss"": -1.2511244904, ""avg_r_win"": 4.4155823483, ""avg_slippage_drag_r"": 0.0467108274, ""avg_spread_drag_r"": null, ""bucket"": ""entry_state_csi_pctile_b0__entry_state_vol_pctile_b3"", ""cost_drag_to_ev_ratio"": 0.317304921, ""dataset_type"": ""stable"", ""ev_r_gross"": 0.3877368623, ""ev_r_net"": 0.294341011, ""experiment_id"": ""36021d7e-455c-4270-b3ab-ec633b06cb05"", ""experiment_root"": ""outputs/tier2/l1_h11a_parallel_stable"", ""finding_score"": 5.1126235091, ""finding_type"": ""EXIT_FAILURE_STATE"", ""hypothesis_id"": ""4f534213-d8ba-48e0-87ce-9b2985954148"", ""hypothesis_name"": ""l1_h11a_stable"", ""max_r"": 27.7317190331, ""median_mae_r"": 0.9098347479, ""median_mfe_r"": 1.5345514401, ""median_r_net"": -0.562234983, ""min_r"": -3.3546534979, ""n_trades"": 143, ""p25_r"": -1.8813481529, ""p75_r"": 0.6721789835, ""p95_r"": 3.0078557535, ""p99_r"": 27.7247739671, ""payoff_ratio"": 3.5292909555, ""sample_score"": 4.9698132996, ""state_variable"": ""csi_x_vol"", ""tail_10r_count"": 5, ""tail_10r_rate"": 0.034965035, ""tail_2r_count"": 24, ""tail_2r_rate"": 0.1678321678, ""tail_3r_count"": 8, ""tail_3r_rate"": 0.0559440559, ""tail_5r_count"": 7, ""tail_5r_rate"": 0.048951049, ""weak_sample"": false, ""win_rate"": 0.2727272727}",research/state_findings/tier2/l1_h11a_combined_state_findings.json,2026-06-23T01:08:35+00:00
0a06842463ecfe7a4cb817eab98376b236a7c66e,csi_x_funding,entry_state_csi_pctile_b1__entry_state_funding_pctile_b2,,,l1_h11a_volatile,volatile,,775,0.2923449371369251,0.3248517372343483,,4.189724977773295,16.343040405025665,36.912369542529,-5.01284672491,0.0774193548387096,0.0464516129032258,0.0180645161290322,2.525286174578666,1.1963002955115702,-3.5646672076256656,0.0325068000974232,FUNDING_EXTREME_EDGE_STATE,,"{""avg_cost_drag_r"": 0.0325068000974232, ""avg_exit_efficiency"": -3.5646672076256656, ""avg_fee_drag_r"": 0.0325068000974059, ""avg_mae_r"": 1.1963002955115702, ""avg_mfe_r"": 2.525286174578666, ""avg_r_loss"": -1.171622697566678, ""avg_r_win"": 3.0936965388817894, ""avg_slippage_drag_r"": 0.0162564247837655, ""avg_spread_drag_r"": NaN, ""bucket"": ""entry_state_csi_pctile_b1__entry_state_funding_pctile_b2"", ""cost_drag_to_ev_ratio"": 0.1111933061532653, ""dataset_type"": ""volatile"", ""ev_r_gross"": 0.3248517372343483, ""ev_r_net"": 0.2923449371369251, ""experiment_id"": ""b59f82c3-ea8b-4ae2-b31e-b59e5497824e"", ""experiment_root"": ""outputs/tier2/l1_h11a_parallel_vol"", ""finding_score"": 2.014215690486344, ""finding_type"": ""FUNDING_EXTREME_EDGE_STATE"", ""hypothesis_id"": ""4f534213-d8ba-48e0-87ce-9b2985954148"", ""hypothesis_name"": ""l1_h11a_volatile"", ""max_r"": 36.912369542529, ""median_mae_r"": 1.000426366094, ""median_mfe_r"": 1.011125515164, ""median_r_net"": -0.595861663532, ""min_r"": -5.01284672491, ""n_trades"": 775, ""p25_r"": -1.236877381089, ""p75_r"": 0.5837547082545, ""p95_r"": 4.189724977773295, ""p99_r"": 16.343040405025665, ""payoff_ratio"": 2.640522879342498, ""sample_score"": 6.654152520183219, ""state_variable"": ""csi_x_funding"", ""tail_10r_count"": 14, ""tail_10r_rate"": 0.0180645161290322, ""tail_2r_count"": 92, ""tail_2r_rate"": 0.1187096774193548, ""tail_3r_count"": 60, ""tail_3r_rate"": 0.0774193548387096, ""tail_5r_count"": 36, ""tail_5r_rate"": 0.0464516129032258, ""weak_sample"": false, ""win_rate"": 0.3432258064516129}",research/state_findings/tier2/l1_h11a_combined_state_findings.csv,2026-06-23T01:08:35+00:00
c1b873c5256f1a4bfd3396cd4561f2953af4bf82,csi_x_funding,entry_state_csi_pctile_b1__entry_state_funding_pctile_b2,,,l1_h11a_volatile,volatile,,775,0.2923449371,0.3248517372,,4.1897249778,16.343040405,36.9123695425,-5.0128467249,0.0774193548,0.0464516129,0.0180645161,2.5252861746,1.1963002955,-3.5646672076,0.0325068001,FUNDING_EXTREME_EDGE_STATE,,"{""avg_cost_drag_r"": 0.0325068001, ""avg_exit_efficiency"": -3.5646672076, ""avg_fee_drag_r"": 0.0325068001, ""avg_mae_r"": 1.1963002955, ""avg_mfe_r"": 2.5252861746, ""avg_r_loss"": -1.1716226976, ""avg_r_win"": 3.0936965389, ""avg_slippage_drag_r"": 0.0162564248, ""avg_spread_drag_r"": null, ""bucket"": ""entry_state_csi_pctile_b1__entry_state_funding_pctile_b2"", ""cost_drag_to_ev_ratio"": 0.1111933062, ""dataset_type"": ""volatile"", ""ev_r_gross"": 0.3248517372, ""ev_r_net"": 0.2923449371, ""experiment_id"": ""b59f82c3-ea8b-4ae2-b31e-b59e5497824e"", ""experiment_root"": ""outputs/tier2/l1_h11a_parallel_vol"", ""finding_score"": 2.0142156905, ""finding_type"": ""FUNDING_EXTREME_EDGE_STATE"", ""hypothesis_id"": ""4f534213-d8ba-48e0-87ce-9b2985954148"", ""hypothesis_name"": ""l1_h11a_volatile"", ""max_r"": 36.9123695425, ""median_mae_r"": 1.0004263661, ""median_mfe_r"": 1.0111255152, ""median_r_net"": -0.5958616635, ""min_r"": -5.0128467249, ""n_trades"": 775, ""p25_r"": -1.2368773811, ""p75_r"": 0.5837547083, ""p95_r"": 4.1897249778, ""p99_r"": 16.343040405, ""payoff_ratio"": 2.6405228793, ""sample_score"": 6.6541525202, ""state_variable"": ""csi_x_funding"", ""tail_10r_count"": 14, ""tail_10r_rate"": 0.0180645161, ""tail_2r_count"": 92, ""tail_2r_rate"": 0.1187096774, ""tail_3r_count"": 60, ""tail_3r_rate"": 0.0774193548, ""tail_5r_count"": 36, ""tail_5r_rate"": 0.0464516129, ""weak_sample"": false, ""win_rate"": 0.3432258065}",research/state_findings/tier2/l1_h11a_combined_state_findings.json,2026-06-23T01:08:35+00:00
bd04047aeb1ceba3ead4d9e61fb3f8eac7d778a3,vol_x_liquidity,entry_state_vol_pctile_b1__entry_state_spread_proxy_pctile_b2,,,l1_h11a_volatile,volatile,,2630,0.2899535191239281,0.3228167296548407,,3.998316198485448,9.189732907545,202.497290222618,-10.081717647244,0.0688212927756654,0.0372623574144486,0.0083650190114068,3.009251518245513,1.2816479108581176,-4.3401694261328405,0.0328632105309125,EXIT_FAILURE_STATE,,"{""avg_cost_drag_r"": 0.0328632105309125, ""avg_exit_efficiency"": -4.3401694261328405, ""avg_fee_drag_r"": 0.0328632105309068, ""avg_mae_r"": 1.2816479108581176, ""avg_mfe_r"": 3.009251518245513, ""avg_r_loss"": -1.2184153141790297, ""avg_r_win"": 3.3153104362058605, ""avg_slippage_drag_r"": 0.0164301863514488, ""avg_spread_drag_r"": NaN, ""bucket"": ""entry_state_vol_pctile_b1__entry_state_spread_proxy_pctile_b2"", ""cost_drag_to_ev_ratio"": 0.1133395815653701, ""dataset_type"": ""volatile"", ""ev_r_gross"": 0.3228167296548407, ""ev_r_net"": 0.2899535191239281, ""experiment_id"": ""b59f82c3-ea8b-4ae2-b31e-b59e5497824e"", ""experiment_root"": ""outputs/tier2/l1_h11a_parallel_vol"", ""finding_score"": 7.349420944378354, ""finding_type"": ""EXIT_FAILURE_STATE"", ""hypothesis_id"": ""4f534213-d8ba-48e0-87ce-9b2985954148"", ""hypothesis_name"": ""l1_h11a_volatile"", ""max_r"": 202.497290222618, ""median_mae_r"": 1.105479784875, ""median_mfe_r"": 1.208522498173, ""median_r_net"": -0.6442646974299999, ""min_r"": -10.081717647244, ""n_trades"": 2630, ""p25_r"": -1.268477651763, ""p75_r"": 0.476864872595, ""p95_r"": 3.998316198485448, ""p99_r"": 9.189732907545, ""payoff_ratio"": 2.721001942133108, ""sample_score"": 7.875119281040293, ""state_variable"": ""vol_x_liquidity"", ""tail_10r_count"": 22, ""tail_10r_rate"": 0.0083650190114068, ""tail_2r_count"": 302, ""tail_2r_rate"": 0.114828897338403, ""tail_3r_count"": 181, ""tail_3r_rate"": 0.0688212927756654, ""tail_5r_count"": 98, ""tail_5r_rate"": 0.0372623574144486, ""weak_sample"": false, ""win_rate"": 0.3326996197718631}",research/state_findings/tier2/l1_h11a_combined_state_findings.csv,2026-06-23T01:08:35+00:00
ed331c46d4d479a3c26b5ee0fa285ff742c9bdb9,vol_x_liquidity,entry_state_vol_pctile_b1__entry_state_spread_proxy_pctile_b2,,,l1_h11a_volatile,volatile,,2630,0.2899535191,0.3228167297,,3.9983161985,9.1897329075,202.4972902226,-10.0817176472,0.0688212928,0.0372623574,0.008365019,3.0092515182,1.2816479109,-4.3401694261,0.0328632105,EXIT_FAILURE_STATE,,"{""avg_cost_drag_r"": 0.0328632105, ""avg_exit_efficiency"": -4.3401694261, ""avg_fee_drag_r"": 0.0328632105, ""avg_mae_r"": 1.2816479109, ""avg_mfe_r"": 3.0092515182, ""avg_r_loss"": -1.2184153142, ""avg_r_win"": 3.3153104362, ""avg_slippage_drag_r"": 0.0164301864, ""avg_spread_drag_r"": null, ""bucket"": ""entry_state_vol_pctile_b1__entry_state_spread_proxy_pctile_b2"", ""cost_drag_to_ev_ratio"": 0.1133395816, ""dataset_type"": ""volatile"", ""ev_r_gross"": 0.3228167297, ""ev_r_net"": 0.2899535191, ""experiment_id"": ""b59f82c3-ea8b-4ae2-b31e-b59e5497824e"", ""experiment_root"": ""outputs/tier2/l1_h11a_parallel_vol"", ""finding_score"": 7.3494209444, ""finding_type"": ""EXIT_FAILURE_STATE"", ""hypothesis_id"": ""4f534213-d8ba-48e0-87ce-9b2985954148"", ""hypothesis_name"": ""l1_h11a_volatile"", ""max_r"": 202.4972902226, ""median_mae_r"": 1.1054797849, ""median_mfe_r"": 1.2085224982, ""median_r_net"": -0.6442646974, ""min_r"": -10.0817176472, ""n_trades"": 2630, ""p25_r"": -1.2684776518, ""p75_r"": 0.4768648726, ""p95_r"": 3.9983161985, ""p99_r"": 9.1897329075, ""payoff_ratio"": 2.7210019421, ""sample_score"": 7.875119281, ""state_variable"": ""vol_x_liquidity"", ""tail_10r_count"": 22, ""tail_10r_rate"": 0.008365019, ""tail_2r_count"": 302, ""tail_2r_rate"": 0.1148288973, ""tail_3r_count"": 181, ""tail_3r_rate"": 0.0688212928, ""tail_5r_count"": 98, ""tail_5r_rate"": 0.0372623574, ""weak_sample"": false, ""win_rate"": 0.3326996198}",research/state_findings/tier2/l1_h11a_combined_state_findings.json,2026-06-23T01:08:35+00:00
1a0bd470156401bf9aaf903829de4c27068eac32,spread_pctile,high,,quality_filtered_continuation,l1_h11a,vol,tier2,5061,0.2763542565061138,,-0.63275216892,4.341353693612,9.734474078482073,399.030517392628,-17.347397066973,0.07804781663702826,0.04030823947836396,0.009286702232760324,2.9248957360706185,1.3152084393093817,-21.46439403437089,0.032621392844385894,POSITIVE_EDGE_STATE,1.0,"{""avg_cost_drag_r"": 0.032621392844385894, ""avg_exit_efficiency"": -21.46439403437089, ""avg_mae_r"": 1.3152084393093817, ""avg_mfe_r"": 2.9248957360706185, ""bucket"": ""high"", ""confidence_score"": 1.0, ""created_at"": ""2026-06-23T01:08:33+00:00"", ""dataset_type"": ""vol"", ""ev_r_gross"": null, ""ev_r_net"": 0.2763542565061138, ""finding_type"": ""POSITIVE_EDGE_STATE"", ""hypothesis_name"": ""l1_h11a"", ""id"": ""1a0bd470156401bf9aaf903829de4c27068eac32"", ""joint_key"": null, ""max_r"": 399.030517392628, ""median_r"": -0.63275216892, ""min_r"": -17.347397066973, ""n_trades"": 5061, ""p95_r"": 4.341353693612, ""p99_r"": 9.734474078482073, ""phase"": ""tier2"", ""run_count"": 24, ""setup_class"": ""quality_filtered_continuation"", ""source"": ""trade_aggregate"", ""source_path"": ""trade_aggregate"", ""state_key"": ""spread_pctile"", ""tail_10r_rate"": 0.009286702232760324, ""tail_3r_rate"": 0.07804781663702826, ""tail_5r_rate"": 0.04030823947836396}",trade_aggregate,2026-06-23T01:08:33+00:00
beb4eea15a28b81c2e66439fae9db2f920311f21,csi_x_vol,entry_state_csi_pctile_b3__entry_state_vol_pctile_b3,,,l1_h11a_volatile,volatile,,2387,0.274017882626444,0.3094812956916146,,4.147580134661696,10.051351131114435,491.238812219363,-7.984943722385,0.0737327188940092,0.0402178466694595,0.0104733975701717,2.9094324718078965,1.3261349891540537,-6.33487349658476,0.0354634130651705,EXIT_FAILURE_STATE,,"{""avg_cost_drag_r"": 0.0354634130651705, ""avg_exit_efficiency"": -6.33487349658476, ""avg_fee_drag_r"": 0.0354634130651666, ""avg_mae_r"": 1.3261349891540537, ""avg_mfe_r"": 2.9094324718078965, ""avg_r_loss"": -1.263226350994338, ""avg_r_win"": 3.405224012431624, ""avg_slippage_drag_r"": 0.0177315226007311, ""avg_spread_drag_r"": NaN, ""bucket"": ""entry_state_csi_pctile_b3__entry_state_vol_pctile_b3"", ""cost_drag_to_ev_ratio"": 0.1294200682278687, ""dataset_type"": ""volatile"", ""ev_r_gross"": 0.3094812956916146, ""ev_r_net"": 0.274017882626444, ""experiment_id"": ""b59f82c3-ea8b-4ae2-b31e-b59e5497824e"", ""experiment_root"": ""outputs/tier2/l1_h11a_parallel_vol"", ""finding_score"": 9.244305968392656, ""finding_type"": ""EXIT_FAILURE_STATE"", ""hypothesis_id"": ""4f534213-d8ba-48e0-87ce-9b2985954148"", ""hypothesis_name"": ""l1_h11a_volatile"", ""max_r"": 491.238812219363, ""median_mae_r"": 1.128017317301, ""median_mfe_r"": 1.234196088113, ""median_r_net"": -0.567290390372, ""min_r"": -7.984943722385, ""n_trades"": 2387, ""p25_r"": -1.3463952324865, ""p75_r"": 0.420674364403, ""p95_r"": 4.147580134661696, ""p99_r"": 10.051351131114435, ""payoff_ratio"": 2.6956562533319786, ""sample_score"": 7.778211474512493, ""state_variable"": ""csi_x_vol"", ""tail_10r_count"": 25, ""tail_10r_rate"": 0.0104733975701717, ""tail_2r_count"": 261, ""tail_2r_rate"": 0.1093422706325932, ""tail_3r_count"": 176, ""tail_3r_rate"": 0.0737327188940092, ""tail_5r_count"": 96, ""tail_5r_rate"": 0.0402178466694595, ""weak_sample"": false, ""win_rate"": 0.3292836196062002}",research/state_findings/tier2/l1_h11a_combined_state_findings.csv,2026-06-23T01:08:35+00:00
a1323a4d75da8291014c9fdfb085c80d09b3b5db,csi_x_vol,entry_state_csi_pctile_b3__entry_state_vol_pctile_b3,,,l1_h11a_volatile,volatile,,2387,0.2740178826,0.3094812957,,4.1475801347,10.0513511311,491.2388122194,-7.9849437224,0.0737327189,0.0402178467,0.0104733976,2.9094324718,1.3261349892,-6.3348734966,0.0354634131,EXIT_FAILURE_STATE,,"{""avg_cost_drag_r"": 0.0354634131, ""avg_exit_efficiency"": -6.3348734966, ""avg_fee_drag_r"": 0.0354634131, ""avg_mae_r"": 1.3261349892, ""avg_mfe_r"": 2.9094324718, ""avg_r_loss"": -1.263226351, ""avg_r_win"": 3.4052240124, ""avg_slippage_drag_r"": 0.0177315226, ""avg_spread_drag_r"": null, ""bucket"": ""entry_state_csi_pctile_b3__entry_state_vol_pctile_b3"", ""cost_drag_to_ev_ratio"": 0.1294200682, ""dataset_type"": ""volatile"", ""ev_r_gross"": 0.3094812957, ""ev_r_net"": 0.2740178826, ""experiment_id"": ""b59f82c3-ea8b-4ae2-b31e-b59e5497824e"", ""experiment_root"": ""outputs/tier2/l1_h11a_parallel_vol"", ""finding_score"": 9.2443059684, ""finding_type"": ""EXIT_FAILURE_STATE"", ""hypothesis_id"": ""4f534213-d8ba-48e0-87ce-9b2985954148"", ""hypothesis_name"": ""l1_h11a_volatile"", ""max_r"": 491.2388122194, ""median_mae_r"": 1.1280173173, ""median_mfe_r"": 1.2341960881, ""median_r_net"": -0.5672903904, ""min_r"": -7.9849437224, ""n_trades"": 2387, ""p25_r"": -1.3463952325, ""p75_r"": 0.4206743644, ""p95_r"": 4.1475801347, ""p99_r"": 10.0513511311, ""payoff_ratio"": 2.6956562533, ""sample_score"": 7.7782114745, ""state_variable"": ""csi_x_vol"", ""tail_10r_count"": 25, ""tail_10r_rate"": 0.0104733976, ""tail_2r_count"": 261, ""tail_2r_rate"": 0.1093422706, ""tail_3r_count"": 176, ""tail_3r_rate"": 0.0737327189, ""tail_5r_count"": 96, ""tail_5r_rate"": 0.0402178467, ""weak_sample"": false, ""win_rate"": 0.3292836196}",research/state_findings/tier2/l1_h11a_combined_state_findings.json,2026-06-23T01:08:35+00:00
fdef88fce0c6c8d6f8d6c9db1a985670f6521697,csi_x_basis,entry_state_csi_pctile_b2__entry_state_basis_pctile_b1,,,l1_h11a_volatile,volatile,,1358,0.2737410586299123,0.3070416481235449,,4.331409926397781,13.73849776129282,399.030517392628,-17.347397066973,0.0817378497790869,0.0456553755522827,0.0139911634756995,2.953590351300568,1.3749057055744138,-16.12037586221697,0.0333005894936325,BASIS_PREMIUM_EDGE_STATE,,"{""avg_cost_drag_r"": 0.0333005894936325, ""avg_exit_efficiency"": -16.12037586221697, ""avg_fee_drag_r"": 0.033300589493614, ""avg_mae_r"": 1.3749057055744138, ""avg_mfe_r"": 2.953590351300568, ""avg_r_loss"": -1.3394615804395271, ""avg_r_win"": 3.8030951891761977, ""avg_slippage_drag_r"": 0.0166486478906315, ""avg_spread_drag_r"": NaN, ""bucket"": ""entry_state_csi_pctile_b2__entry_state_basis_pctile_b1"", ""cost_drag_to_ev_ratio"": 0.1216499624144937, ""dataset_type"": ""volatile"", ""ev_r_gross"": 0.3070416481235449, ""ev_r_net"": 0.2737410586299123, ""experiment_id"": ""b59f82c3-ea8b-4ae2-b31e-b59e5497824e"", ""experiment_root"": ""outputs/tier2/l1_h11a_parallel_vol"", ""finding_score"": 2.0447800815149195, ""finding_type"": ""BASIS_PREMIUM_EDGE_STATE"", ""hypothesis_id"": ""4f534213-d8ba-48e0-87ce-9b2985954148"", ""hypothesis_name"": ""l1_h11a_volatile"", ""max_r"": 399.030517392628, ""median_mae_r"": 1.132326284754, ""median_mfe_r"": 1.2995513664015, ""median_r_net"": -0.7125758225245, ""min_r"": -17.347397066973, ""n_trades"": 1358, ""p25_r"": -1.346861265529, ""p75_r"": 0.35492355063375, ""p95_r"": 4.331409926397781, ""p99_r"": 13.73849776129282, ""payoff_ratio"": 2.839271573529015, ""sample_score"": 7.214504414151143, ""state_variable"": ""csi_x_basis"", ""tail_10r_count"": 19, ""tail_10r_rate"": 0.0139911634756995, ""tail_2r_count"": 179, ""tail_2r_rate"": 0.1318114874815905, ""tail_3r_count"": 111, ""tail_3r_rate"": 0.0817378497790869, ""tail_5r_count"": 62, ""tail_5r_rate"": 0.0456553755522827, ""weak_sample"": false, ""win_rate"": 0.3136966126656848}",research/state_findings/tier2/l1_h11a_combined_state_findings.csv,2026-06-23T01:08:35+00:00
dde8d8bb58efc564827b15c663541878d51df324,csi_x_basis,entry_state_csi_pctile_b2__entry_state_basis_pctile_b1,,,l1_h11a_volatile,volatile,,1358,0.2737410586,0.3070416481,,4.3314099264,13.7384977613,399.0305173926,-17.347397067,0.0817378498,0.0456553756,0.0139911635,2.9535903513,1.3749057056,-16.1203758622,0.0333005895,BASIS_PREMIUM_EDGE_STATE,,"{""avg_cost_drag_r"": 0.0333005895, ""avg_exit_efficiency"": -16.1203758622, ""avg_fee_drag_r"": 0.0333005895, ""avg_mae_r"": 1.3749057056, ""avg_mfe_r"": 2.9535903513, ""avg_r_loss"": -1.3394615804, ""avg_r_win"": 3.8030951892, ""avg_slippage_drag_r"": 0.0166486479, ""avg_spread_drag_r"": null, ""bucket"": ""entry_state_csi_pctile_b2__entry_state_basis_pctile_b1"", ""cost_drag_to_ev_ratio"": 0.1216499624, ""dataset_type"": ""volatile"", ""ev_r_gross"": 0.3070416481, ""ev_r_net"": 0.2737410586, ""experiment_id"": ""b59f82c3-ea8b-4ae2-b31e-b59e5497824e"", ""experiment_root"": ""outputs/tier2/l1_h11a_parallel_vol"", ""finding_score"": 2.0447800815, ""finding_type"": ""BASIS_PREMIUM_EDGE_STATE"", ""hypothesis_id"": ""4f534213-d8ba-48e0-87ce-9b2985954148"", ""hypothesis_name"": ""l1_h11a_volatile"", ""max_r"": 399.0305173926, ""median_mae_r"": 1.1323262848, ""median_mfe_r"": 1.2995513664, ""median_r_net"": -0.7125758225, ""min_r"": -17.347397067, ""n_trades"": 1358, ""p25_r"": -1.3468612655, ""p75_r"": 0.3549235506, ""p95_r"": 4.3314099264, ""p99_r"": 13.7384977613, ""payoff_ratio"": 2.8392715735, ""sample_score"": 7.2145044142, ""state_variable"": ""csi_x_basis"", ""tail_10r_count"": 19, ""tail_10r_rate"": 0.0139911635, ""tail_2r_count"": 179, ""tail_2r_rate"": 0.1318114875, ""tail_3r_count"": 111, ""tail_3r_rate"": 0.0817378498, ""tail_5r_count"": 62, ""tail_5r_rate"": 0.0456553756, ""weak_sample"": false, ""win_rate"": 0.3136966127}",research/state_findings/tier2/l1_h11a_combined_state_findings.json,2026-06-23T01:08:35+00:00
b1c72562f9b7f07c7a624950b64282c2bb595edc,funding_x_basis,entry_state_funding_pctile_b0__entry_state_basis_pctile_b1,,,l1_h11a_volatile,volatile,,1088,0.2720971499144844,0.3031890660512535,,3.694895967627896,7.51561830630905,399.030517392628,-10.423768000982,0.072610294117647,0.0275735294117647,0.0064338235294117,2.708390975238762,1.2823012646529155,-4.505560416896556,0.0310919161367693,FUNDING_EXTREME_EDGE_STATE,,"{""avg_cost_drag_r"": 0.0310919161367693, ""avg_exit_efficiency"": -4.505560416896556, ""avg_fee_drag_r"": 0.0310919161367595, ""avg_mae_r"": 1.2823012646529155, ""avg_mfe_r"": 2.708390975238762, ""avg_r_loss"": -1.249030628986034, ""avg_r_win"": 3.0947673328086216, ""avg_slippage_drag_r"": 0.0155465372559929, ""avg_spread_drag_r"": NaN, ""bucket"": ""entry_state_funding_pctile_b0__entry_state_basis_pctile_b1"", ""cost_drag_to_ev_ratio"": 0.1142677023502119, ""dataset_type"": ""volatile"", ""ev_r_gross"": 0.3031890660512535, ""ev_r_net"": 0.2720971499144844, ""experiment_id"": ""b59f82c3-ea8b-4ae2-b31e-b59e5497824e"", ""experiment_root"": ""outputs/tier2/l1_h11a_parallel_vol"", ""finding_score"": 1.9511122026611505, ""finding_type"": ""FUNDING_EXTREME_EDGE_STATE"", ""hypothesis_id"": ""4f534213-d8ba-48e0-87ce-9b2985954148"", ""hypothesis_name"": ""l1_h11a_volatile"", ""max_r"": 399.030517392628, ""median_mae_r"": 1.0893215010135, ""median_mfe_r"": 1.2787762424604998, ""median_r_net"": -0.599953855504, ""min_r"": -10.423768000982, ""n_trades"": 1088, ""p25_r"": -1.270681977108, ""p75_r"": 0.5935427499545, ""p95_r"": 3.694895967627896, ""p99_r"": 7.51561830630905, ""payoff_ratio"": 2.477735342103629, ""sample_score"": 6.9930151229329605, ""state_variable"": ""funding_x_basis"", ""tail_10r_count"": 7, ""tail_10r_rate"": 0.0064338235294117, ""tail_2r_count"": 141, ""tail_2r_rate"": 0.1295955882352941, ""tail_3r_count"": 79, ""tail_3r_rate"": 0.072610294117647, ""tail_5r_count"": 30, ""tail_5r_rate"": 0.0275735294117647, ""weak_sample"": false, ""win_rate"": 0.3501838235294117}",research/state_findings/tier2/l1_h11a_combined_state_findings.csv,2026-06-23T01:08:35+00:00
75445211581e15009bbb9d016577addd484cedbf,funding_x_basis,entry_state_funding_pctile_b0__entry_state_basis_pctile_b1,,,l1_h11a_volatile,volatile,,1088,0.2720971499,0.3031890661,,3.6948959676,7.5156183063,399.0305173926,-10.423768001,0.0726102941,0.0275735294,0.0064338235,2.7083909752,1.2823012647,-4.5055604169,0.0310919161,FUNDING_EXTREME_EDGE_STATE,,"{""avg_cost_drag_r"": 0.0310919161, ""avg_exit_efficiency"": -4.5055604169, ""avg_fee_drag_r"": 0.0310919161, ""avg_mae_r"": 1.2823012647, ""avg_mfe_r"": 2.7083909752, ""avg_r_loss"": -1.249030629, ""avg_r_win"": 3.0947673328, ""avg_slippage_drag_r"": 0.0155465373, ""avg_spread_drag_r"": null, ""bucket"": ""entry_state_funding_pctile_b0__entry_state_basis_pctile_b1"", ""cost_drag_to_ev_ratio"": 0.1142677024, ""dataset_type"": ""volatile"", ""ev_r_gross"": 0.3031890661, ""ev_r_net"": 0.2720971499, ""experiment_id"": ""b59f82c3-ea8b-4ae2-b31e-b59e5497824e"", ""experiment_root"": ""outputs/tier2/l1_h11a_parallel_vol"", ""finding_score"": 1.9511122027, ""finding_type"": ""FUNDING_EXTREME_EDGE_STATE"", ""hypothesis_id"": ""4f534213-d8ba-48e0-87ce-9b2985954148"", ""hypothesis_name"": ""l1_h11a_volatile"", ""max_r"": 399.0305173926, ""median_mae_r"": 1.089321501, ""median_mfe_r"": 1.2787762425, ""median_r_net"": -0.5999538555, ""min_r"": -10.423768001, ""n_trades"": 1088, ""p25_r"": -1.2706819771, ""p75_r"": 0.59354275, ""p95_r"": 3.6948959676, ""p99_r"": 7.5156183063, ""payoff_ratio"": 2.4777353421, ""sample_score"": 6.9930151229, ""state_variable"": ""funding_x_basis"", ""tail_10r_count"": 7, ""tail_10r_rate"": 0.0064338235, ""tail_2r_count"": 141, ""tail_2r_rate"": 0.1295955882, ""tail_3r_count"": 79, ""tail_3r_rate"": 0.0726102941, ""tail_5r_count"": 30, ""tail_5r_rate"": 0.0275735294, ""weak_sample"": false, ""win_rate"": 0.3501838235}",research/state_findings/tier2/l1_h11a_combined_state_findings.json,2026-06-23T01:08:35+00:00
3c504798ff76cc0821fbbbfb2826a2aa51fc8ab2,entry_state_volume_pctile,entry_state_volume_pctile_b2,,,l1_h11a_volatile,volatile,,6830,0.2648452968330161,0.2971398828407057,,3.8251753822304,9.25238978127111,491.238812219363,-17.347397066973,0.0660322108345534,0.0345534407027818,0.0084919472913616,2.966605037321514,1.3580291505748665,-20.60100828056856,0.0322945860076896,EXIT_FAILURE_STATE,,"{""avg_cost_drag_r"": 0.0322945860076896, ""avg_exit_efficiency"": -20.60100828056856, ""avg_fee_drag_r"": 0.032294586007691, ""avg_mae_r"": 1.3580291505748665, ""avg_mfe_r"": 2.966605037321514, ""avg_r_loss"": -1.2843655034308736, ""avg_r_win"": 3.660078312364625, ""avg_slippage_drag_r"": 0.0161462744997857, ""avg_spread_drag_r"": NaN, ""bucket"": ""entry_state_volume_pctile_b2"", ""cost_drag_to_ev_ratio"": 0.1219375476697674, ""dataset_type"": ""volatile"", ""ev_r_gross"": 0.2971398828407057, ""ev_r_net"": 0.2648452968330161, ""experiment_id"": ""b59f82c3-ea8b-4ae2-b31e-b59e5497824e"", ""experiment_root"": ""outputs/tier2/l1_h11a_parallel_vol"", ""finding_score"": 23.56761331789007, ""finding_type"": ""EXIT_FAILURE_STATE"", ""hypothesis_id"": ""4f534213-d8ba-48e0-87ce-9b2985954148"", ""hypothesis_name"": ""l1_h11a_volatile"", ""max_r"": 491.238812219363, ""median_mae_r"": 1.1435890844955, ""median_mfe_r"": 1.1799761442194998, ""median_r_net"": -0.6623105304905, ""min_r"": -17.347397066973, ""n_trades"": 6830, ""p25_r"": -1.3446885856515, ""p75_r"": 0.420674364403, ""p95_r"": 3.8251753822304, ""p99_r"": 9.25238978127111, ""payoff_ratio"": 2.8497170802140093, ""sample_score"": 8.82922635473185, ""state_variable"": ""entry_state_volume_pctile"", ""tail_10r_count"": 58, ""tail_10r_rate"": 0.0084919472913616, ""tail_2r_count"": 768, ""tail_2r_rate"": 0.1124450951683748, ""tail_3r_count"": 451, ""tail_3r_rate"": 0.0660322108345534, ""tail_5r_count"": 236, ""tail_5r_rate"": 0.0345534407027818, ""weak_sample"": false, ""win_rate"": 0.3133235724743777}",research/state_findings/tier2/l1_h11a_combined_state_findings.csv,2026-06-23T01:08:35+00:00
26b9bddbd65830cd48ec290e89b0b8c9bb97a841,entry_state_volume_pctile,entry_state_volume_pctile_b2,,,l1_h11a_volatile,volatile,,6830,0.2648452968,0.2971398828,,3.8251753822,9.2523897813,491.2388122194,-17.347397067,0.0660322108,0.0345534407,0.0084919473,2.9666050373,1.3580291506,-20.6010082806,0.032294586,EXIT_FAILURE_STATE,,"{""avg_cost_drag_r"": 0.032294586, ""avg_exit_efficiency"": -20.6010082806, ""avg_fee_drag_r"": 0.032294586, ""avg_mae_r"": 1.3580291506, ""avg_mfe_r"": 2.9666050373, ""avg_r_loss"": -1.2843655034, ""avg_r_win"": 3.6600783124, ""avg_slippage_drag_r"": 0.0161462745, ""avg_spread_drag_r"": null, ""bucket"": ""entry_state_volume_pctile_b2"", ""cost_drag_to_ev_ratio"": 0.1219375477, ""dataset_type"": ""volatile"", ""ev_r_gross"": 0.2971398828, ""ev_r_net"": 0.2648452968, ""experiment_id"": ""b59f82c3-ea8b-4ae2-b31e-b59e5497824e"", ""experiment_root"": ""outputs/tier2/l1_h11a_parallel_vol"", ""finding_score"": 23.5676133179, ""finding_type"": ""EXIT_FAILURE_STATE"", ""hypothesis_id"": ""4f534213-d8ba-48e0-87ce-9b2985954148"", ""hypothesis_name"": ""l1_h11a_volatile"", ""max_r"": 491.2388122194, ""median_mae_r"": 1.1435890845, ""median_mfe_r"": 1.1799761442, ""median_r_net"": -0.6623105305, ""min_r"": -17.347397067, ""n_trades"": 6830, ""p25_r"": -1.3446885857, ""p75_r"": 0.4206743644, ""p95_r"": 3.8251753822, ""p99_r"": 9.2523897813, ""payoff_ratio"": 2.8497170802, ""sample_score"": 8.8292263547, ""state_variable"": ""entry_state_volume_pctile"", ""tail_10r_count"": 58, ""tail_10r_rate"": 0.0084919473, ""tail_2r_count"": 768, ""tail_2r_rate"": 0.1124450952, ""tail_3r_count"": 451, ""tail_3r_rate"": 0.0660322108, ""tail_5r_count"": 236, ""tail_5r_rate"": 0.0345534407, ""weak_sample"": false, ""win_rate"": 0.3133235725}",research/state_findings/tier2/l1_h11a_combined_state_findings.json,2026-06-23T01:08:35+00:00
d33e4e1dd4dca3df624774c8d550d4b9bdf45205,liquidity_x_funding,entry_state_spread_proxy_pctile_b0__entry_state_funding_pctile_b3,,,l1_h11a_volatile,volatile,,231,0.2589156732012424,0.2960416152467099,,3.5804599602205,27.2268658406067,27.868545617766,-3.555811171008,0.0562770562770562,0.0259740259740259,0.0259740259740259,2.48072930163442,1.5330066215412426,-1.4120442086857998,0.0371259420454675,FUNDING_EXTREME_EDGE_STATE,,"{""avg_cost_drag_r"": 0.0371259420454675, ""avg_exit_efficiency"": -1.4120442086857998, ""avg_fee_drag_r"": 0.0371259420454699, ""avg_mae_r"": 1.5330066215412426, ""avg_mfe_r"": 2.48072930163442, ""avg_r_loss"": -1.1730504486252922, ""avg_r_win"": 3.122847916854312, ""avg_slippage_drag_r"": 0.0185591764532338, ""avg_spread_drag_r"": NaN, ""bucket"": ""entry_state_spread_proxy_pctile_b0__entry_state_funding_pctile_b3"", ""cost_drag_to_ev_ratio"": 0.1433900914009611, ""dataset_type"": ""volatile"", ""ev_r_gross"": 0.2960416152467099, ""ev_r_net"": 0.2589156732012424, ""experiment_id"": ""b59f82c3-ea8b-4ae2-b31e-b59e5497824e"", ""experiment_root"": ""outputs/tier2/l1_h11a_parallel_vol"", ""finding_score"": 1.4457952564251688, ""finding_type"": ""FUNDING_EXTREME_EDGE_STATE"", ""hypothesis_id"": ""4f534213-d8ba-48e0-87ce-9b2985954148"", ""hypothesis_name"": ""l1_h11a_volatile"", ""max_r"": 27.868545617766, ""median_mae_r"": 1.195552434341, ""median_mfe_r"": 1.038385311912, ""median_r_net"": -0.511067326583, ""min_r"": -3.555811171008, ""n_trades"": 231, ""p25_r"": -1.442974725408, ""p75_r"": 0.2881382226965, ""p95_r"": 3.5804599602205, ""p99_r"": 27.2268658406067, ""payoff_ratio"": 2.662159944198482, ""sample_score"": 5.44673737166631, ""state_variable"": ""liquidity_x_funding"", ""tail_10r_count"": 6, ""tail_10r_rate"": 0.0259740259740259, ""tail_2r_count"": 21, ""tail_2r_rate"": 0.0909090909090909, ""tail_3r_count"": 13, ""tail_3r_rate"": 0.0562770562770562, ""tail_5r_count"": 6, ""tail_5r_rate"": 0.0259740259740259, ""weak_sample"": false, ""win_rate"": 0.3333333333333333}",research/state_findings/tier2/l1_h11a_combined_state_findings.csv,2026-06-23T01:08:35+00:00
171396f5d2519620bea00e3aeaff1ef1c0806e14,liquidity_x_funding,entry_state_spread_proxy_pctile_b0__entry_state_funding_pctile_b3,,,l1_h11a_volatile,volatile,,231,0.2589156732,0.2960416152,,3.5804599602,27.2268658406,27.8685456178,-3.555811171,0.0562770563,0.025974026,0.025974026,2.4807293016,1.5330066215,-1.4120442087,0.037125942,FUNDING_EXTREME_EDGE_STATE,,"{""avg_cost_drag_r"": 0.037125942, ""avg_exit_efficiency"": -1.4120442087, ""avg_fee_drag_r"": 0.037125942, ""avg_mae_r"": 1.5330066215, ""avg_mfe_r"": 2.4807293016, ""avg_r_loss"": -1.1730504486, ""avg_r_win"": 3.1228479169, ""avg_slippage_drag_r"": 0.0185591765, ""avg_spread_drag_r"": null, ""bucket"": ""entry_state_spread_proxy_pctile_b0__entry_state_funding_pctile_b3"", ""cost_drag_to_ev_ratio"": 0.1433900914, ""dataset_type"": ""volatile"", ""ev_r_gross"": 0.2960416152, ""ev_r_net"": 0.2589156732, ""experiment_id"": ""b59f82c3-ea8b-4ae2-b31e-b59e5497824e"", ""experiment_root"": ""outputs/tier2/l1_h11a_parallel_vol"", ""finding_score"": 1.4457952564, ""finding_type"": ""FUNDING_EXTREME_EDGE_STATE"", ""hypothesis_id"": ""4f534213-d8ba-48e0-87ce-9b2985954148"", ""hypothesis_name"": ""l1_h11a_volatile"", ""max_r"": 27.8685456178, ""median_mae_r"": 1.1955524343, ""median_mfe_r"": 1.0383853119, ""median_r_net"": -0.5110673266, ""min_r"": -3.555811171, ""n_trades"": 231, ""p25_r"": -1.4429747254, ""p75_r"": 0.2881382227, ""p95_r"": 3.5804599602, ""p99_r"": 27.2268658406, ""payoff_ratio"": 2.6621599442, ""sample_score"": 5.4467373717, ""state_variable"": ""liquidity_x_funding"", ""tail_10r_count"": 6, ""tail_10r_rate"": 0.025974026, ""tail_2r_count"": 21, ""tail_2r_rate"": 0.0909090909, ""tail_3r_count"": 13, ""tail_3r_rate"": 0.0562770563, ""tail_5r_count"": 6, ""tail_5r_rate"": 0.025974026, ""weak_sample"": false, ""win_rate"": 0.3333333333}",research/state_findings/tier2/l1_h11a_combined_state_findings.json,2026-06-23T01:08:35+00:00
7c358df2ed567422218ae9c9fd0eb1f6e91c9a82,displacement_x_liquidity,strong_impulse__entry_state_spread_proxy_pctile_b2,,,l1_h11a_volatile,volatile,,1631,0.2580693856358712,0.2901611338768509,,4.101874465818,9.90109497803652,399.030517392628,-16.993546426977,0.0705088902513795,0.0367872470876762,0.0104230533415082,3.0157795614182685,1.3440384572418735,-56.95637681511995,0.0320917482409797,EXIT_FAILURE_STATE,,"{""avg_cost_drag_r"": 0.0320917482409797, ""avg_exit_efficiency"": -56.95637681511995, ""avg_fee_drag_r"": 0.0320917482409539, ""avg_mae_r"": 1.3440384572418735, ""avg_mfe_r"": 3.0157795614182685, ""avg_r_loss"": -1.276662253386334, ""avg_r_win"": 3.5932741342502745, ""avg_slippage_drag_r"": 0.0160451878064449, ""avg_spread_drag_r"": NaN, ""bucket"": ""strong_impulse__entry_state_spread_proxy_pctile_b2"", ""cost_drag_to_ev_ratio"": 0.1243531779715256, ""dataset_type"": ""volatile"", ""ev_r_gross"": 0.2901611338768509, ""ev_r_net"": 0.2580693856358712, ""experiment_id"": ""b59f82c3-ea8b-4ae2-b31e-b59e5497824e"", ""experiment_root"": ""outputs/tier2/l1_h11a_parallel_vol"", ""finding_score"": 59.97215637653822, ""finding_type"": ""EXIT_FAILURE_STATE"", ""hypothesis_id"": ""4f534213-d8ba-48e0-87ce-9b2985954148"", ""hypothesis_name"": ""l1_h11a_volatile"", ""max_r"": 399.030517392628, ""median_mae_r"": 1.103793543979, ""median_mfe_r"": 1.20654684422, ""median_r_net"": -0.660623213648, ""min_r"": -16.993546426977, ""n_trades"": 1631, ""p25_r"": -1.299587521222, ""p75_r"": 0.310899927037, ""p95_r"": 4.101874465818, ""p99_r"": 9.90109497803652, ""payoff_ratio"": 2.81458476955761, ""sample_score"": 7.397561535524052, ""state_variable"": ""displacement_x_liquidity"", ""tail_10r_count"": 17, ""tail_10r_rate"": 0.0104230533415082, ""tail_2r_count"": 172, ""tail_2r_rate"": 0.1054567749846719, ""tail_3r_count"": 115, ""tail_3r_rate"": 0.0705088902513795, ""tail_5r_count"": 60, ""tail_5r_rate"": 0.0367872470876762, ""weak_sample"": false, ""win_rate"": 0.3151440833844267}",research/state_findings/tier2/l1_h11a_combined_exit_failure_states.csv,2026-06-23T01:08:35+00:00
141c4ebb9479f1fa6c8023d7d2bc693b5124ac12,displacement_x_liquidity,strong_impulse__entry_state_spread_proxy_pctile_b2,,,l1_h11a_volatile,volatile,,1631,0.2580693856358712,0.2901611338768509,,4.101874465818,9.90109497803652,399.030517392628,-16.993546426977,0.0705088902513795,0.0367872470876762,0.0104230533415082,3.0157795614182685,1.3440384572418735,-56.95637681511995,0.0320917482409797,EXIT_FAILURE_STATE,,"{""avg_cost_drag_r"": 0.0320917482409797, ""avg_exit_efficiency"": -56.95637681511995, ""avg_fee_drag_r"": 0.0320917482409539, ""avg_mae_r"": 1.3440384572418735, ""avg_mfe_r"": 3.0157795614182685, ""avg_r_loss"": -1.276662253386334, ""avg_r_win"": 3.5932741342502745, ""avg_slippage_drag_r"": 0.0160451878064449, ""avg_spread_drag_r"": NaN, ""bucket"": ""strong_impulse__entry_state_spread_proxy_pctile_b2"", ""cost_drag_to_ev_ratio"": 0.1243531779715256, ""dataset_type"": ""volatile"", ""ev_r_gross"": 0.2901611338768509, ""ev_r_net"": 0.2580693856358712, ""experiment_id"": ""b59f82c3-ea8b-4ae2-b31e-b59e5497824e"", ""experiment_root"": ""outputs/tier2/l1_h11a_parallel_vol"", ""finding_score"": 59.97215637653822, ""finding_type"": ""EXIT_FAILURE_STATE"", ""hypothesis_id"": ""4f534213-d8ba-48e0-87ce-9b2985954148"", ""hypothesis_name"": ""l1_h11a_volatile"", ""max_r"": 399.030517392628, ""median_mae_r"": 1.103793543979, ""median_mfe_r"": 1.20654684422, ""median_r_net"": -0.660623213648, ""min_r"": -16.993546426977, ""n_trades"": 1631, ""p25_r"": -1.299587521222, ""p75_r"": 0.310899927037, ""p95_r"": 4.101874465818, ""p99_r"": 9.90109497803652, ""payoff_ratio"": 2.81458476955761, ""sample_score"": 7.397561535524052, ""state_variable"": ""displacement_x_liquidity"", ""tail_10r_count"": 17, ""tail_10r_rate"": 0.0104230533415082, ""tail_2r_count"": 172, ""tail_2r_rate"": 0.1054567749846719, ""tail_3r_count"": 115, ""tail_3r_rate"": 0.0705088902513795, ""tail_5r_count"": 60, ""tail_5r_rate"": 0.0367872470876762, ""weak_sample"": false, ""win_rate"": 0.3151440833844267}",research/state_findings/tier2/l1_h11a_combined_state_findings.csv,2026-06-23T01:08:35+00:00
3de25c0ad9bf76ff6258cf44196cba3cd1205e1f,displacement_x_liquidity,strong_impulse__entry_state_spread_proxy_pctile_b2,,,l1_h11a_volatile,volatile,,1631,0.2580693856,0.2901611339,,4.1018744658,9.901094978,399.0305173926,-16.993546427,0.0705088903,0.0367872471,0.0104230533,3.0157795614,1.3440384572,-56.9563768151,0.0320917482,EXIT_FAILURE_STATE,,"{""avg_cost_drag_r"": 0.0320917482, ""avg_exit_efficiency"": -56.9563768151, ""avg_fee_drag_r"": 0.0320917482, ""avg_mae_r"": 1.3440384572, ""avg_mfe_r"": 3.0157795614, ""avg_r_loss"": -1.2766622534, ""avg_r_win"": 3.5932741343, ""avg_slippage_drag_r"": 0.0160451878, ""avg_spread_drag_r"": null, ""bucket"": ""strong_impulse__entry_state_spread_proxy_pctile_b2"", ""cost_drag_to_ev_ratio"": 0.124353178, ""dataset_type"": ""volatile"", ""ev_r_gross"": 0.2901611339, ""ev_r_net"": 0.2580693856, ""experiment_id"": ""b59f82c3-ea8b-4ae2-b31e-b59e5497824e"", ""experiment_root"": ""outputs/tier2/l1_h11a_parallel_vol"", ""finding_score"": 59.9721563765, ""finding_type"": ""EXIT_FAILURE_STATE"", ""hypothesis_id"": ""4f534213-d8ba-48e0-87ce-9b2985954148"", ""hypothesis_name"": ""l1_h11a_volatile"", ""max_r"": 399.0305173926, ""median_mae_r"": 1.103793544, ""median_mfe_r"": 1.2065468442, ""median_r_net"": -0.6606232136, ""min_r"": -16.993546427, ""n_trades"": 1631, ""p25_r"": -1.2995875212, ""p75_r"": 0.310899927, ""p95_r"": 4.1018744658, ""p99_r"": 9.901094978, ""payoff_ratio"": 2.8145847696, ""sample_score"": 7.3975615355, ""state_variable"": ""displacement_x_liquidity"", ""tail_10r_count"": 17, ""tail_10r_rate"": 0.0104230533, ""tail_2r_count"": 172, ""tail_2r_rate"": 0.105456775, ""tail_3r_count"": 115, ""tail_3r_rate"": 0.0705088903, ""tail_5r_count"": 60, ""tail_5r_rate"": 0.0367872471, ""weak_sample"": false, ""win_rate"": 0.3151440834}",research/state_findings/tier2/l1_h11a_combined_state_findings.json,2026-06-23T01:08:35+00:00
fd42fa7f1d475c549bcce72e7a7e9351fa8f1dc5,csi_x_vol,entry_state_csi_pctile_b2__entry_state_vol_pctile_b2,,,l1_h11a_volatile,volatile,,1628,0.2563860212,0.2905060176,,4.5545458482,12.9198722115,137.6142730183,-8.7491633233,0.0970515971,0.0448402948,0.0135135135,2.8124329304,1.3029869031,-19.3167734244,0.0341199964,EXIT_FAILURE_STATE,,"{""avg_cost_drag_r"": 0.0341199964, ""avg_exit_efficiency"": -19.3167734244, ""avg_fee_drag_r"": 0.0341199964, ""avg_mae_r"": 1.3029869031, ""avg_mfe_r"": 2.8124329304, ""avg_r_loss"": -1.2609042194, ""avg_r_win"": 3.2798099564, ""avg_slippage_drag_r"": 0.0170571554, ""avg_spread_drag_r"": null, ""bucket"": ""entry_state_csi_pctile_b2__entry_state_vol_pctile_b2"", ""cost_drag_to_ev_ratio"": 0.1330805645, ""dataset_type"": ""volatile"", ""ev_r_gross"": 0.2905060176, ""ev_r_net"": 0.2563860212, ""experiment_id"": ""b59f82c3-ea8b-4ae2-b31e-b59e5497824e"", ""experiment_root"": ""outputs/tier2/l1_h11a_parallel_vol"", ""finding_score"": 22.1292063549, ""finding_type"": ""EXIT_FAILURE_STATE"", ""hypothesis_id"": ""4f534213-d8ba-48e0-87ce-9b2985954148"", ""hypothesis_name"": ""l1_h11a_volatile"", ""max_r"": 137.6142730183, ""median_mae_r"": 1.1740596467, ""median_mfe_r"": 1.228947843, ""median_r_net"": -0.7558307186, ""min_r"": -8.7491633233, ""n_trades"": 1628, ""p25_r"": -1.3598102951, ""p75_r"": 0.5404626369, ""p95_r"": 4.5545458482, ""p99_r"": 12.9198722115, ""payoff_ratio"": 2.601157095, ""sample_score"": 7.3957216086, ""state_variable"": ""csi_x_vol"", ""tail_10r_count"": 22, ""tail_10r_rate"": 0.0135135135, ""tail_2r_count"": 221, ""tail_2r_rate"": 0.1357493857, ""tail_3r_count"": 158, ""tail_3r_rate"": 0.0970515971, ""tail_5r_count"": 73, ""tail_5r_rate"": 0.0448402948, ""weak_sample"": false, ""win_rate"": 0.3341523342}",research/state_findings/tier2/l1_h11a_combined_state_findings.json,2026-06-23T01:08:35+00:00
517772af74d5db40f7baa3f8e11ef2539823888e,csi_x_vol,entry_state_csi_pctile_b2__entry_state_vol_pctile_b2,,,l1_h11a_volatile,volatile,,1628,0.2563860211522727,0.2905060175660313,,4.554545848166124,12.919872211528,137.614273018255,-8.749163323296,0.097051597051597,0.0448402948402948,0.0135135135135135,2.8124329304314,1.3029869031447672,-19.316773424437237,0.0341199964137586,EXIT_FAILURE_STATE,,"{""avg_cost_drag_r"": 0.0341199964137586, ""avg_exit_efficiency"": -19.316773424437237, ""avg_fee_drag_r"": 0.0341199964137607, ""avg_mae_r"": 1.3029869031447672, ""avg_mfe_r"": 2.8124329304314, ""avg_r_loss"": -1.2609042194223348, ""avg_r_win"": 3.27980995641491, ""avg_slippage_drag_r"": 0.0170571554035676, ""avg_spread_drag_r"": NaN, ""bucket"": ""entry_state_csi_pctile_b2__entry_state_vol_pctile_b2"", ""cost_drag_to_ev_ratio"": 0.1330805644567262, ""dataset_type"": ""volatile"", ""ev_r_gross"": 0.2905060175660313, ""ev_r_net"": 0.2563860211522727, ""experiment_id"": ""b59f82c3-ea8b-4ae2-b31e-b59e5497824e"", ""experiment_root"": ""outputs/tier2/l1_h11a_parallel_vol"", ""finding_score"": 22.129206354868632, ""finding_type"": ""EXIT_FAILURE_STATE"", ""hypothesis_id"": ""4f534213-d8ba-48e0-87ce-9b2985954148"", ""hypothesis_name"": ""l1_h11a_volatile"", ""max_r"": 137.614273018255, ""median_mae_r"": 1.1740596466885, ""median_mfe_r"": 1.2289478430245, ""median_r_net"": -0.7558307185869999, ""min_r"": -8.749163323296, ""n_trades"": 1628, ""p25_r"": -1.35981029511975, ""p75_r"": 0.540462636915, ""p95_r"": 4.554545848166124, ""p99_r"": 12.919872211528, ""payoff_ratio"": 2.601157094959606, ""sample_score"": 7.395721608602045, ""state_variable"": ""csi_x_vol"", ""tail_10r_count"": 22, ""tail_10r_rate"": 0.0135135135135135, ""tail_2r_count"": 221, ""tail_2r_rate"": 0.1357493857493857, ""tail_3r_count"": 158, ""tail_3r_rate"": 0.097051597051597, ""tail_5r_count"": 73, ""tail_5r_rate"": 0.0448402948402948, ""weak_sample"": false, ""win_rate"": 0.3341523341523341}",research/state_findings/tier2/l1_h11a_combined_state_findings.csv,2026-06-23T01:08:35+00:00
367a97f32170a9b60d2082bb935d334607a8c8ea,funding_x_oi,entry_state_funding_pctile_b3__entry_state_oi_accel_pctile_b2,,,l1_h11a_stable,stable,,24,0.255659715034,0.3537260576864583,,2.0600234893303497,2.0600702805611,2.060084257162,-2.697098292707,0.0,0.0,0.0,2.668889491646167,0.93912678913875,-0.8780738921638637,0.0980663426524583,FRAGILE_STATE,,"{""avg_cost_drag_r"": 0.0980663426524583, ""avg_exit_efficiency"": -0.8780738921638637, ""avg_fee_drag_r"": 0.0980663426524565, ""avg_mae_r"": 0.93912678913875, ""avg_mfe_r"": 2.668889491646167, ""avg_r_loss"": -1.637683335456, ""avg_r_win"": 1.035271559353412, ""avg_slippage_drag_r"": 0.0490273005512695, ""avg_spread_drag_r"": NaN, ""bucket"": ""entry_state_funding_pctile_b3__entry_state_oi_accel_pctile_b2"", ""cost_drag_to_ev_ratio"": 0.3835815221784807, ""dataset_type"": ""stable"", ""ev_r_gross"": 0.3537260576864583, ""ev_r_net"": 0.255659715034, ""experiment_id"": ""36021d7e-455c-4270-b3ab-ec633b06cb05"", ""experiment_root"": ""outputs/tier2/l1_h11a_parallel_stable"", ""finding_score"": 0.7739037047894066, ""finding_type"": ""FRAGILE_STATE"", ""hypothesis_id"": ""4f534213-d8ba-48e0-87ce-9b2985954148"", ""hypothesis_name"": ""l1_h11a_stable"", ""max_r"": 2.060084257162, ""median_mae_r"": 0.7931312106145001, ""median_mfe_r"": 2.901005114895, ""median_r_net"": 0.730531309918, ""min_r"": -2.697098292707, ""n_trades"": 24, ""p25_r"": -0.8230816571285, ""p75_r"": 0.94562432060575, ""p95_r"": 2.0600234893303497, ""p99_r"": 2.0600702805611, ""payoff_ratio"": 0.6321561299059985, ""sample_score"": 3.218875824868201, ""state_variable"": ""funding_x_oi"", ""tail_10r_count"": 0, ""tail_10r_rate"": 0.0, ""tail_2r_count"": 4, ""tail_2r_rate"": 0.1666666666666666, ""tail_3r_count"": 0, ""tail_3r_rate"": 0.0, ""tail_5r_count"": 0, ""tail_5r_rate"": 0.0, ""weak_sample"": false, ""win_rate"": 0.7083333333333334}",research/state_findings/tier2/l1_h11a_combined_state_findings.csv,2026-06-23T01:08:35+00:00
